This is pdfTeX, Version 3.141592653-2.6-1.40.23 (TeX Live 2021/W32TeX) (preloaded format=pdflatex 2021.12.3)  15 JAN 2025 14:47
entering extended mode
 restricted \write18 enabled.
 %&-line parsing enabled.
**Supplementaryfile.tex
(./Supplementaryfile.tex
LaTeX2e <2021-11-15>
L3 programming layer <2021-11-22> (./IEEEtran.cls
Document Class: IEEEtran 2015/08/26 V1.8b by Michael Shell
-- See the "IEEEtran_HOWTO" manual for usage information.
-- http://www.michaelshell.org/tex/ieeetran/
\@IEEEtrantmpdimenA=\dimen138
\@IEEEtrantmpdimenB=\dimen139
\@IEEEtrantmpdimenC=\dimen140
\@IEEEtrantmpcountA=\count183
\@IEEEtrantmpcountB=\count184
\@IEEEtrantmpcountC=\count185
\@IEEEtrantmptoksA=\toks16
LaTeX Font Info:    Trying to load font information for OT1+ptm on input line 5
03.
(c:/texlive/2021/texmf-dist/tex/latex/psnfss/ot1ptm.fd
File: ot1ptm.fd 2001/06/04 font definitions for OT1/ptm.
)
** ATTENTION: Single column mode is not typically used with IEEE publications.
-- Using 8.5in x 11in (letter) paper.
-- Using PDF output.
\@IEEEnormalsizeunitybaselineskip=\dimen141
-- This is a 10 point document.
\CLASSINFOnormalsizebaselineskip=\dimen142
\CLASSINFOnormalsizeunitybaselineskip=\dimen143
\IEEEnormaljot=\dimen144
LaTeX Font Info:    Font shape `OT1/ptm/bx/n' in size <5> not available
(Font)              Font shape `OT1/ptm/b/n' tried instead on input line 1090.
LaTeX Font Info:    Font shape `OT1/ptm/bx/it' in size <5> not available
(Font)              Font shape `OT1/ptm/b/it' tried instead on input line 1090.

LaTeX Font Info:    Font shape `OT1/ptm/bx/n' in size <7> not available
(Font)              Font shape `OT1/ptm/b/n' tried instead on input line 1090.
LaTeX Font Info:    Font shape `OT1/ptm/bx/it' in size <7> not available
(Font)              Font shape `OT1/ptm/b/it' tried instead on input line 1090.

LaTeX Font Info:    Font shape `OT1/ptm/bx/n' in size <8> not available
(Font)              Font shape `OT1/ptm/b/n' tried instead on input line 1090.
LaTeX Font Info:    Font shape `OT1/ptm/bx/it' in size <8> not available
(Font)              Font shape `OT1/ptm/b/it' tried instead on input line 1090.

LaTeX Font Info:    Font shape `OT1/ptm/bx/n' in size <9> not available
(Font)              Font shape `OT1/ptm/b/n' tried instead on input line 1090.
LaTeX Font Info:    Font shape `OT1/ptm/bx/it' in size <9> not available
(Font)              Font shape `OT1/ptm/b/it' tried instead on input line 1090.

LaTeX Font Info:    Font shape `OT1/ptm/bx/n' in size <10> not available
(Font)              Font shape `OT1/ptm/b/n' tried instead on input line 1090.
LaTeX Font Info:    Font shape `OT1/ptm/bx/it' in size <10> not available
(Font)              Font shape `OT1/ptm/b/it' tried instead on input line 1090.

LaTeX Font Info:    Font shape `OT1/ptm/bx/n' in size <11> not available
(Font)              Font shape `OT1/ptm/b/n' tried instead on input line 1090.
LaTeX Font Info:    Font shape `OT1/ptm/bx/it' in size <11> not available
(Font)              Font shape `OT1/ptm/b/it' tried instead on input line 1090.

LaTeX Font Info:    Font shape `OT1/ptm/bx/n' in size <12> not available
(Font)              Font shape `OT1/ptm/b/n' tried instead on input line 1090.
LaTeX Font Info:    Font shape `OT1/ptm/bx/it' in size <12> not available
(Font)              Font shape `OT1/ptm/b/it' tried instead on input line 1090.

LaTeX Font Info:    Font shape `OT1/ptm/bx/n' in size <17> not available
(Font)              Font shape `OT1/ptm/b/n' tried instead on input line 1090.
LaTeX Font Info:    Font shape `OT1/ptm/bx/it' in size <17> not available
(Font)              Font shape `OT1/ptm/b/it' tried instead on input line 1090.

LaTeX Font Info:    Font shape `OT1/ptm/bx/n' in size <20> not available
(Font)              Font shape `OT1/ptm/b/n' tried instead on input line 1090.
LaTeX Font Info:    Font shape `OT1/ptm/bx/it' in size <20> not available
(Font)              Font shape `OT1/ptm/b/it' tried instead on input line 1090.

LaTeX Font Info:    Font shape `OT1/ptm/bx/n' in size <24> not available
(Font)              Font shape `OT1/ptm/b/n' tried instead on input line 1090.
LaTeX Font Info:    Font shape `OT1/ptm/bx/it' in size <24> not available
(Font)              Font shape `OT1/ptm/b/it' tried instead on input line 1090.

\IEEEquantizedlength=\dimen145
\IEEEquantizedlengthdiff=\dimen146
\IEEEquantizedtextheightdiff=\dimen147
\IEEEilabelindentA=\dimen148
\IEEEilabelindentB=\dimen149
\IEEEilabelindent=\dimen150
\IEEEelabelindent=\dimen151
\IEEEdlabelindent=\dimen152
\IEEElabelindent=\dimen153
\IEEEiednormlabelsep=\dimen154
\IEEEiedmathlabelsep=\dimen155
\IEEEiedtopsep=\skip47
\c@section=\count186
\c@subsection=\count187
\c@subsubsection=\count188
\c@paragraph=\count189
\c@IEEEsubequation=\count190
\abovecaptionskip=\skip48
\belowcaptionskip=\skip49
\c@figure=\count191
\c@table=\count192
\@IEEEeqnnumcols=\count193
\@IEEEeqncolcnt=\count194
\@IEEEsubeqnnumrollback=\count195
\@IEEEquantizeheightA=\dimen156
\@IEEEquantizeheightB=\dimen157
\@IEEEquantizeheightC=\dimen158
\@IEEEquantizeprevdepth=\dimen159
\@IEEEquantizemultiple=\count196
\@IEEEquantizeboxA=\box50
\@IEEEtmpitemindent=\dimen160
\IEEEPARstartletwidth=\dimen161
\c@IEEEbiography=\count197
\@IEEEtranrubishbin=\box51
) (c:/texlive/2021/texmf-dist/tex/latex/graphics/graphicx.sty
Package: graphicx 2021/09/16 v1.2d Enhanced LaTeX Graphics (DPC,SPQR)

(c:/texlive/2021/texmf-dist/tex/latex/graphics/keyval.sty
Package: keyval 2014/10/28 v1.15 key=value parser (DPC)
\KV@toks@=\toks17
)
(c:/texlive/2021/texmf-dist/tex/latex/graphics/graphics.sty
Package: graphics 2021/03/04 v1.4d Standard LaTeX Graphics (DPC,SPQR)

(c:/texlive/2021/texmf-dist/tex/latex/graphics/trig.sty
Package: trig 2021/08/11 v1.11 sin cos tan (DPC)
)
(c:/texlive/2021/texmf-dist/tex/latex/graphics-cfg/graphics.cfg
File: graphics.cfg 2016/06/04 v1.11 sample graphics configuration
)
Package graphics Info: Driver file: pdftex.def on input line 107.

(c:/texlive/2021/texmf-dist/tex/latex/graphics-def/pdftex.def
File: pdftex.def 2020/10/05 v1.2a Graphics/color driver for pdftex
))
\Gin@req@height=\dimen162
\Gin@req@width=\dimen163
)
(c:/texlive/2021/texmf-dist/tex/latex/url/url.sty
\Urlmuskip=\muskip16
Package: url 2013/09/16  ver 3.4  Verb mode for urls, etc.
)
(c:/texlive/2021/texmf-dist/tex/latex/cite/cite.sty
LaTeX Info: Redefining \cite on input line 302.
LaTeX Info: Redefining \nocite on input line 332.
Package: cite 2015/02/27  v 5.5
)
(c:/texlive/2021/texmf-dist/tex/latex/amsmath/amsmath.sty
Package: amsmath 2021/10/15 v2.17l AMS math features
\@mathmargin=\skip50

For additional information on amsmath, use the `?' option.
(c:/texlive/2021/texmf-dist/tex/latex/amsmath/amstext.sty
Package: amstext 2021/08/26 v2.01 AMS text

(c:/texlive/2021/texmf-dist/tex/latex/amsmath/amsgen.sty
File: amsgen.sty 1999/11/30 v2.0 generic functions
\@emptytoks=\toks18
\ex@=\dimen164
))
(c:/texlive/2021/texmf-dist/tex/latex/amsmath/amsbsy.sty
Package: amsbsy 1999/11/29 v1.2d Bold Symbols
\pmbraise@=\dimen165
)
(c:/texlive/2021/texmf-dist/tex/latex/amsmath/amsopn.sty
Package: amsopn 2021/08/26 v2.02 operator names
)
\inf@bad=\count198
LaTeX Info: Redefining \frac on input line 234.
\uproot@=\count199
\leftroot@=\count266
LaTeX Info: Redefining \overline on input line 399.
\classnum@=\count267
\DOTSCASE@=\count268
LaTeX Info: Redefining \ldots on input line 496.
LaTeX Info: Redefining \dots on input line 499.
LaTeX Info: Redefining \cdots on input line 620.
\Mathstrutbox@=\box52
\strutbox@=\box53
\big@size=\dimen166
LaTeX Font Info:    Redeclaring font encoding OML on input line 743.
LaTeX Font Info:    Redeclaring font encoding OMS on input line 744.
\macc@depth=\count269
\c@MaxMatrixCols=\count270
\dotsspace@=\muskip17
\c@parentequation=\count271
\dspbrk@lvl=\count272
\tag@help=\toks19
\row@=\count273
\column@=\count274
\maxfields@=\count275
\andhelp@=\toks20
\eqnshift@=\dimen167
\alignsep@=\dimen168
\tagshift@=\dimen169
\tagwidth@=\dimen170
\totwidth@=\dimen171
\lineht@=\dimen172
\@envbody=\toks21
\multlinegap=\skip51
\multlinetaggap=\skip52
\mathdisplay@stack=\toks22
LaTeX Info: Redefining \[ on input line 2938.
LaTeX Info: Redefining \] on input line 2939.
)
(c:/texlive/2021/texmf-dist/tex/latex/tools/enumerate.sty
Package: enumerate 2015/07/23 v3.00 enumerate extensions (DPC)
\@enLab=\toks23
)
(c:/texlive/2021/texmf-dist/tex/latex/multirow/multirow.sty
Package: multirow 2021/03/15 v2.8 Span multiple rows of a table
\multirow@colwidth=\skip53
\multirow@cntb=\count276
\multirow@dima=\skip54
\bigstrutjot=\dimen173
)
(c:/texlive/2021/texmf-dist/tex/latex/subfigure/subfigure.sty
Package: subfigure 2002/03/15 v2.1.5 subfigure package
\subfigtopskip=\skip55
\subfigcapskip=\skip56
\subfigcaptopadj=\dimen174
\subfigbottomskip=\skip57
\subfigcapmargin=\dimen175
\subfiglabelskip=\skip58
\c@subfigure=\count277
\c@lofdepth=\count278
\c@subtable=\count279
\c@lotdepth=\count280

****************************************
* Local config file subfigure.cfg used *
****************************************
(c:/texlive/2021/texmf-dist/tex/latex/subfigure/subfigure.cfg)
\subfig@top=\skip59
\subfig@bottom=\skip60
)
(c:/texlive/2021/texmf-dist/tex/latex/float/float.sty
Package: float 2001/11/08 v1.3d Float enhancements (AL)
\c@float@type=\count281
\float@exts=\toks24
\float@box=\box54
\@float@everytoks=\toks25
\@floatcapt=\box55
)
(c:/texlive/2021/texmf-dist/tex/latex/booktabs/booktabs.sty
Package: booktabs 2020/01/12 v1.61803398 Publication quality tables
\heavyrulewidth=\dimen176
\lightrulewidth=\dimen177
\cmidrulewidth=\dimen178
\belowrulesep=\dimen179
\belowbottomsep=\dimen180
\aboverulesep=\dimen181
\abovetopsep=\dimen182
\cmidrulesep=\dimen183
\cmidrulekern=\dimen184
\defaultaddspace=\dimen185
\@cmidla=\count282
\@cmidlb=\count283
\@aboverulesep=\dimen186
\@belowrulesep=\dimen187
\@thisruleclass=\count284
\@lastruleclass=\count285
\@thisrulewidth=\dimen188
)
(c:/texlive/2021/texmf-dist/tex/latex/epstopdf-pkg/epstopdf.sty
Package: epstopdf 2020-01-24 v2.11 Conversion with epstopdf on the fly (HO)

(c:/texlive/2021/texmf-dist/tex/generic/infwarerr/infwarerr.sty
Package: infwarerr 2019/12/03 v1.5 Providing info/warning/error messages (HO)
)
(c:/texlive/2021/texmf-dist/tex/latex/grfext/grfext.sty
Package: grfext 2019/12/03 v1.3 Manage graphics extensions (HO)

(c:/texlive/2021/texmf-dist/tex/generic/kvdefinekeys/kvdefinekeys.sty
Package: kvdefinekeys 2019-12-19 v1.6 Define keys (HO)
))
(c:/texlive/2021/texmf-dist/tex/latex/kvoptions/kvoptions.sty
Package: kvoptions 2020-10-07 v3.14 Key value format for package options (HO)

(c:/texlive/2021/texmf-dist/tex/generic/ltxcmds/ltxcmds.sty
Package: ltxcmds 2020-05-10 v1.25 LaTeX kernel commands for general use (HO)
)
(c:/texlive/2021/texmf-dist/tex/generic/kvsetkeys/kvsetkeys.sty
Package: kvsetkeys 2019/12/15 v1.18 Key value parser (HO)
))
(c:/texlive/2021/texmf-dist/tex/generic/pdftexcmds/pdftexcmds.sty
Package: pdftexcmds 2020-06-27 v0.33 Utility functions of pdfTeX for LuaTeX (HO
)

(c:/texlive/2021/texmf-dist/tex/generic/iftex/iftex.sty
Package: iftex 2020/03/06 v1.0d TeX engine tests
)
Package pdftexcmds Info: \pdf@primitive is available.
Package pdftexcmds Info: \pdf@ifprimitive is available.
Package pdftexcmds Info: \pdfdraftmode found.
)
(c:/texlive/2021/texmf-dist/tex/latex/epstopdf-pkg/epstopdf-base.sty
Package: epstopdf-base 2020-01-24 v2.11 Base part for package epstopdf
Package epstopdf-base Info: Redefining graphics rule for `.eps' on input line 4
85.
Package grfext Info: Graphics extension search list:
(grfext)             [.pdf,.png,.jpg,.mps,.jpeg,.jbig2,.jb2,.PDF,.PNG,.JPG,.JPE
G,.JBIG2,.JB2,.eps]
(grfext)             \AppendGraphicsExtensions on input line 504.

(c:/texlive/2021/texmf-dist/tex/latex/latexconfig/epstopdf-sys.cfg
File: epstopdf-sys.cfg 2010/07/13 v1.3 Configuration of (r)epstopdf for TeX Liv
e
)))
(c:/texlive/2021/texmf-dist/tex/latex/tools/multicol.sty
Package: multicol 2021/10/28 v1.9b multicolumn formatting (FMi)
\c@tracingmulticols=\count286
\mult@box=\box56
\multicol@leftmargin=\dimen189
\c@unbalance=\count287
\c@collectmore=\count288
\doublecol@number=\count289
\multicoltolerance=\count290
\multicolpretolerance=\count291
\full@width=\dimen190
\page@free=\dimen191
\premulticols=\dimen192
\postmulticols=\dimen193
\multicolsep=\skip61
\multicolbaselineskip=\skip62
\partial@page=\box57
\last@line=\box58
\maxbalancingoverflow=\dimen194
\mult@rightbox=\box59
\mult@grightbox=\box60
\mult@firstbox=\box61
\mult@gfirstbox=\box62
\@tempa=\box63
\@tempa=\box64
\@tempa=\box65
\@tempa=\box66
\@tempa=\box67
\@tempa=\box68
\@tempa=\box69
\@tempa=\box70
\@tempa=\box71
\@tempa=\box72
\@tempa=\box73
\@tempa=\box74
\@tempa=\box75
\@tempa=\box76
\@tempa=\box77
\@tempa=\box78
\@tempa=\box79
\@tempa=\box80
\@tempa=\box81
\@tempa=\box82
\@tempa=\box83
\@tempa=\box84
\@tempa=\box85
\@tempa=\box86
\@tempa=\box87
\@tempa=\box88
\@tempa=\box89
\@tempa=\box90
\@tempa=\box91
\@tempa=\box92
\@tempa=\box93
\@tempa=\box94
\@tempa=\box95
\@tempa=\box96
\@tempa=\box97
\@tempa=\box98
\c@minrows=\count292
\c@columnbadness=\count293
\c@finalcolumnbadness=\count294
\last@try=\dimen195
\multicolovershoot=\dimen196
\multicolundershoot=\dimen197
\mult@nat@firstbox=\box99
\colbreak@box=\box100
\mc@col@check@num=\count295
)
(c:/texlive/2021/texmf-dist/tex/latex/txfonts/txfonts.sty
Package: txfonts 2008/01/22 v3.2.1
LaTeX Font Info:    Redeclaring symbol font `operators' on input line 21.
LaTeX Font Info:    Overwriting symbol font `operators' in version `normal'
(Font)                  OT1/cmr/m/n --> OT1/txr/m/n on input line 21.
LaTeX Font Info:    Overwriting symbol font `operators' in version `bold'
(Font)                  OT1/cmr/bx/n --> OT1/txr/m/n on input line 21.
LaTeX Font Info:    Overwriting symbol font `operators' in version `bold'
(Font)                  OT1/txr/m/n --> OT1/txr/bx/n on input line 22.
\symitalic=\mathgroup4
LaTeX Font Info:    Overwriting symbol font `italic' in version `bold'
(Font)                  OT1/txr/m/it --> OT1/txr/bx/it on input line 26.
LaTeX Font Info:    Redeclaring math alphabet \mathbf on input line 29.
LaTeX Font Info:    Overwriting math alphabet `\mathbf' in version `normal'
(Font)                  OT1/cmr/bx/n --> OT1/txr/bx/n on input line 29.
LaTeX Font Info:    Overwriting math alphabet `\mathbf' in version `bold'
(Font)                  OT1/cmr/bx/n --> OT1/txr/bx/n on input line 29.
LaTeX Font Info:    Redeclaring math alphabet \mathit on input line 30.
LaTeX Font Info:    Overwriting math alphabet `\mathit' in version `normal'
(Font)                  OT1/cmr/m/it --> OT1/txr/m/it on input line 30.
LaTeX Font Info:    Overwriting math alphabet `\mathit' in version `bold'
(Font)                  OT1/cmr/bx/it --> OT1/txr/m/it on input line 30.
LaTeX Font Info:    Overwriting math alphabet `\mathit' in version `bold'
(Font)                  OT1/txr/m/it --> OT1/txr/bx/it on input line 31.
LaTeX Font Info:    Redeclaring math alphabet \mathsf on input line 40.
LaTeX Font Info:    Overwriting math alphabet `\mathsf' in version `normal'
(Font)                  OT1/cmss/m/n --> OT1/txss/m/n on input line 40.
LaTeX Font Info:    Overwriting math alphabet `\mathsf' in version `bold'
(Font)                  OT1/cmss/bx/n --> OT1/txss/m/n on input line 40.
LaTeX Font Info:    Overwriting math alphabet `\mathsf' in version `bold'
(Font)                  OT1/txss/m/n --> OT1/txss/b/n on input line 41.
LaTeX Font Info:    Redeclaring math alphabet \mathtt on input line 50.
LaTeX Font Info:    Overwriting math alphabet `\mathtt' in version `normal'
(Font)                  OT1/cmtt/m/n --> OT1/txtt/m/n on input line 50.
LaTeX Font Info:    Overwriting math alphabet `\mathtt' in version `bold'
(Font)                  OT1/cmtt/m/n --> OT1/txtt/m/n on input line 50.
LaTeX Font Info:    Overwriting math alphabet `\mathtt' in version `bold'
(Font)                  OT1/txtt/m/n --> OT1/txtt/b/n on input line 51.
LaTeX Font Info:    Redeclaring symbol font `letters' on input line 58.
LaTeX Font Info:    Overwriting symbol font `letters' in version `normal'
(Font)                  OML/cmm/m/it --> OML/txmi/m/it on input line 58.
LaTeX Font Info:    Overwriting symbol font `letters' in version `bold'
(Font)                  OML/cmm/b/it --> OML/txmi/m/it on input line 58.
LaTeX Font Info:    Overwriting symbol font `letters' in version `bold'
(Font)                  OML/txmi/m/it --> OML/txmi/bx/it on input line 59.
\symlettersA=\mathgroup5
LaTeX Font Info:    Overwriting symbol font `lettersA' in version `bold'
(Font)                  U/txmia/m/it --> U/txmia/bx/it on input line 67.
LaTeX Font Info:    Redeclaring symbol font `symbols' on input line 77.
LaTeX Font Info:    Overwriting symbol font `symbols' in version `normal'
(Font)                  OMS/cmsy/m/n --> OMS/txsy/m/n on input line 77.
LaTeX Font Info:    Overwriting symbol font `symbols' in version `bold'
(Font)                  OMS/cmsy/b/n --> OMS/txsy/m/n on input line 77.
LaTeX Font Info:    Overwriting symbol font `symbols' in version `bold'
(Font)                  OMS/txsy/m/n --> OMS/txsy/bx/n on input line 78.
\symAMSa=\mathgroup6
LaTeX Font Info:    Overwriting symbol font `AMSa' in version `bold'
(Font)                  U/txsya/m/n --> U/txsya/bx/n on input line 94.
\symAMSb=\mathgroup7
LaTeX Font Info:    Overwriting symbol font `AMSb' in version `bold'
(Font)                  U/txsyb/m/n --> U/txsyb/bx/n on input line 103.
\symsymbolsC=\mathgroup8
LaTeX Font Info:    Overwriting symbol font `symbolsC' in version `bold'
(Font)                  U/txsyc/m/n --> U/txsyc/bx/n on input line 113.
LaTeX Font Info:    Redeclaring symbol font `largesymbols' on input line 120.
LaTeX Font Info:    Overwriting symbol font `largesymbols' in version `normal'
(Font)                  OMX/cmex/m/n --> OMX/txex/m/n on input line 120.
LaTeX Font Info:    Overwriting symbol font `largesymbols' in version `bold'
(Font)                  OMX/cmex/m/n --> OMX/txex/m/n on input line 120.
LaTeX Font Info:    Overwriting symbol font `largesymbols' in version `bold'
(Font)                  OMX/txex/m/n --> OMX/txex/bx/n on input line 121.
\symlargesymbolsA=\mathgroup9
LaTeX Font Info:    Overwriting symbol font `largesymbolsA' in version `bold'
(Font)                  U/txexa/m/n --> U/txexa/bx/n on input line 129.
LaTeX Font Info:    Redeclaring math symbol \mathsterling on input line 164.
LaTeX Font Info:    Redeclaring math symbol \hbar on input line 591.
LaTeX Info: Redefining \not on input line 1043.
)
(c:/texlive/2021/texmf-dist/tex/latex/tools/bm.sty
Package: bm 2021/04/25 v1.2e Bold Symbol Support (DPC/FMi)
\symboldoperators=\mathgroup10
\symboldletters=\mathgroup11
\symboldsymbols=\mathgroup12
\symboldlargesymbols=\mathgroup13
LaTeX Font Info:    Redeclaring math alphabet \mathbf on input line 149.
)
(c:/texlive/2021/texmf-dist/tex/latex/supertabular/supertabular.sty
Package: supertabular 2020/02/02 v4.1g the supertabular environment
\c@tracingst=\count296
\ST@wd=\dimen198
\ST@rightskip=\skip63
\ST@leftskip=\skip64
\ST@parfillskip=\skip65
\ST@pageleft=\dimen199
\ST@headht=\dimen256
\ST@tailht=\dimen257
\ST@pagesofar=\dimen258
\ST@pboxht=\dimen259
\ST@lineht=\dimen260
\ST@prevht=\dimen261
\ST@toadd=\dimen262
\ST@dimen=\dimen263
\ST@pbox=\box101
)
(c:/texlive/2021/texmf-dist/tex/latex/tools/xr.sty
Package: xr 2020-05-10 v5.06 eXternal References (DPC)
)
(c:/texlive/2021/texmf-dist/tex/latex/makecell/makecell.sty
Package: makecell 2009/08/03 V0.1e Managing of Tab Column Heads and Cells

(c:/texlive/2021/texmf-dist/tex/latex/tools/array.sty
Package: array 2021/10/04 v2.5f Tabular extension package (FMi)
\col@sep=\dimen264
\ar@mcellbox=\box102
\extrarowheight=\dimen265
\NC@list=\toks26
\extratabsurround=\skip66
\backup@length=\skip67
\ar@cellbox=\box103
)
\rotheadsize=\dimen266
\c@nlinenum=\count297
\TeXr@lab=\toks27
)
(c:/texlive/2021/texmf-dist/tex/latex/changepage/changepage.sty
Package: changepage 2009/10/20 v1.0c check page and change page layout
\c@cp@cntr=\count298
\cp@tempcnt=\count299
)
(c:/texlive/2021/texmf-dist/tex/latex/bbding/bbding.sty
Package: bbding 1999/04/15 v1.01 Dingbats symbols
)
(c:/texlive/2021/texmf-dist/tex/latex/algorithm2e/algorithm2e.sty
Package: algorithm2e 2017/07/18 v5.2 algorithms environments
\c@AlgoLine=\count300

(c:/texlive/2021/texmf-dist/tex/latex/base/ifthen.sty
Package: ifthen 2020/11/24 v1.1c Standard LaTeX ifthen package (DPC)
)
\algocf@hangindent=\skip68

(c:/texlive/2021/texmf-dist/tex/latex/ifoddpage/ifoddpage.sty
Package: ifoddpage 2016/04/23 v1.1 Conditionals for odd/even page detection
\c@checkoddpage=\count301
LaTeX Info: Redefining \checkoddpage on input line 45.
)
(c:/texlive/2021/texmf-dist/tex/latex/tools/xspace.sty
Package: xspace 2014/10/28 v1.13 Space after command names (DPC,MH)
)
(c:/texlive/2021/texmf-dist/tex/latex/relsize/relsize.sty
Package: relsize 2013/03/29 ver 4.1
)
\skiptotal=\skip69
\skiplinenumber=\skip70
\skiprule=\skip71
\skiphlne=\skip72
\skiptext=\skip73
\skiplength=\skip74
\algomargin=\skip75
\skipalgocfslide=\skip76
\algowidth=\dimen267
\inoutsize=\dimen268
\inoutindent=\dimen269
\interspacetitleruled=\dimen270
\interspacealgoruled=\dimen271
\interspacetitleboxruled=\dimen272
\algocf@ruledwidth=\skip77
\algocf@inoutbox=\box104
\algocf@inputbox=\box105
\AlCapSkip=\skip78
\AlCapHSkip=\skip79
\algoskipindent=\skip80
\algocf@nlbox=\box106
\algocf@hangingbox=\box107
\algocf@untilbox=\box108
\algocf@skipuntil=\skip81
\algocf@capbox=\box109
\algocf@lcaptionbox=\skip82
\algoheightruledefault=\skip83
\algoheightrule=\skip84
\algotitleheightruledefault=\skip85
\algotitleheightrule=\skip86
\c@algocfline=\count302
\c@algocfproc=\count303
\c@algocf=\count304
\algocf@algoframe=\box110
\algocf@algobox=\box111
)
(c:/texlive/2021/texmf-dist/tex/latex/tools/longtable.sty
Package: longtable 2021-09-01 v4.17 Multi-page Table package (DPC)
\LTleft=\skip87
\LTright=\skip88
\LTpre=\skip89
\LTpost=\skip90
\LTchunksize=\count305
\LTcapwidth=\dimen273
\LT@head=\box112
\LT@firsthead=\box113
\LT@foot=\box114
\LT@lastfoot=\box115
\LT@gbox=\box116
\LT@cols=\count306
\LT@rows=\count307
\c@LT@tables=\count308
\c@LT@chunks=\count309
\LT@p@ftn=\toks28
)
(c:/texlive/2021/texmf-dist/tex/latex/graphics/color.sty
Package: color 2021/10/11 v1.3b Standard LaTeX Color (DPC)

(c:/texlive/2021/texmf-dist/tex/latex/graphics-cfg/color.cfg
File: color.cfg 2016/01/02 v1.6 sample color configuration
)
Package color Info: Driver file: pdftex.def on input line 149.
)
(c:/texlive/2021/texmf-dist/tex/latex/xcolor/xcolor.sty
Package: xcolor 2021/10/31 v2.13 LaTeX color extensions (UK)

(c:/texlive/2021/texmf-dist/tex/latex/graphics-cfg/color.cfg
File: color.cfg 2016/01/02 v1.6 sample color configuration
)
Package xcolor Info: Driver file: pdftex.def on input line 227.
LaTeX Info: Redefining \color on input line 711.
Package xcolor Info: Model `cmy' substituted by `cmy0' on input line 1352.
Package xcolor Info: Model `hsb' substituted by `rgb' on input line 1356.
Package xcolor Info: Model `RGB' extended on input line 1368.
Package xcolor Info: Model `HTML' substituted by `rgb' on input line 1370.
Package xcolor Info: Model `Hsb' substituted by `hsb' on input line 1371.
Package xcolor Info: Model `tHsb' substituted by `hsb' on input line 1372.
Package xcolor Info: Model `HSB' substituted by `hsb' on input line 1373.
Package xcolor Info: Model `Gray' substituted by `gray' on input line 1374.
Package xcolor Info: Model `wave' substituted by `hsb' on input line 1375.
)
LaTeX Font Info:    Trying to load font information for OT1+txr on input line 4
4.

(c:/texlive/2021/texmf-dist/tex/latex/txfonts/ot1txr.fd
File: ot1txr.fd 2000/12/15 v3.1
)
(c:/texlive/2021/texmf-dist/tex/latex/l3backend/l3backend-pdftex.def
File: l3backend-pdftex.def 2021-10-18 L3 backend support: PDF output (pdfTeX)
\l__color_backend_stack_int=\count310
\l__pdf_internal_box=\box117
)
(./Supplementaryfile.aux)
\openout1 = `Supplementaryfile.aux'.

LaTeX Font Info:    Checking defaults for OML/txmi/m/it on input line 44.
LaTeX Font Info:    Trying to load font information for OML+txmi on input line 
44.

(c:/texlive/2021/texmf-dist/tex/latex/txfonts/omltxmi.fd
File: omltxmi.fd 2000/12/15 v3.1
)
LaTeX Font Info:    ... okay on input line 44.
LaTeX Font Info:    Checking defaults for OMS/txsy/m/n on input line 44.
LaTeX Font Info:    Trying to load font information for OMS+txsy on input line 
44.

(c:/texlive/2021/texmf-dist/tex/latex/txfonts/omstxsy.fd
File: omstxsy.fd 2000/12/15 v3.1
)
LaTeX Font Info:    ... okay on input line 44.
LaTeX Font Info:    Checking defaults for OT1/cmr/m/n on input line 44.
LaTeX Font Info:    ... okay on input line 44.
LaTeX Font Info:    Checking defaults for T1/cmr/m/n on input line 44.
LaTeX Font Info:    ... okay on input line 44.
LaTeX Font Info:    Checking defaults for TS1/cmr/m/n on input line 44.
LaTeX Font Info:    ... okay on input line 44.
LaTeX Font Info:    Checking defaults for OMX/txex/m/n on input line 44.
LaTeX Font Info:    Trying to load font information for OMX+txex on input line 
44.

(c:/texlive/2021/texmf-dist/tex/latex/txfonts/omxtxex.fd
File: omxtxex.fd 2000/12/15 v3.1
)
LaTeX Font Info:    ... okay on input line 44.
LaTeX Font Info:    Checking defaults for U/txexa/m/n on input line 44.
LaTeX Font Info:    Trying to load font information for U+txexa on input line 4
4.

(c:/texlive/2021/texmf-dist/tex/latex/txfonts/utxexa.fd
File: utxexa.fd 2000/12/15 v3.1
)
LaTeX Font Info:    ... okay on input line 44.
LaTeX Font Info:    Font shape `OT1/txr/b/n' in size <5> not available
(Font)              Font shape `OT1/txr/bx/n' tried instead on input line 44.
LaTeX Font Info:    Font shape `OT1/txr/b/it' in size <5> not available
(Font)              Font shape `OT1/txr/bx/it' tried instead on input line 44.
LaTeX Font Info:    Font shape `OT1/txr/b/n' in size <7> not available
(Font)              Font shape `OT1/txr/bx/n' tried instead on input line 44.
LaTeX Font Info:    Font shape `OT1/txr/b/it' in size <7> not available
(Font)              Font shape `OT1/txr/bx/it' tried instead on input line 44.
LaTeX Font Info:    Font shape `OT1/txr/b/n' in size <8> not available
(Font)              Font shape `OT1/txr/bx/n' tried instead on input line 44.
LaTeX Font Info:    Font shape `OT1/txr/b/it' in size <8> not available
(Font)              Font shape `OT1/txr/bx/it' tried instead on input line 44.
LaTeX Font Info:    Font shape `OT1/txr/b/n' in size <9> not available
(Font)              Font shape `OT1/txr/bx/n' tried instead on input line 44.
LaTeX Font Info:    Font shape `OT1/txr/b/it' in size <9> not available
(Font)              Font shape `OT1/txr/bx/it' tried instead on input line 44.
LaTeX Font Info:    Font shape `OT1/txr/b/n' in size <10> not available
(Font)              Font shape `OT1/txr/bx/n' tried instead on input line 44.
LaTeX Font Info:    Font shape `OT1/txr/b/it' in size <10> not available
(Font)              Font shape `OT1/txr/bx/it' tried instead on input line 44.
LaTeX Font Info:    Font shape `OT1/txr/b/n' in size <11> not available
(Font)              Font shape `OT1/txr/bx/n' tried instead on input line 44.
LaTeX Font Info:    Font shape `OT1/txr/b/it' in size <11> not available
(Font)              Font shape `OT1/txr/bx/it' tried instead on input line 44.
LaTeX Font Info:    Font shape `OT1/txr/b/n' in size <12> not available
(Font)              Font shape `OT1/txr/bx/n' tried instead on input line 44.
LaTeX Font Info:    Font shape `OT1/txr/b/it' in size <12> not available
(Font)              Font shape `OT1/txr/bx/it' tried instead on input line 44.
LaTeX Font Info:    Font shape `OT1/txr/b/n' in size <17> not available
(Font)              Font shape `OT1/txr/bx/n' tried instead on input line 44.
LaTeX Font Info:    Font shape `OT1/txr/b/it' in size <17> not available
(Font)              Font shape `OT1/txr/bx/it' tried instead on input line 44.
LaTeX Font Info:    Font shape `OT1/txr/b/n' in size <20> not available
(Font)              Font shape `OT1/txr/bx/n' tried instead on input line 44.
LaTeX Font Info:    Font shape `OT1/txr/b/it' in size <20> not available
(Font)              Font shape `OT1/txr/bx/it' tried instead on input line 44.
LaTeX Font Info:    Font shape `OT1/txr/b/n' in size <24> not available
(Font)              Font shape `OT1/txr/bx/n' tried instead on input line 44.
LaTeX Font Info:    Font shape `OT1/txr/b/it' in size <24> not available
(Font)              Font shape `OT1/txr/bx/it' tried instead on input line 44.

-- Lines per column: 58 (exact).
(c:/texlive/2021/texmf-dist/tex/context/base/mkii/supp-pdf.mkii
[Loading MPS to PDF converter (version 2006.09.02).]
\scratchcounter=\count311
\scratchdimen=\dimen274
\scratchbox=\box118
\nofMPsegments=\count312
\nofMParguments=\count313
\everyMPshowfont=\toks29
\MPscratchCnt=\count314
\MPscratchDim=\dimen275
\MPnumerator=\count315
\makeMPintoPDFobject=\count316
\everyMPtoPDFconversion=\toks30
)
<./renda_1_b.pdf, id=1, 269.005pt x 661.47125pt>
File: ./renda_1_b.pdf Graphic file (type pdf)
<use ./renda_1_b.pdf>
Package pdftex.def Info: ./renda_1_b.pdf  used on input line 67.
(pdftex.def)             Requested size: 123.84172pt x 304.5227pt.
<./renda_2_b.pdf, id=2, 269.005pt x 661.47125pt>
File: ./renda_2_b.pdf Graphic file (type pdf)
<use ./renda_2_b.pdf>
Package pdftex.def Info: ./renda_2_b.pdf  used on input line 74.
(pdftex.def)             Requested size: 123.84172pt x 304.5227pt.
<./renda_3_b.pdf, id=3, 269.005pt x 661.47125pt>
File: ./renda_3_b.pdf Graphic file (type pdf)
<use ./renda_3_b.pdf>
Package pdftex.def Info: ./renda_3_b.pdf  used on input line 81.
(pdftex.def)             Requested size: 123.84172pt x 304.5227pt.
LaTeX Font Info:    Trying to load font information for U+txmia on input line 9
0.
 (c:/texlive/2021/texmf-dist/tex/latex/txfonts/utxmia.fd
File: utxmia.fd 2000/12/15 v3.1
)
LaTeX Font Info:    Trying to load font information for U+txsya on input line 9
0.

(c:/texlive/2021/texmf-dist/tex/latex/txfonts/utxsya.fd
File: utxsya.fd 2000/12/15 v3.1
)
LaTeX Font Info:    Trying to load font information for U+txsyb on input line 9
0.

(c:/texlive/2021/texmf-dist/tex/latex/txfonts/utxsyb.fd
File: utxsyb.fd 2000/12/15 v3.1
)
LaTeX Font Info:    Trying to load font information for U+txsyc on input line 9
0.

(c:/texlive/2021/texmf-dist/tex/latex/txfonts/utxsyc.fd
File: utxsyc.fd 2000/12/15 v3.1
) [1{c:/texlive/2021/texmf-var/fonts/map/pdftex/updmap/pdftex.map} <./renda_1_b
.pdf> <./renda_2_b.pdf> <./renda_3_b.pdf>]
<./F29_D30_L.pdf, id=116, 462.52798pt x 346.89601pt>
File: ./F29_D30_L.pdf Graphic file (type pdf)
<use ./F29_D30_L.pdf>
Package pdftex.def Info: ./F29_D30_L.pdf  used on input line 104.
(pdftex.def)             Requested size: 154.80157pt x 116.10104pt.
<./F29_D30_B.pdf, id=117, 1387.58403pt x 710.41411pt>
File: ./F29_D30_B.pdf Graphic file (type pdf)
<use ./F29_D30_B.pdf>
Package pdftex.def Info: ./F29_D30_B.pdf  used on input line 104.
(pdftex.def)             Requested size: 154.80157pt x 79.25146pt.
<./F29_D50_L.pdf, id=118, 462.52798pt x 346.89601pt>
File: ./F29_D50_L.pdf Graphic file (type pdf)
<use ./F29_D50_L.pdf>
Package pdftex.def Info: ./F29_D50_L.pdf  used on input line 111.
(pdftex.def)             Requested size: 154.80157pt x 116.10104pt.
<./F29_D50_B.pdf, id=119, 1387.58403pt x 710.41411pt>
File: ./F29_D50_B.pdf Graphic file (type pdf)
<use ./F29_D50_B.pdf>
Package pdftex.def Info: ./F29_D50_B.pdf  used on input line 111.
(pdftex.def)             Requested size: 154.80157pt x 79.25146pt.
<./F29_D100_L.pdf, id=120, 462.52798pt x 346.89601pt>
File: ./F29_D100_L.pdf Graphic file (type pdf)
<use ./F29_D100_L.pdf>
Package pdftex.def Info: ./F29_D100_L.pdf  used on input line 118.
(pdftex.def)             Requested size: 154.80157pt x 116.10104pt.
<./F29_D100_B.pdf, id=121, 1387.58403pt x 710.41411pt>
File: ./F29_D100_B.pdf Graphic file (type pdf)
<use ./F29_D100_B.pdf>
Package pdftex.def Info: ./F29_D100_B.pdf  used on input line 118.
(pdftex.def)             Requested size: 154.80157pt x 79.25146pt.
 [2 <./F29_D30_L.pdf> <./F29_D30_B.pdf> <./F29_D50_L.pdf> <./F29_D50_B.pdf> <./
F29_D100_L.pdf> <./F29_D100_B.pdf>]

LaTeX Warning: `h' float specifier changed to `ht'.


LaTeX Warning: `h' float specifier changed to `ht'.

[3] [4]
<./bbob/pprldmany_02D_noiselessall.pdf, id=481, 462.52798pt x 346.89601pt>
File: ./bbob/pprldmany_02D_noiselessall.pdf Graphic file (type pdf)
<use ./bbob/pprldmany_02D_noiselessall.pdf>
Package pdftex.def Info: ./bbob/pprldmany_02D_noiselessall.pdf  used on input l
ine 525.
(pdftex.def)             Requested size: 154.80157pt x 116.10104pt.
<./bbob/pprldmany_03D_noiselessall.pdf, id=482, 462.52798pt x 346.89601pt>
File: ./bbob/pprldmany_03D_noiselessall.pdf Graphic file (type pdf)
<use ./bbob/pprldmany_03D_noiselessall.pdf>
Package pdftex.def Info: ./bbob/pprldmany_03D_noiselessall.pdf  used on input l
ine 529.
(pdftex.def)             Requested size: 154.80157pt x 116.10104pt.
<./bbob/pprldmany_05D_noiselessall.pdf, id=483, 462.52798pt x 346.89601pt>
File: ./bbob/pprldmany_05D_noiselessall.pdf Graphic file (type pdf)
<use ./bbob/pprldmany_05D_noiselessall.pdf>
Package pdftex.def Info: ./bbob/pprldmany_05D_noiselessall.pdf  used on input l
ine 533.
(pdftex.def)             Requested size: 154.80157pt x 116.10104pt.
<./bbob/pprldmany_10D_noiselessall.pdf, id=484, 462.52798pt x 346.89601pt>
File: ./bbob/pprldmany_10D_noiselessall.pdf Graphic file (type pdf)
<use ./bbob/pprldmany_10D_noiselessall.pdf>
Package pdftex.def Info: ./bbob/pprldmany_10D_noiselessall.pdf  used on input l
ine 537.
(pdftex.def)             Requested size: 154.80157pt x 116.10104pt.
<./bbob/pprldmany_20D_noiselessall.pdf, id=485, 462.52798pt x 346.89601pt>
File: ./bbob/pprldmany_20D_noiselessall.pdf Graphic file (type pdf)
<use ./bbob/pprldmany_20D_noiselessall.pdf>
Package pdftex.def Info: ./bbob/pprldmany_20D_noiselessall.pdf  used on input l
ine 541.
(pdftex.def)             Requested size: 154.80157pt x 116.10104pt.
<./bbob/pprldmany_40D_noiselessall.pdf, id=486, 462.52798pt x 346.89601pt>
File: ./bbob/pprldmany_40D_noiselessall.pdf Graphic file (type pdf)
<use ./bbob/pprldmany_40D_noiselessall.pdf>
Package pdftex.def Info: ./bbob/pprldmany_40D_noiselessall.pdf  used on input l
ine 545.
(pdftex.def)             Requested size: 154.80157pt x 116.10104pt.
 [5]
<./bbob/pprldmany_10D_separ.pdf, id=490, 462.52798pt x 346.89601pt>
File: ./bbob/pprldmany_10D_separ.pdf Graphic file (type pdf)
<use ./bbob/pprldmany_10D_separ.pdf>
Package pdftex.def Info: ./bbob/pprldmany_10D_separ.pdf  used on input line 559
.
(pdftex.def)             Requested size: 154.80157pt x 116.10104pt.
<./bbob/pprldmany_10D_lcond.pdf, id=491, 462.52798pt x 346.89601pt>
File: ./bbob/pprldmany_10D_lcond.pdf Graphic file (type pdf)
<use ./bbob/pprldmany_10D_lcond.pdf>
Package pdftex.def Info: ./bbob/pprldmany_10D_lcond.pdf  used on input line 563
.
(pdftex.def)             Requested size: 154.80157pt x 116.10104pt.
<./bbob/pprldmany_10D_hcond.pdf, id=492, 462.52798pt x 346.89601pt>
File: ./bbob/pprldmany_10D_hcond.pdf Graphic file (type pdf)
<use ./bbob/pprldmany_10D_hcond.pdf>
Package pdftex.def Info: ./bbob/pprldmany_10D_hcond.pdf  used on input line 567
.
(pdftex.def)             Requested size: 154.80157pt x 116.10104pt.
<./bbob/pprldmany_10D_multi.pdf, id=493, 462.52798pt x 346.89601pt>
File: ./bbob/pprldmany_10D_multi.pdf Graphic file (type pdf)
<use ./bbob/pprldmany_10D_multi.pdf>
Package pdftex.def Info: ./bbob/pprldmany_10D_multi.pdf  used on input line 571
.
(pdftex.def)             Requested size: 154.80157pt x 116.10104pt.
<./bbob/pprldmany_10D_mult2.pdf, id=494, 462.52798pt x 346.89601pt>
File: ./bbob/pprldmany_10D_mult2.pdf Graphic file (type pdf)
<use ./bbob/pprldmany_10D_mult2.pdf>
Package pdftex.def Info: ./bbob/pprldmany_10D_mult2.pdf  used on input line 575
.
(pdftex.def)             Requested size: 154.80157pt x 116.10104pt.
File: ./bbob/pprldmany_10D_noiselessall.pdf Graphic file (type pdf)
<use ./bbob/pprldmany_10D_noiselessall.pdf>
Package pdftex.def Info: ./bbob/pprldmany_10D_noiselessall.pdf  used on input l
ine 579.
(pdftex.def)             Requested size: 154.80157pt x 116.10104pt.
 [6 <./bbob/pprldmany_02D_noiselessall.pdf> <./bbob/pprldmany_03D_noiselessall.
pdf> <./bbob/pprldmany_05D_noiselessall.pdf> <./bbob/pprldmany_10D_noiselessall
.pdf> <./bbob/pprldmany_20D_noiselessall.pdf> <./bbob/pprldmany_40D_noiselessal
l.pdf> <./bbob/pprldmany_10D_separ.pdf> <./bbob/pprldmany_10D_lcond.pdf> <./bbo
b/pprldmany_10D_hcond.pdf> <./bbob/pprldmany_10D_multi.pdf> <./bbob/pprldmany_1
0D_mult2.pdf>]
<./bbob/pprldmany_f004_03D.pdf, id=697, 462.52798pt x 346.89601pt>
File: ./bbob/pprldmany_f004_03D.pdf Graphic file (type pdf)
<use ./bbob/pprldmany_f004_03D.pdf>
Package pdftex.def Info: ./bbob/pprldmany_f004_03D.pdf  used on input line 592.

(pdftex.def)             Requested size: 154.80157pt x 116.10104pt.
<./bbob/pprldmany_f022_10D.pdf, id=698, 462.52798pt x 346.89601pt>
File: ./bbob/pprldmany_f022_10D.pdf Graphic file (type pdf)
<use ./bbob/pprldmany_f022_10D.pdf>
Package pdftex.def Info: ./bbob/pprldmany_f022_10D.pdf  used on input line 596.

(pdftex.def)             Requested size: 154.80157pt x 116.10104pt.
<./bbob/pprldmany_f023_20D.pdf, id=699, 462.52798pt x 346.89601pt>
File: ./bbob/pprldmany_f023_20D.pdf Graphic file (type pdf)
<use ./bbob/pprldmany_f023_20D.pdf>
Package pdftex.def Info: ./bbob/pprldmany_f023_20D.pdf  used on input line 600.

(pdftex.def)             Requested size: 154.80157pt x 116.10104pt.
<./bbob/pprldmany_f001_02D.pdf, id=700, 462.52798pt x 346.89601pt>
File: ./bbob/pprldmany_f001_02D.pdf Graphic file (type pdf)
<use ./bbob/pprldmany_f001_02D.pdf>
Package pdftex.def Info: ./bbob/pprldmany_f001_02D.pdf  used on input line 636.

(pdftex.def)             Requested size: 165.12378pt x 123.84499pt.
<./bbob/pprldmany_f002_02D.pdf, id=701, 462.52798pt x 346.89601pt>
File: ./bbob/pprldmany_f002_02D.pdf Graphic file (type pdf)
<use ./bbob/pprldmany_f002_02D.pdf>
Package pdftex.def Info: ./bbob/pprldmany_f002_02D.pdf  used on input line 640.

(pdftex.def)             Requested size: 165.12378pt x 123.84499pt.
<./bbob/pprldmany_f003_02D.pdf, id=702, 462.52798pt x 346.89601pt>
File: ./bbob/pprldmany_f003_02D.pdf Graphic file (type pdf)
<use ./bbob/pprldmany_f003_02D.pdf>
Package pdftex.def Info: ./bbob/pprldmany_f003_02D.pdf  used on input line 644.

(pdftex.def)             Requested size: 165.12378pt x 123.84499pt.
<./bbob/pprldmany_f004_02D.pdf, id=703, 462.52798pt x 346.89601pt>
File: ./bbob/pprldmany_f004_02D.pdf Graphic file (type pdf)
<use ./bbob/pprldmany_f004_02D.pdf>
Package pdftex.def Info: ./bbob/pprldmany_f004_02D.pdf  used on input line 655.

(pdftex.def)             Requested size: 165.12378pt x 123.84499pt.
<./bbob/pprldmany_f005_02D.pdf, id=704, 462.52798pt x 346.89601pt>
File: ./bbob/pprldmany_f005_02D.pdf Graphic file (type pdf)
<use ./bbob/pprldmany_f005_02D.pdf>
Package pdftex.def Info: ./bbob/pprldmany_f005_02D.pdf  used on input line 659.

(pdftex.def)             Requested size: 165.12378pt x 123.84499pt.
<./bbob/pprldmany_f006_02D.pdf, id=705, 462.52798pt x 346.89601pt>
File: ./bbob/pprldmany_f006_02D.pdf Graphic file (type pdf)
<use ./bbob/pprldmany_f006_02D.pdf>
Package pdftex.def Info: ./bbob/pprldmany_f006_02D.pdf  used on input line 663.

(pdftex.def)             Requested size: 165.12378pt x 123.84499pt.
 [7 <./bbob/pprldmany_f004_03D.pdf> <./bbob/pprldmany_f022_10D.pdf> <./bbob/ppr
ldmany_f023_20D.pdf> <./bbob/pprldmany_f001_02D.pdf> <./bbob/pprldmany_f002_02D
.pdf> <./bbob/pprldmany_f003_02D.pdf>]
<./bbob/pprldmany_f007_02D.pdf, id=819, 462.52798pt x 346.89601pt>
File: ./bbob/pprldmany_f007_02D.pdf Graphic file (type pdf)
<use ./bbob/pprldmany_f007_02D.pdf>
Package pdftex.def Info: ./bbob/pprldmany_f007_02D.pdf  used on input line 673.

(pdftex.def)             Requested size: 165.12378pt x 123.84499pt.
<./bbob/pprldmany_f008_02D.pdf, id=820, 462.52798pt x 346.89601pt>
File: ./bbob/pprldmany_f008_02D.pdf Graphic file (type pdf)
<use ./bbob/pprldmany_f008_02D.pdf>
Package pdftex.def Info: ./bbob/pprldmany_f008_02D.pdf  used on input line 677.

(pdftex.def)             Requested size: 165.12378pt x 123.84499pt.
<./bbob/pprldmany_f009_02D.pdf, id=821, 462.52798pt x 346.89601pt>
File: ./bbob/pprldmany_f009_02D.pdf Graphic file (type pdf)
<use ./bbob/pprldmany_f009_02D.pdf>
Package pdftex.def Info: ./bbob/pprldmany_f009_02D.pdf  used on input line 681.

(pdftex.def)             Requested size: 165.12378pt x 123.84499pt.
<./bbob/pprldmany_f010_02D.pdf, id=822, 462.52798pt x 346.89601pt>
File: ./bbob/pprldmany_f010_02D.pdf Graphic file (type pdf)
<use ./bbob/pprldmany_f010_02D.pdf>
Package pdftex.def Info: ./bbob/pprldmany_f010_02D.pdf  used on input line 691.

(pdftex.def)             Requested size: 165.12378pt x 123.84499pt.
<./bbob/pprldmany_f011_02D.pdf, id=823, 462.52798pt x 346.89601pt>
File: ./bbob/pprldmany_f011_02D.pdf Graphic file (type pdf)
<use ./bbob/pprldmany_f011_02D.pdf>
Package pdftex.def Info: ./bbob/pprldmany_f011_02D.pdf  used on input line 695.

(pdftex.def)             Requested size: 165.12378pt x 123.84499pt.
<./bbob/pprldmany_f012_02D.pdf, id=824, 462.52798pt x 346.89601pt>
File: ./bbob/pprldmany_f012_02D.pdf Graphic file (type pdf)
<use ./bbob/pprldmany_f012_02D.pdf>
Package pdftex.def Info: ./bbob/pprldmany_f012_02D.pdf  used on input line 699.

(pdftex.def)             Requested size: 165.12378pt x 123.84499pt.
<./bbob/pprldmany_f013_02D.pdf, id=825, 462.52798pt x 346.89601pt>
File: ./bbob/pprldmany_f013_02D.pdf Graphic file (type pdf)
<use ./bbob/pprldmany_f013_02D.pdf>
Package pdftex.def Info: ./bbob/pprldmany_f013_02D.pdf  used on input line 709.

(pdftex.def)             Requested size: 165.12378pt x 123.84499pt.
<./bbob/pprldmany_f014_02D.pdf, id=826, 462.52798pt x 346.89601pt>
File: ./bbob/pprldmany_f014_02D.pdf Graphic file (type pdf)
<use ./bbob/pprldmany_f014_02D.pdf>
Package pdftex.def Info: ./bbob/pprldmany_f014_02D.pdf  used on input line 713.

(pdftex.def)             Requested size: 165.12378pt x 123.84499pt.
<./bbob/pprldmany_f015_02D.pdf, id=827, 462.52798pt x 346.89601pt>
File: ./bbob/pprldmany_f015_02D.pdf Graphic file (type pdf)
<use ./bbob/pprldmany_f015_02D.pdf>
Package pdftex.def Info: ./bbob/pprldmany_f015_02D.pdf  used on input line 717.

(pdftex.def)             Requested size: 165.12378pt x 123.84499pt.
<./bbob/pprldmany_f016_02D.pdf, id=828, 462.52798pt x 346.89601pt>
File: ./bbob/pprldmany_f016_02D.pdf Graphic file (type pdf)
<use ./bbob/pprldmany_f016_02D.pdf>
Package pdftex.def Info: ./bbob/pprldmany_f016_02D.pdf  used on input line 727.

(pdftex.def)             Requested size: 165.12378pt x 123.84499pt.
<./bbob/pprldmany_f017_02D.pdf, id=829, 462.52798pt x 346.89601pt>
File: ./bbob/pprldmany_f017_02D.pdf Graphic file (type pdf)
<use ./bbob/pprldmany_f017_02D.pdf>
Package pdftex.def Info: ./bbob/pprldmany_f017_02D.pdf  used on input line 731.

(pdftex.def)             Requested size: 165.12378pt x 123.84499pt.
<./bbob/pprldmany_f018_02D.pdf, id=830, 462.52798pt x 346.89601pt>
File: ./bbob/pprldmany_f018_02D.pdf Graphic file (type pdf)
<use ./bbob/pprldmany_f018_02D.pdf>
Package pdftex.def Info: ./bbob/pprldmany_f018_02D.pdf  used on input line 735.

(pdftex.def)             Requested size: 165.12378pt x 123.84499pt.
 [8 <./bbob/pprldmany_f004_02D.pdf> <./bbob/pprldmany_f005_02D.pdf> <./bbob/ppr
ldmany_f006_02D.pdf> <./bbob/pprldmany_f007_02D.pdf> <./bbob/pprldmany_f008_02D
.pdf> <./bbob/pprldmany_f009_02D.pdf> <./bbob/pprldmany_f010_02D.pdf> <./bbob/p
prldmany_f011_02D.pdf> <./bbob/pprldmany_f012_02D.pdf> <./bbob/pprldmany_f013_0
2D.pdf> <./bbob/pprldmany_f014_02D.pdf> <./bbob/pprldmany_f015_02D.pdf>]
<./bbob/pprldmany_f019_02D.pdf, id=1051, 462.52798pt x 346.89601pt>
File: ./bbob/pprldmany_f019_02D.pdf Graphic file (type pdf)
<use ./bbob/pprldmany_f019_02D.pdf>
Package pdftex.def Info: ./bbob/pprldmany_f019_02D.pdf  used on input line 745.

(pdftex.def)             Requested size: 165.12378pt x 123.84499pt.
<./bbob/pprldmany_f020_02D.pdf, id=1052, 462.52798pt x 346.89601pt>
File: ./bbob/pprldmany_f020_02D.pdf Graphic file (type pdf)
<use ./bbob/pprldmany_f020_02D.pdf>
Package pdftex.def Info: ./bbob/pprldmany_f020_02D.pdf  used on input line 749.

(pdftex.def)             Requested size: 165.12378pt x 123.84499pt.
<./bbob/pprldmany_f021_02D.pdf, id=1053, 462.52798pt x 346.89601pt>
File: ./bbob/pprldmany_f021_02D.pdf Graphic file (type pdf)
<use ./bbob/pprldmany_f021_02D.pdf>
Package pdftex.def Info: ./bbob/pprldmany_f021_02D.pdf  used on input line 753.

(pdftex.def)             Requested size: 165.12378pt x 123.84499pt.
<./bbob/pprldmany_f022_02D.pdf, id=1054, 462.52798pt x 346.89601pt>
File: ./bbob/pprldmany_f022_02D.pdf Graphic file (type pdf)
<use ./bbob/pprldmany_f022_02D.pdf>
Package pdftex.def Info: ./bbob/pprldmany_f022_02D.pdf  used on input line 763.

(pdftex.def)             Requested size: 165.12378pt x 123.84499pt.
<./bbob/pprldmany_f023_02D.pdf, id=1055, 462.52798pt x 346.89601pt>
File: ./bbob/pprldmany_f023_02D.pdf Graphic file (type pdf)
<use ./bbob/pprldmany_f023_02D.pdf>
Package pdftex.def Info: ./bbob/pprldmany_f023_02D.pdf  used on input line 767.

(pdftex.def)             Requested size: 165.12378pt x 123.84499pt.
<./bbob/pprldmany_f024_02D.pdf, id=1056, 462.52798pt x 346.89601pt>
File: ./bbob/pprldmany_f024_02D.pdf Graphic file (type pdf)
<use ./bbob/pprldmany_f024_02D.pdf>
Package pdftex.def Info: ./bbob/pprldmany_f024_02D.pdf  used on input line 771.

(pdftex.def)             Requested size: 165.12378pt x 123.84499pt.
<./bbob/pprldmany_f001_03D.pdf, id=1057, 462.52798pt x 346.89601pt>
File: ./bbob/pprldmany_f001_03D.pdf Graphic file (type pdf)
<use ./bbob/pprldmany_f001_03D.pdf>
Package pdftex.def Info: ./bbob/pprldmany_f001_03D.pdf  used on input line 781.

(pdftex.def)             Requested size: 165.12378pt x 123.84499pt.
<./bbob/pprldmany_f002_03D.pdf, id=1058, 462.52798pt x 346.89601pt>
File: ./bbob/pprldmany_f002_03D.pdf Graphic file (type pdf)
<use ./bbob/pprldmany_f002_03D.pdf>
Package pdftex.def Info: ./bbob/pprldmany_f002_03D.pdf  used on input line 785.

(pdftex.def)             Requested size: 165.12378pt x 123.84499pt.
<./bbob/pprldmany_f003_03D.pdf, id=1059, 462.52798pt x 346.89601pt>
File: ./bbob/pprldmany_f003_03D.pdf Graphic file (type pdf)
<use ./bbob/pprldmany_f003_03D.pdf>
Package pdftex.def Info: ./bbob/pprldmany_f003_03D.pdf  used on input line 789.

(pdftex.def)             Requested size: 165.12378pt x 123.84499pt.
File: ./bbob/pprldmany_f004_03D.pdf Graphic file (type pdf)
<use ./bbob/pprldmany_f004_03D.pdf>
Package pdftex.def Info: ./bbob/pprldmany_f004_03D.pdf  used on input line 799.

(pdftex.def)             Requested size: 165.12378pt x 123.84499pt.
<./bbob/pprldmany_f005_03D.pdf, id=1060, 462.52798pt x 346.89601pt>
File: ./bbob/pprldmany_f005_03D.pdf Graphic file (type pdf)
<use ./bbob/pprldmany_f005_03D.pdf>
Package pdftex.def Info: ./bbob/pprldmany_f005_03D.pdf  used on input line 803.

(pdftex.def)             Requested size: 165.12378pt x 123.84499pt.
<./bbob/pprldmany_f006_03D.pdf, id=1061, 462.52798pt x 346.89601pt>
File: ./bbob/pprldmany_f006_03D.pdf Graphic file (type pdf)
<use ./bbob/pprldmany_f006_03D.pdf>
Package pdftex.def Info: ./bbob/pprldmany_f006_03D.pdf  used on input line 807.

(pdftex.def)             Requested size: 165.12378pt x 123.84499pt.
 [9 <./bbob/pprldmany_f016_02D.pdf> <./bbob/pprldmany_f017_02D.pdf> <./bbob/ppr
ldmany_f018_02D.pdf> <./bbob/pprldmany_f019_02D.pdf> <./bbob/pprldmany_f020_02D
.pdf> <./bbob/pprldmany_f021_02D.pdf> <./bbob/pprldmany_f022_02D.pdf> <./bbob/p
prldmany_f023_02D.pdf> <./bbob/pprldmany_f024_02D.pdf> <./bbob/pprldmany_f001_0
3D.pdf> <./bbob/pprldmany_f002_03D.pdf> <./bbob/pprldmany_f003_03D.pdf>]
<./bbob/pprldmany_f007_03D.pdf, id=1282, 462.52798pt x 346.89601pt>
File: ./bbob/pprldmany_f007_03D.pdf Graphic file (type pdf)
<use ./bbob/pprldmany_f007_03D.pdf>
Package pdftex.def Info: ./bbob/pprldmany_f007_03D.pdf  used on input line 817.

(pdftex.def)             Requested size: 165.12378pt x 123.84499pt.
<./bbob/pprldmany_f008_03D.pdf, id=1283, 462.52798pt x 346.89601pt>
File: ./bbob/pprldmany_f008_03D.pdf Graphic file (type pdf)
<use ./bbob/pprldmany_f008_03D.pdf>
Package pdftex.def Info: ./bbob/pprldmany_f008_03D.pdf  used on input line 821.

(pdftex.def)             Requested size: 165.12378pt x 123.84499pt.
<./bbob/pprldmany_f009_03D.pdf, id=1284, 462.52798pt x 346.89601pt>
File: ./bbob/pprldmany_f009_03D.pdf Graphic file (type pdf)
<use ./bbob/pprldmany_f009_03D.pdf>
Package pdftex.def Info: ./bbob/pprldmany_f009_03D.pdf  used on input line 825.

(pdftex.def)             Requested size: 165.12378pt x 123.84499pt.
<./bbob/pprldmany_f010_03D.pdf, id=1285, 462.52798pt x 346.89601pt>
File: ./bbob/pprldmany_f010_03D.pdf Graphic file (type pdf)
<use ./bbob/pprldmany_f010_03D.pdf>
Package pdftex.def Info: ./bbob/pprldmany_f010_03D.pdf  used on input line 835.

(pdftex.def)             Requested size: 165.12378pt x 123.84499pt.
<./bbob/pprldmany_f011_03D.pdf, id=1286, 462.52798pt x 346.89601pt>
File: ./bbob/pprldmany_f011_03D.pdf Graphic file (type pdf)
<use ./bbob/pprldmany_f011_03D.pdf>
Package pdftex.def Info: ./bbob/pprldmany_f011_03D.pdf  used on input line 839.

(pdftex.def)             Requested size: 165.12378pt x 123.84499pt.
<./bbob/pprldmany_f012_03D.pdf, id=1287, 462.52798pt x 346.89601pt>
File: ./bbob/pprldmany_f012_03D.pdf Graphic file (type pdf)
<use ./bbob/pprldmany_f012_03D.pdf>
Package pdftex.def Info: ./bbob/pprldmany_f012_03D.pdf  used on input line 843.

(pdftex.def)             Requested size: 165.12378pt x 123.84499pt.
<./bbob/pprldmany_f013_03D.pdf, id=1288, 462.52798pt x 346.89601pt>
File: ./bbob/pprldmany_f013_03D.pdf Graphic file (type pdf)
<use ./bbob/pprldmany_f013_03D.pdf>
Package pdftex.def Info: ./bbob/pprldmany_f013_03D.pdf  used on input line 853.

(pdftex.def)             Requested size: 165.12378pt x 123.84499pt.
<./bbob/pprldmany_f014_03D.pdf, id=1289, 462.52798pt x 346.89601pt>
File: ./bbob/pprldmany_f014_03D.pdf Graphic file (type pdf)
<use ./bbob/pprldmany_f014_03D.pdf>
Package pdftex.def Info: ./bbob/pprldmany_f014_03D.pdf  used on input line 857.

(pdftex.def)             Requested size: 165.12378pt x 123.84499pt.
<./bbob/pprldmany_f015_03D.pdf, id=1290, 462.52798pt x 346.89601pt>
File: ./bbob/pprldmany_f015_03D.pdf Graphic file (type pdf)
<use ./bbob/pprldmany_f015_03D.pdf>
Package pdftex.def Info: ./bbob/pprldmany_f015_03D.pdf  used on input line 861.

(pdftex.def)             Requested size: 165.12378pt x 123.84499pt.
<./bbob/pprldmany_f016_03D.pdf, id=1291, 462.52798pt x 346.89601pt>
File: ./bbob/pprldmany_f016_03D.pdf Graphic file (type pdf)
<use ./bbob/pprldmany_f016_03D.pdf>
Package pdftex.def Info: ./bbob/pprldmany_f016_03D.pdf  used on input line 871.

(pdftex.def)             Requested size: 165.12378pt x 123.84499pt.
<./bbob/pprldmany_f017_03D.pdf, id=1292, 462.52798pt x 346.89601pt>
File: ./bbob/pprldmany_f017_03D.pdf Graphic file (type pdf)
<use ./bbob/pprldmany_f017_03D.pdf>
Package pdftex.def Info: ./bbob/pprldmany_f017_03D.pdf  used on input line 875.

(pdftex.def)             Requested size: 165.12378pt x 123.84499pt.
<./bbob/pprldmany_f018_03D.pdf, id=1293, 462.52798pt x 346.89601pt>
File: ./bbob/pprldmany_f018_03D.pdf Graphic file (type pdf)
<use ./bbob/pprldmany_f018_03D.pdf>
Package pdftex.def Info: ./bbob/pprldmany_f018_03D.pdf  used on input line 879.

(pdftex.def)             Requested size: 165.12378pt x 123.84499pt.
 [10 <./bbob/pprldmany_f005_03D.pdf> <./bbob/pprldmany_f006_03D.pdf> <./bbob/pp
rldmany_f007_03D.pdf> <./bbob/pprldmany_f008_03D.pdf> <./bbob/pprldmany_f009_03
D.pdf> <./bbob/pprldmany_f010_03D.pdf> <./bbob/pprldmany_f011_03D.pdf> <./bbob/
pprldmany_f012_03D.pdf> <./bbob/pprldmany_f013_03D.pdf> <./bbob/pprldmany_f014_
03D.pdf> <./bbob/pprldmany_f015_03D.pdf>]
<./bbob/pprldmany_f019_03D.pdf, id=1495, 462.52798pt x 346.89601pt>
File: ./bbob/pprldmany_f019_03D.pdf Graphic file (type pdf)
<use ./bbob/pprldmany_f019_03D.pdf>
Package pdftex.def Info: ./bbob/pprldmany_f019_03D.pdf  used on input line 889.

(pdftex.def)             Requested size: 165.12378pt x 123.84499pt.
<./bbob/pprldmany_f020_03D.pdf, id=1496, 462.52798pt x 346.89601pt>
File: ./bbob/pprldmany_f020_03D.pdf Graphic file (type pdf)
<use ./bbob/pprldmany_f020_03D.pdf>
Package pdftex.def Info: ./bbob/pprldmany_f020_03D.pdf  used on input line 893.

(pdftex.def)             Requested size: 165.12378pt x 123.84499pt.
<./bbob/pprldmany_f021_03D.pdf, id=1497, 462.52798pt x 346.89601pt>
File: ./bbob/pprldmany_f021_03D.pdf Graphic file (type pdf)
<use ./bbob/pprldmany_f021_03D.pdf>
Package pdftex.def Info: ./bbob/pprldmany_f021_03D.pdf  used on input line 897.

(pdftex.def)             Requested size: 165.12378pt x 123.84499pt.
<./bbob/pprldmany_f022_03D.pdf, id=1498, 462.52798pt x 346.89601pt>
File: ./bbob/pprldmany_f022_03D.pdf Graphic file (type pdf)
<use ./bbob/pprldmany_f022_03D.pdf>
Package pdftex.def Info: ./bbob/pprldmany_f022_03D.pdf  used on input line 907.

(pdftex.def)             Requested size: 165.12378pt x 123.84499pt.
<./bbob/pprldmany_f023_03D.pdf, id=1499, 462.52798pt x 346.89601pt>
File: ./bbob/pprldmany_f023_03D.pdf Graphic file (type pdf)
<use ./bbob/pprldmany_f023_03D.pdf>
Package pdftex.def Info: ./bbob/pprldmany_f023_03D.pdf  used on input line 911.

(pdftex.def)             Requested size: 165.12378pt x 123.84499pt.
<./bbob/pprldmany_f024_03D.pdf, id=1500, 462.52798pt x 346.89601pt>
File: ./bbob/pprldmany_f024_03D.pdf Graphic file (type pdf)
<use ./bbob/pprldmany_f024_03D.pdf>
Package pdftex.def Info: ./bbob/pprldmany_f024_03D.pdf  used on input line 915.

(pdftex.def)             Requested size: 165.12378pt x 123.84499pt.
<./bbob/pprldmany_f001_05D.pdf, id=1501, 462.52798pt x 346.89601pt>
File: ./bbob/pprldmany_f001_05D.pdf Graphic file (type pdf)
<use ./bbob/pprldmany_f001_05D.pdf>
Package pdftex.def Info: ./bbob/pprldmany_f001_05D.pdf  used on input line 924.

(pdftex.def)             Requested size: 165.12378pt x 123.84499pt.
<./bbob/pprldmany_f002_05D.pdf, id=1502, 462.52798pt x 346.89601pt>
File: ./bbob/pprldmany_f002_05D.pdf Graphic file (type pdf)
<use ./bbob/pprldmany_f002_05D.pdf>
Package pdftex.def Info: ./bbob/pprldmany_f002_05D.pdf  used on input line 928.

(pdftex.def)             Requested size: 165.12378pt x 123.84499pt.
<./bbob/pprldmany_f003_05D.pdf, id=1503, 462.52798pt x 346.89601pt>
File: ./bbob/pprldmany_f003_05D.pdf Graphic file (type pdf)
<use ./bbob/pprldmany_f003_05D.pdf>
Package pdftex.def Info: ./bbob/pprldmany_f003_05D.pdf  used on input line 932.

(pdftex.def)             Requested size: 165.12378pt x 123.84499pt.
<./bbob/pprldmany_f004_05D.pdf, id=1504, 462.52798pt x 346.89601pt>
File: ./bbob/pprldmany_f004_05D.pdf Graphic file (type pdf)
<use ./bbob/pprldmany_f004_05D.pdf>
Package pdftex.def Info: ./bbob/pprldmany_f004_05D.pdf  used on input line 942.

(pdftex.def)             Requested size: 165.12378pt x 123.84499pt.
<./bbob/pprldmany_f005_05D.pdf, id=1505, 462.52798pt x 346.89601pt>
File: ./bbob/pprldmany_f005_05D.pdf Graphic file (type pdf)
<use ./bbob/pprldmany_f005_05D.pdf>
Package pdftex.def Info: ./bbob/pprldmany_f005_05D.pdf  used on input line 946.

(pdftex.def)             Requested size: 165.12378pt x 123.84499pt.
<./bbob/pprldmany_f006_05D.pdf, id=1506, 462.52798pt x 346.89601pt>
File: ./bbob/pprldmany_f006_05D.pdf Graphic file (type pdf)
<use ./bbob/pprldmany_f006_05D.pdf>
Package pdftex.def Info: ./bbob/pprldmany_f006_05D.pdf  used on input line 950.

(pdftex.def)             Requested size: 165.12378pt x 123.84499pt.
 [11 <./bbob/pprldmany_f016_03D.pdf> <./bbob/pprldmany_f017_03D.pdf> <./bbob/pp
rldmany_f018_03D.pdf> <./bbob/pprldmany_f019_03D.pdf> <./bbob/pprldmany_f020_03
D.pdf> <./bbob/pprldmany_f021_03D.pdf> <./bbob/pprldmany_f022_03D.pdf> <./bbob/
pprldmany_f023_03D.pdf> <./bbob/pprldmany_f024_03D.pdf> <./bbob/pprldmany_f001_
05D.pdf> <./bbob/pprldmany_f002_05D.pdf> <./bbob/pprldmany_f003_05D.pdf>]
<./bbob/pprldmany_f007_05D.pdf, id=1727, 462.52798pt x 346.89601pt>
File: ./bbob/pprldmany_f007_05D.pdf Graphic file (type pdf)
<use ./bbob/pprldmany_f007_05D.pdf>
Package pdftex.def Info: ./bbob/pprldmany_f007_05D.pdf  used on input line 960.

(pdftex.def)             Requested size: 165.12378pt x 123.84499pt.
<./bbob/pprldmany_f008_05D.pdf, id=1728, 462.52798pt x 346.89601pt>
File: ./bbob/pprldmany_f008_05D.pdf Graphic file (type pdf)
<use ./bbob/pprldmany_f008_05D.pdf>
Package pdftex.def Info: ./bbob/pprldmany_f008_05D.pdf  used on input line 964.

(pdftex.def)             Requested size: 165.12378pt x 123.84499pt.
<./bbob/pprldmany_f009_05D.pdf, id=1729, 462.52798pt x 346.89601pt>
File: ./bbob/pprldmany_f009_05D.pdf Graphic file (type pdf)
<use ./bbob/pprldmany_f009_05D.pdf>
Package pdftex.def Info: ./bbob/pprldmany_f009_05D.pdf  used on input line 968.

(pdftex.def)             Requested size: 165.12378pt x 123.84499pt.
<./bbob/pprldmany_f010_05D.pdf, id=1730, 462.52798pt x 346.89601pt>
File: ./bbob/pprldmany_f010_05D.pdf Graphic file (type pdf)
<use ./bbob/pprldmany_f010_05D.pdf>
Package pdftex.def Info: ./bbob/pprldmany_f010_05D.pdf  used on input line 978.

(pdftex.def)             Requested size: 165.12378pt x 123.84499pt.
<./bbob/pprldmany_f011_05D.pdf, id=1731, 462.52798pt x 346.89601pt>
File: ./bbob/pprldmany_f011_05D.pdf Graphic file (type pdf)
<use ./bbob/pprldmany_f011_05D.pdf>
Package pdftex.def Info: ./bbob/pprldmany_f011_05D.pdf  used on input line 982.

(pdftex.def)             Requested size: 165.12378pt x 123.84499pt.
<./bbob/pprldmany_f012_05D.pdf, id=1732, 462.52798pt x 346.89601pt>
File: ./bbob/pprldmany_f012_05D.pdf Graphic file (type pdf)
<use ./bbob/pprldmany_f012_05D.pdf>
Package pdftex.def Info: ./bbob/pprldmany_f012_05D.pdf  used on input line 986.

(pdftex.def)             Requested size: 165.12378pt x 123.84499pt.
<./bbob/pprldmany_f013_05D.pdf, id=1733, 462.52798pt x 346.89601pt>
File: ./bbob/pprldmany_f013_05D.pdf Graphic file (type pdf)
<use ./bbob/pprldmany_f013_05D.pdf>
Package pdftex.def Info: ./bbob/pprldmany_f013_05D.pdf  used on input line 996.

(pdftex.def)             Requested size: 165.12378pt x 123.84499pt.
<./bbob/pprldmany_f014_05D.pdf, id=1734, 462.52798pt x 346.89601pt>
File: ./bbob/pprldmany_f014_05D.pdf Graphic file (type pdf)
<use ./bbob/pprldmany_f014_05D.pdf>
Package pdftex.def Info: ./bbob/pprldmany_f014_05D.pdf  used on input line 1000
.
(pdftex.def)             Requested size: 165.12378pt x 123.84499pt.
<./bbob/pprldmany_f015_05D.pdf, id=1735, 462.52798pt x 346.89601pt>
File: ./bbob/pprldmany_f015_05D.pdf Graphic file (type pdf)
<use ./bbob/pprldmany_f015_05D.pdf>
Package pdftex.def Info: ./bbob/pprldmany_f015_05D.pdf  used on input line 1004
.
(pdftex.def)             Requested size: 165.12378pt x 123.84499pt.
<./bbob/pprldmany_f016_05D.pdf, id=1736, 462.52798pt x 346.89601pt>
File: ./bbob/pprldmany_f016_05D.pdf Graphic file (type pdf)
<use ./bbob/pprldmany_f016_05D.pdf>
Package pdftex.def Info: ./bbob/pprldmany_f016_05D.pdf  used on input line 1014
.
(pdftex.def)             Requested size: 165.12378pt x 123.84499pt.
<./bbob/pprldmany_f017_05D.pdf, id=1737, 462.52798pt x 346.89601pt>
File: ./bbob/pprldmany_f017_05D.pdf Graphic file (type pdf)
<use ./bbob/pprldmany_f017_05D.pdf>
Package pdftex.def Info: ./bbob/pprldmany_f017_05D.pdf  used on input line 1018
.
(pdftex.def)             Requested size: 165.12378pt x 123.84499pt.
<./bbob/pprldmany_f018_05D.pdf, id=1738, 462.52798pt x 346.89601pt>
File: ./bbob/pprldmany_f018_05D.pdf Graphic file (type pdf)
<use ./bbob/pprldmany_f018_05D.pdf>
Package pdftex.def Info: ./bbob/pprldmany_f018_05D.pdf  used on input line 1022
.
(pdftex.def)             Requested size: 165.12378pt x 123.84499pt.
 [12 <./bbob/pprldmany_f004_05D.pdf> <./bbob/pprldmany_f005_05D.pdf> <./bbob/pp
rldmany_f006_05D.pdf> <./bbob/pprldmany_f007_05D.pdf> <./bbob/pprldmany_f008_05
D.pdf> <./bbob/pprldmany_f009_05D.pdf> <./bbob/pprldmany_f010_05D.pdf> <./bbob/
pprldmany_f011_05D.pdf> <./bbob/pprldmany_f012_05D.pdf> <./bbob/pprldmany_f013_
05D.pdf> <./bbob/pprldmany_f014_05D.pdf> <./bbob/pprldmany_f015_05D.pdf>]
<./bbob/pprldmany_f019_05D.pdf, id=1958, 462.52798pt x 346.89601pt>
File: ./bbob/pprldmany_f019_05D.pdf Graphic file (type pdf)
<use ./bbob/pprldmany_f019_05D.pdf>
Package pdftex.def Info: ./bbob/pprldmany_f019_05D.pdf  used on input line 1032
.
(pdftex.def)             Requested size: 165.12378pt x 123.84499pt.
<./bbob/pprldmany_f020_05D.pdf, id=1959, 462.52798pt x 346.89601pt>
File: ./bbob/pprldmany_f020_05D.pdf Graphic file (type pdf)
<use ./bbob/pprldmany_f020_05D.pdf>
Package pdftex.def Info: ./bbob/pprldmany_f020_05D.pdf  used on input line 1036
.
(pdftex.def)             Requested size: 165.12378pt x 123.84499pt.
<./bbob/pprldmany_f021_05D.pdf, id=1960, 462.52798pt x 346.89601pt>
File: ./bbob/pprldmany_f021_05D.pdf Graphic file (type pdf)
<use ./bbob/pprldmany_f021_05D.pdf>
Package pdftex.def Info: ./bbob/pprldmany_f021_05D.pdf  used on input line 1040
.
(pdftex.def)             Requested size: 165.12378pt x 123.84499pt.
<./bbob/pprldmany_f022_05D.pdf, id=1961, 462.52798pt x 346.89601pt>
File: ./bbob/pprldmany_f022_05D.pdf Graphic file (type pdf)
<use ./bbob/pprldmany_f022_05D.pdf>
Package pdftex.def Info: ./bbob/pprldmany_f022_05D.pdf  used on input line 1050
.
(pdftex.def)             Requested size: 165.12378pt x 123.84499pt.
<./bbob/pprldmany_f023_05D.pdf, id=1962, 462.52798pt x 346.89601pt>
File: ./bbob/pprldmany_f023_05D.pdf Graphic file (type pdf)
<use ./bbob/pprldmany_f023_05D.pdf>
Package pdftex.def Info: ./bbob/pprldmany_f023_05D.pdf  used on input line 1054
.
(pdftex.def)             Requested size: 165.12378pt x 123.84499pt.
<./bbob/pprldmany_f024_05D.pdf, id=1963, 462.52798pt x 346.89601pt>
File: ./bbob/pprldmany_f024_05D.pdf Graphic file (type pdf)
<use ./bbob/pprldmany_f024_05D.pdf>
Package pdftex.def Info: ./bbob/pprldmany_f024_05D.pdf  used on input line 1058
.
(pdftex.def)             Requested size: 165.12378pt x 123.84499pt.
<./bbob/pprldmany_f001_10D.pdf, id=1964, 462.52798pt x 346.89601pt>
File: ./bbob/pprldmany_f001_10D.pdf Graphic file (type pdf)
<use ./bbob/pprldmany_f001_10D.pdf>
Package pdftex.def Info: ./bbob/pprldmany_f001_10D.pdf  used on input line 1067
.
(pdftex.def)             Requested size: 165.12378pt x 123.84499pt.
<./bbob/pprldmany_f002_10D.pdf, id=1965, 462.52798pt x 346.89601pt>
File: ./bbob/pprldmany_f002_10D.pdf Graphic file (type pdf)
<use ./bbob/pprldmany_f002_10D.pdf>
Package pdftex.def Info: ./bbob/pprldmany_f002_10D.pdf  used on input line 1071
.
(pdftex.def)             Requested size: 165.12378pt x 123.84499pt.
<./bbob/pprldmany_f003_10D.pdf, id=1966, 462.52798pt x 346.89601pt>
File: ./bbob/pprldmany_f003_10D.pdf Graphic file (type pdf)
<use ./bbob/pprldmany_f003_10D.pdf>
Package pdftex.def Info: ./bbob/pprldmany_f003_10D.pdf  used on input line 1075
.
(pdftex.def)             Requested size: 165.12378pt x 123.84499pt.
<./bbob/pprldmany_f004_10D.pdf, id=1967, 462.52798pt x 346.89601pt>
File: ./bbob/pprldmany_f004_10D.pdf Graphic file (type pdf)
<use ./bbob/pprldmany_f004_10D.pdf>
Package pdftex.def Info: ./bbob/pprldmany_f004_10D.pdf  used on input line 1085
.
(pdftex.def)             Requested size: 165.12378pt x 123.84499pt.
<./bbob/pprldmany_f005_10D.pdf, id=1968, 462.52798pt x 346.89601pt>
File: ./bbob/pprldmany_f005_10D.pdf Graphic file (type pdf)
<use ./bbob/pprldmany_f005_10D.pdf>
Package pdftex.def Info: ./bbob/pprldmany_f005_10D.pdf  used on input line 1089
.
(pdftex.def)             Requested size: 165.12378pt x 123.84499pt.
<./bbob/pprldmany_f006_10D.pdf, id=1969, 462.52798pt x 346.89601pt>
File: ./bbob/pprldmany_f006_10D.pdf Graphic file (type pdf)
<use ./bbob/pprldmany_f006_10D.pdf>
Package pdftex.def Info: ./bbob/pprldmany_f006_10D.pdf  used on input line 1093
.
(pdftex.def)             Requested size: 165.12378pt x 123.84499pt.

[13 <./bbob/pprldmany_f016_05D.pdf> <./bbob/pprldmany_f017_05D.pdf> <./bbob/ppr
ldmany_f018_05D.pdf> <./bbob/pprldmany_f019_05D.pdf> <./bbob/pprldmany_f020_05D
.pdf> <./bbob/pprldmany_f021_05D.pdf> <./bbob/pprldmany_f022_05D.pdf> <./bbob/p
prldmany_f023_05D.pdf> <./bbob/pprldmany_f024_05D.pdf> <./bbob/pprldmany_f001_1
0D.pdf> <./bbob/pprldmany_f002_10D.pdf> <./bbob/pprldmany_f003_10D.pdf>]
<./bbob/pprldmany_f007_10D.pdf, id=2191, 462.52798pt x 346.89601pt>
File: ./bbob/pprldmany_f007_10D.pdf Graphic file (type pdf)
<use ./bbob/pprldmany_f007_10D.pdf>
Package pdftex.def Info: ./bbob/pprldmany_f007_10D.pdf  used on input line 1103
.
(pdftex.def)             Requested size: 165.12378pt x 123.84499pt.
<./bbob/pprldmany_f008_10D.pdf, id=2192, 462.52798pt x 346.89601pt>
File: ./bbob/pprldmany_f008_10D.pdf Graphic file (type pdf)
<use ./bbob/pprldmany_f008_10D.pdf>
Package pdftex.def Info: ./bbob/pprldmany_f008_10D.pdf  used on input line 1107
.
(pdftex.def)             Requested size: 165.12378pt x 123.84499pt.
<./bbob/pprldmany_f009_10D.pdf, id=2193, 462.52798pt x 346.89601pt>
File: ./bbob/pprldmany_f009_10D.pdf Graphic file (type pdf)
<use ./bbob/pprldmany_f009_10D.pdf>
Package pdftex.def Info: ./bbob/pprldmany_f009_10D.pdf  used on input line 1111
.
(pdftex.def)             Requested size: 165.12378pt x 123.84499pt.
<./bbob/pprldmany_f010_10D.pdf, id=2194, 462.52798pt x 346.89601pt>
File: ./bbob/pprldmany_f010_10D.pdf Graphic file (type pdf)
<use ./bbob/pprldmany_f010_10D.pdf>
Package pdftex.def Info: ./bbob/pprldmany_f010_10D.pdf  used on input line 1121
.
(pdftex.def)             Requested size: 165.12378pt x 123.84499pt.
<./bbob/pprldmany_f011_10D.pdf, id=2195, 462.52798pt x 346.89601pt>
File: ./bbob/pprldmany_f011_10D.pdf Graphic file (type pdf)
<use ./bbob/pprldmany_f011_10D.pdf>
Package pdftex.def Info: ./bbob/pprldmany_f011_10D.pdf  used on input line 1125
.
(pdftex.def)             Requested size: 165.12378pt x 123.84499pt.
<./bbob/pprldmany_f012_10D.pdf, id=2196, 462.52798pt x 346.89601pt>
File: ./bbob/pprldmany_f012_10D.pdf Graphic file (type pdf)
<use ./bbob/pprldmany_f012_10D.pdf>
Package pdftex.def Info: ./bbob/pprldmany_f012_10D.pdf  used on input line 1129
.
(pdftex.def)             Requested size: 165.12378pt x 123.84499pt.
<./bbob/pprldmany_f013_10D.pdf, id=2197, 462.52798pt x 346.89601pt>
File: ./bbob/pprldmany_f013_10D.pdf Graphic file (type pdf)
<use ./bbob/pprldmany_f013_10D.pdf>
Package pdftex.def Info: ./bbob/pprldmany_f013_10D.pdf  used on input line 1139
.
(pdftex.def)             Requested size: 165.12378pt x 123.84499pt.
<./bbob/pprldmany_f014_10D.pdf, id=2198, 462.52798pt x 346.89601pt>
File: ./bbob/pprldmany_f014_10D.pdf Graphic file (type pdf)
<use ./bbob/pprldmany_f014_10D.pdf>
Package pdftex.def Info: ./bbob/pprldmany_f014_10D.pdf  used on input line 1143
.
(pdftex.def)             Requested size: 165.12378pt x 123.84499pt.
<./bbob/pprldmany_f015_10D.pdf, id=2199, 462.52798pt x 346.89601pt>
File: ./bbob/pprldmany_f015_10D.pdf Graphic file (type pdf)
<use ./bbob/pprldmany_f015_10D.pdf>
Package pdftex.def Info: ./bbob/pprldmany_f015_10D.pdf  used on input line 1147
.
(pdftex.def)             Requested size: 165.12378pt x 123.84499pt.
<./bbob/pprldmany_f016_10D.pdf, id=2200, 462.52798pt x 346.89601pt>
File: ./bbob/pprldmany_f016_10D.pdf Graphic file (type pdf)
<use ./bbob/pprldmany_f016_10D.pdf>
Package pdftex.def Info: ./bbob/pprldmany_f016_10D.pdf  used on input line 1157
.
(pdftex.def)             Requested size: 165.12378pt x 123.84499pt.
<./bbob/pprldmany_f017_10D.pdf, id=2201, 462.52798pt x 346.89601pt>
File: ./bbob/pprldmany_f017_10D.pdf Graphic file (type pdf)
<use ./bbob/pprldmany_f017_10D.pdf>
Package pdftex.def Info: ./bbob/pprldmany_f017_10D.pdf  used on input line 1161
.
(pdftex.def)             Requested size: 165.12378pt x 123.84499pt.
<./bbob/pprldmany_f018_10D.pdf, id=2202, 462.52798pt x 346.89601pt>
File: ./bbob/pprldmany_f018_10D.pdf Graphic file (type pdf)
<use ./bbob/pprldmany_f018_10D.pdf>
Package pdftex.def Info: ./bbob/pprldmany_f018_10D.pdf  used on input line 1165
.
(pdftex.def)             Requested size: 165.12378pt x 123.84499pt.

[14 <./bbob/pprldmany_f004_10D.pdf> <./bbob/pprldmany_f005_10D.pdf> <./bbob/ppr
ldmany_f006_10D.pdf> <./bbob/pprldmany_f007_10D.pdf> <./bbob/pprldmany_f008_10D
.pdf> <./bbob/pprldmany_f009_10D.pdf> <./bbob/pprldmany_f010_10D.pdf> <./bbob/p
prldmany_f011_10D.pdf> <./bbob/pprldmany_f012_10D.pdf> <./bbob/pprldmany_f013_1
0D.pdf> <./bbob/pprldmany_f014_10D.pdf> <./bbob/pprldmany_f015_10D.pdf>]
<./bbob/pprldmany_f019_10D.pdf, id=2422, 462.52798pt x 346.89601pt>
File: ./bbob/pprldmany_f019_10D.pdf Graphic file (type pdf)
<use ./bbob/pprldmany_f019_10D.pdf>
Package pdftex.def Info: ./bbob/pprldmany_f019_10D.pdf  used on input line 1175
.
(pdftex.def)             Requested size: 165.12378pt x 123.84499pt.
<./bbob/pprldmany_f020_10D.pdf, id=2423, 462.52798pt x 346.89601pt>
File: ./bbob/pprldmany_f020_10D.pdf Graphic file (type pdf)
<use ./bbob/pprldmany_f020_10D.pdf>
Package pdftex.def Info: ./bbob/pprldmany_f020_10D.pdf  used on input line 1179
.
(pdftex.def)             Requested size: 165.12378pt x 123.84499pt.
<./bbob/pprldmany_f021_10D.pdf, id=2424, 462.52798pt x 346.89601pt>
File: ./bbob/pprldmany_f021_10D.pdf Graphic file (type pdf)
<use ./bbob/pprldmany_f021_10D.pdf>
Package pdftex.def Info: ./bbob/pprldmany_f021_10D.pdf  used on input line 1183
.
(pdftex.def)             Requested size: 165.12378pt x 123.84499pt.
File: ./bbob/pprldmany_f022_10D.pdf Graphic file (type pdf)
<use ./bbob/pprldmany_f022_10D.pdf>
Package pdftex.def Info: ./bbob/pprldmany_f022_10D.pdf  used on input line 1193
.
(pdftex.def)             Requested size: 165.12378pt x 123.84499pt.
<./bbob/pprldmany_f023_10D.pdf, id=2425, 462.52798pt x 346.89601pt>
File: ./bbob/pprldmany_f023_10D.pdf Graphic file (type pdf)
<use ./bbob/pprldmany_f023_10D.pdf>
Package pdftex.def Info: ./bbob/pprldmany_f023_10D.pdf  used on input line 1197
.
(pdftex.def)             Requested size: 165.12378pt x 123.84499pt.
<./bbob/pprldmany_f024_10D.pdf, id=2426, 462.52798pt x 346.89601pt>
File: ./bbob/pprldmany_f024_10D.pdf Graphic file (type pdf)
<use ./bbob/pprldmany_f024_10D.pdf>
Package pdftex.def Info: ./bbob/pprldmany_f024_10D.pdf  used on input line 1201
.
(pdftex.def)             Requested size: 165.12378pt x 123.84499pt.
<./bbob/pprldmany_f001_20D.pdf, id=2427, 462.52798pt x 346.89601pt>
File: ./bbob/pprldmany_f001_20D.pdf Graphic file (type pdf)
<use ./bbob/pprldmany_f001_20D.pdf>
Package pdftex.def Info: ./bbob/pprldmany_f001_20D.pdf  used on input line 1211
.
(pdftex.def)             Requested size: 165.12378pt x 123.84499pt.
<./bbob/pprldmany_f002_20D.pdf, id=2428, 462.52798pt x 346.89601pt>
File: ./bbob/pprldmany_f002_20D.pdf Graphic file (type pdf)
<use ./bbob/pprldmany_f002_20D.pdf>
Package pdftex.def Info: ./bbob/pprldmany_f002_20D.pdf  used on input line 1215
.
(pdftex.def)             Requested size: 165.12378pt x 123.84499pt.
<./bbob/pprldmany_f003_20D.pdf, id=2429, 462.52798pt x 346.89601pt>
File: ./bbob/pprldmany_f003_20D.pdf Graphic file (type pdf)
<use ./bbob/pprldmany_f003_20D.pdf>
Package pdftex.def Info: ./bbob/pprldmany_f003_20D.pdf  used on input line 1219
.
(pdftex.def)             Requested size: 165.12378pt x 123.84499pt.
<./bbob/pprldmany_f004_20D.pdf, id=2430, 462.52798pt x 346.89601pt>
File: ./bbob/pprldmany_f004_20D.pdf Graphic file (type pdf)
<use ./bbob/pprldmany_f004_20D.pdf>
Package pdftex.def Info: ./bbob/pprldmany_f004_20D.pdf  used on input line 1229
.
(pdftex.def)             Requested size: 165.12378pt x 123.84499pt.
<./bbob/pprldmany_f005_20D.pdf, id=2431, 462.52798pt x 346.89601pt>
File: ./bbob/pprldmany_f005_20D.pdf Graphic file (type pdf)
<use ./bbob/pprldmany_f005_20D.pdf>
Package pdftex.def Info: ./bbob/pprldmany_f005_20D.pdf  used on input line 1233
.
(pdftex.def)             Requested size: 165.12378pt x 123.84499pt.
<./bbob/pprldmany_f006_20D.pdf, id=2432, 462.52798pt x 346.89601pt>
File: ./bbob/pprldmany_f006_20D.pdf Graphic file (type pdf)
<use ./bbob/pprldmany_f006_20D.pdf>
Package pdftex.def Info: ./bbob/pprldmany_f006_20D.pdf  used on input line 1237
.
(pdftex.def)             Requested size: 165.12378pt x 123.84499pt.

[15 <./bbob/pprldmany_f016_10D.pdf> <./bbob/pprldmany_f017_10D.pdf> <./bbob/ppr
ldmany_f018_10D.pdf> <./bbob/pprldmany_f019_10D.pdf> <./bbob/pprldmany_f020_10D
.pdf> <./bbob/pprldmany_f021_10D.pdf> <./bbob/pprldmany_f023_10D.pdf> <./bbob/p
prldmany_f024_10D.pdf> <./bbob/pprldmany_f001_20D.pdf> <./bbob/pprldmany_f002_2
0D.pdf> <./bbob/pprldmany_f003_20D.pdf>]
<./bbob/pprldmany_f007_20D.pdf, id=2634, 462.52798pt x 346.89601pt>
File: ./bbob/pprldmany_f007_20D.pdf Graphic file (type pdf)
<use ./bbob/pprldmany_f007_20D.pdf>
Package pdftex.def Info: ./bbob/pprldmany_f007_20D.pdf  used on input line 1247
.
(pdftex.def)             Requested size: 165.12378pt x 123.84499pt.
<./bbob/pprldmany_f008_20D.pdf, id=2635, 462.52798pt x 346.89601pt>
File: ./bbob/pprldmany_f008_20D.pdf Graphic file (type pdf)
<use ./bbob/pprldmany_f008_20D.pdf>
Package pdftex.def Info: ./bbob/pprldmany_f008_20D.pdf  used on input line 1251
.
(pdftex.def)             Requested size: 165.12378pt x 123.84499pt.
<./bbob/pprldmany_f009_20D.pdf, id=2636, 462.52798pt x 346.89601pt>
File: ./bbob/pprldmany_f009_20D.pdf Graphic file (type pdf)
<use ./bbob/pprldmany_f009_20D.pdf>
Package pdftex.def Info: ./bbob/pprldmany_f009_20D.pdf  used on input line 1255
.
(pdftex.def)             Requested size: 165.12378pt x 123.84499pt.
<./bbob/pprldmany_f010_20D.pdf, id=2637, 462.52798pt x 346.89601pt>
File: ./bbob/pprldmany_f010_20D.pdf Graphic file (type pdf)
<use ./bbob/pprldmany_f010_20D.pdf>
Package pdftex.def Info: ./bbob/pprldmany_f010_20D.pdf  used on input line 1265
.
(pdftex.def)             Requested size: 165.12378pt x 123.84499pt.
<./bbob/pprldmany_f011_20D.pdf, id=2638, 462.52798pt x 346.89601pt>
File: ./bbob/pprldmany_f011_20D.pdf Graphic file (type pdf)
<use ./bbob/pprldmany_f011_20D.pdf>
Package pdftex.def Info: ./bbob/pprldmany_f011_20D.pdf  used on input line 1269
.
(pdftex.def)             Requested size: 165.12378pt x 123.84499pt.
<./bbob/pprldmany_f012_20D.pdf, id=2639, 462.52798pt x 346.89601pt>
File: ./bbob/pprldmany_f012_20D.pdf Graphic file (type pdf)
<use ./bbob/pprldmany_f012_20D.pdf>
Package pdftex.def Info: ./bbob/pprldmany_f012_20D.pdf  used on input line 1273
.
(pdftex.def)             Requested size: 165.12378pt x 123.84499pt.
<./bbob/pprldmany_f013_20D.pdf, id=2640, 462.52798pt x 346.89601pt>
File: ./bbob/pprldmany_f013_20D.pdf Graphic file (type pdf)
<use ./bbob/pprldmany_f013_20D.pdf>
Package pdftex.def Info: ./bbob/pprldmany_f013_20D.pdf  used on input line 1283
.
(pdftex.def)             Requested size: 165.12378pt x 123.84499pt.
<./bbob/pprldmany_f014_20D.pdf, id=2641, 462.52798pt x 346.89601pt>
File: ./bbob/pprldmany_f014_20D.pdf Graphic file (type pdf)
<use ./bbob/pprldmany_f014_20D.pdf>
Package pdftex.def Info: ./bbob/pprldmany_f014_20D.pdf  used on input line 1287
.
(pdftex.def)             Requested size: 165.12378pt x 123.84499pt.
<./bbob/pprldmany_f015_20D.pdf, id=2642, 462.52798pt x 346.89601pt>
File: ./bbob/pprldmany_f015_20D.pdf Graphic file (type pdf)
<use ./bbob/pprldmany_f015_20D.pdf>
Package pdftex.def Info: ./bbob/pprldmany_f015_20D.pdf  used on input line 1291
.
(pdftex.def)             Requested size: 165.12378pt x 123.84499pt.
<./bbob/pprldmany_f016_20D.pdf, id=2643, 462.52798pt x 346.89601pt>
File: ./bbob/pprldmany_f016_20D.pdf Graphic file (type pdf)
<use ./bbob/pprldmany_f016_20D.pdf>
Package pdftex.def Info: ./bbob/pprldmany_f016_20D.pdf  used on input line 1301
.
(pdftex.def)             Requested size: 165.12378pt x 123.84499pt.
<./bbob/pprldmany_f017_20D.pdf, id=2644, 462.52798pt x 346.89601pt>
File: ./bbob/pprldmany_f017_20D.pdf Graphic file (type pdf)
<use ./bbob/pprldmany_f017_20D.pdf>
Package pdftex.def Info: ./bbob/pprldmany_f017_20D.pdf  used on input line 1305
.
(pdftex.def)             Requested size: 165.12378pt x 123.84499pt.
<./bbob/pprldmany_f018_20D.pdf, id=2645, 462.52798pt x 346.89601pt>
File: ./bbob/pprldmany_f018_20D.pdf Graphic file (type pdf)
<use ./bbob/pprldmany_f018_20D.pdf>
Package pdftex.def Info: ./bbob/pprldmany_f018_20D.pdf  used on input line 1309
.
(pdftex.def)             Requested size: 165.12378pt x 123.84499pt.
 [16 <./bbob/pprldmany_f004_20D.pdf> <./bbob/pprldmany_f005_20D.pdf> <./bbob/pp
rldmany_f006_20D.pdf> <./bbob/pprldmany_f007_20D.pdf> <./bbob/pprldmany_f008_20
D.pdf> <./bbob/pprldmany_f009_20D.pdf> <./bbob/pprldmany_f010_20D.pdf> <./bbob/
pprldmany_f011_20D.pdf> <./bbob/pprldmany_f012_20D.pdf> <./bbob/pprldmany_f013_
20D.pdf> <./bbob/pprldmany_f014_20D.pdf> <./bbob/pprldmany_f015_20D.pdf>]
<./bbob/pprldmany_f019_20D.pdf, id=2864, 462.52798pt x 346.89601pt>
File: ./bbob/pprldmany_f019_20D.pdf Graphic file (type pdf)
<use ./bbob/pprldmany_f019_20D.pdf>
Package pdftex.def Info: ./bbob/pprldmany_f019_20D.pdf  used on input line 1319
.
(pdftex.def)             Requested size: 165.12378pt x 123.84499pt.
<./bbob/pprldmany_f020_20D.pdf, id=2865, 462.52798pt x 346.89601pt>
File: ./bbob/pprldmany_f020_20D.pdf Graphic file (type pdf)
<use ./bbob/pprldmany_f020_20D.pdf>
Package pdftex.def Info: ./bbob/pprldmany_f020_20D.pdf  used on input line 1323
.
(pdftex.def)             Requested size: 165.12378pt x 123.84499pt.
<./bbob/pprldmany_f021_20D.pdf, id=2866, 462.52798pt x 346.89601pt>
File: ./bbob/pprldmany_f021_20D.pdf Graphic file (type pdf)
<use ./bbob/pprldmany_f021_20D.pdf>
Package pdftex.def Info: ./bbob/pprldmany_f021_20D.pdf  used on input line 1327
.
(pdftex.def)             Requested size: 165.12378pt x 123.84499pt.
<./bbob/pprldmany_f022_20D.pdf, id=2867, 462.52798pt x 346.89601pt>
File: ./bbob/pprldmany_f022_20D.pdf Graphic file (type pdf)
<use ./bbob/pprldmany_f022_20D.pdf>
Package pdftex.def Info: ./bbob/pprldmany_f022_20D.pdf  used on input line 1337
.
(pdftex.def)             Requested size: 165.12378pt x 123.84499pt.
File: ./bbob/pprldmany_f023_20D.pdf Graphic file (type pdf)
<use ./bbob/pprldmany_f023_20D.pdf>
Package pdftex.def Info: ./bbob/pprldmany_f023_20D.pdf  used on input line 1341
.
(pdftex.def)             Requested size: 165.12378pt x 123.84499pt.
<./bbob/pprldmany_f024_20D.pdf, id=2868, 462.52798pt x 346.89601pt>
File: ./bbob/pprldmany_f024_20D.pdf Graphic file (type pdf)
<use ./bbob/pprldmany_f024_20D.pdf>
Package pdftex.def Info: ./bbob/pprldmany_f024_20D.pdf  used on input line 1345
.
(pdftex.def)             Requested size: 165.12378pt x 123.84499pt.
<./bbob/pprldmany_f001_40D.pdf, id=2869, 462.52798pt x 346.89601pt>
File: ./bbob/pprldmany_f001_40D.pdf Graphic file (type pdf)
<use ./bbob/pprldmany_f001_40D.pdf>
Package pdftex.def Info: ./bbob/pprldmany_f001_40D.pdf  used on input line 1355
.
(pdftex.def)             Requested size: 165.12378pt x 123.84499pt.
<./bbob/pprldmany_f002_40D.pdf, id=2870, 462.52798pt x 346.89601pt>
File: ./bbob/pprldmany_f002_40D.pdf Graphic file (type pdf)
<use ./bbob/pprldmany_f002_40D.pdf>
Package pdftex.def Info: ./bbob/pprldmany_f002_40D.pdf  used on input line 1359
.
(pdftex.def)             Requested size: 165.12378pt x 123.84499pt.
<./bbob/pprldmany_f003_40D.pdf, id=2871, 462.52798pt x 346.89601pt>
File: ./bbob/pprldmany_f003_40D.pdf Graphic file (type pdf)
<use ./bbob/pprldmany_f003_40D.pdf>
Package pdftex.def Info: ./bbob/pprldmany_f003_40D.pdf  used on input line 1363
.
(pdftex.def)             Requested size: 165.12378pt x 123.84499pt.
<./bbob/pprldmany_f004_40D.pdf, id=2872, 462.52798pt x 346.89601pt>
File: ./bbob/pprldmany_f004_40D.pdf Graphic file (type pdf)
<use ./bbob/pprldmany_f004_40D.pdf>
Package pdftex.def Info: ./bbob/pprldmany_f004_40D.pdf  used on input line 1373
.
(pdftex.def)             Requested size: 165.12378pt x 123.84499pt.
<./bbob/pprldmany_f005_40D.pdf, id=2873, 462.52798pt x 346.89601pt>
File: ./bbob/pprldmany_f005_40D.pdf Graphic file (type pdf)
<use ./bbob/pprldmany_f005_40D.pdf>
Package pdftex.def Info: ./bbob/pprldmany_f005_40D.pdf  used on input line 1377
.
(pdftex.def)             Requested size: 165.12378pt x 123.84499pt.
<./bbob/pprldmany_f006_40D.pdf, id=2874, 462.52798pt x 346.89601pt>
File: ./bbob/pprldmany_f006_40D.pdf Graphic file (type pdf)
<use ./bbob/pprldmany_f006_40D.pdf>
Package pdftex.def Info: ./bbob/pprldmany_f006_40D.pdf  used on input line 1381
.
(pdftex.def)             Requested size: 165.12378pt x 123.84499pt.
 [17 <./bbob/pprldmany_f016_20D.pdf> <./bbob/pprldmany_f017_20D.pdf> <./bbob/pp
rldmany_f018_20D.pdf> <./bbob/pprldmany_f019_20D.pdf> <./bbob/pprldmany_f020_20
D.pdf> <./bbob/pprldmany_f021_20D.pdf> <./bbob/pprldmany_f022_20D.pdf> <./bbob/
pprldmany_f024_20D.pdf> <./bbob/pprldmany_f001_40D.pdf> <./bbob/pprldmany_f002_
40D.pdf> <./bbob/pprldmany_f003_40D.pdf>]
<./bbob/pprldmany_f007_40D.pdf, id=3074, 462.52798pt x 346.89601pt>
File: ./bbob/pprldmany_f007_40D.pdf Graphic file (type pdf)
<use ./bbob/pprldmany_f007_40D.pdf>
Package pdftex.def Info: ./bbob/pprldmany_f007_40D.pdf  used on input line 1391
.
(pdftex.def)             Requested size: 165.12378pt x 123.84499pt.
<./bbob/pprldmany_f008_40D.pdf, id=3075, 462.52798pt x 346.89601pt>
File: ./bbob/pprldmany_f008_40D.pdf Graphic file (type pdf)
<use ./bbob/pprldmany_f008_40D.pdf>
Package pdftex.def Info: ./bbob/pprldmany_f008_40D.pdf  used on input line 1395
.
(pdftex.def)             Requested size: 165.12378pt x 123.84499pt.
<./bbob/pprldmany_f009_40D.pdf, id=3076, 462.52798pt x 346.89601pt>
File: ./bbob/pprldmany_f009_40D.pdf Graphic file (type pdf)
<use ./bbob/pprldmany_f009_40D.pdf>
Package pdftex.def Info: ./bbob/pprldmany_f009_40D.pdf  used on input line 1399
.
(pdftex.def)             Requested size: 165.12378pt x 123.84499pt.
<./bbob/pprldmany_f010_40D.pdf, id=3077, 462.52798pt x 346.89601pt>
File: ./bbob/pprldmany_f010_40D.pdf Graphic file (type pdf)
<use ./bbob/pprldmany_f010_40D.pdf>
Package pdftex.def Info: ./bbob/pprldmany_f010_40D.pdf  used on input line 1409
.
(pdftex.def)             Requested size: 165.12378pt x 123.84499pt.
<./bbob/pprldmany_f011_40D.pdf, id=3078, 462.52798pt x 346.89601pt>
File: ./bbob/pprldmany_f011_40D.pdf Graphic file (type pdf)
<use ./bbob/pprldmany_f011_40D.pdf>
Package pdftex.def Info: ./bbob/pprldmany_f011_40D.pdf  used on input line 1413
.
(pdftex.def)             Requested size: 165.12378pt x 123.84499pt.
<./bbob/pprldmany_f012_40D.pdf, id=3079, 462.52798pt x 346.89601pt>
File: ./bbob/pprldmany_f012_40D.pdf Graphic file (type pdf)
<use ./bbob/pprldmany_f012_40D.pdf>
Package pdftex.def Info: ./bbob/pprldmany_f012_40D.pdf  used on input line 1417
.
(pdftex.def)             Requested size: 165.12378pt x 123.84499pt.
<./bbob/pprldmany_f013_40D.pdf, id=3080, 462.52798pt x 346.89601pt>
File: ./bbob/pprldmany_f013_40D.pdf Graphic file (type pdf)
<use ./bbob/pprldmany_f013_40D.pdf>
Package pdftex.def Info: ./bbob/pprldmany_f013_40D.pdf  used on input line 1427
.
(pdftex.def)             Requested size: 165.12378pt x 123.84499pt.
<./bbob/pprldmany_f014_40D.pdf, id=3081, 462.52798pt x 346.89601pt>
File: ./bbob/pprldmany_f014_40D.pdf Graphic file (type pdf)
<use ./bbob/pprldmany_f014_40D.pdf>
Package pdftex.def Info: ./bbob/pprldmany_f014_40D.pdf  used on input line 1431
.
(pdftex.def)             Requested size: 165.12378pt x 123.84499pt.
<./bbob/pprldmany_f015_40D.pdf, id=3082, 462.52798pt x 346.89601pt>
File: ./bbob/pprldmany_f015_40D.pdf Graphic file (type pdf)
<use ./bbob/pprldmany_f015_40D.pdf>
Package pdftex.def Info: ./bbob/pprldmany_f015_40D.pdf  used on input line 1435
.
(pdftex.def)             Requested size: 165.12378pt x 123.84499pt.
<./bbob/pprldmany_f016_40D.pdf, id=3083, 462.52798pt x 346.89601pt>
File: ./bbob/pprldmany_f016_40D.pdf Graphic file (type pdf)
<use ./bbob/pprldmany_f016_40D.pdf>
Package pdftex.def Info: ./bbob/pprldmany_f016_40D.pdf  used on input line 1445
.
(pdftex.def)             Requested size: 165.12378pt x 123.84499pt.
<./bbob/pprldmany_f017_40D.pdf, id=3084, 462.52798pt x 346.89601pt>
File: ./bbob/pprldmany_f017_40D.pdf Graphic file (type pdf)
<use ./bbob/pprldmany_f017_40D.pdf>
Package pdftex.def Info: ./bbob/pprldmany_f017_40D.pdf  used on input line 1449
.
(pdftex.def)             Requested size: 165.12378pt x 123.84499pt.
<./bbob/pprldmany_f018_40D.pdf, id=3085, 462.52798pt x 346.89601pt>
File: ./bbob/pprldmany_f018_40D.pdf Graphic file (type pdf)
<use ./bbob/pprldmany_f018_40D.pdf>
Package pdftex.def Info: ./bbob/pprldmany_f018_40D.pdf  used on input line 1453
.
(pdftex.def)             Requested size: 165.12378pt x 123.84499pt.

[18 <./bbob/pprldmany_f004_40D.pdf> <./bbob/pprldmany_f005_40D.pdf> <./bbob/ppr
ldmany_f006_40D.pdf> <./bbob/pprldmany_f007_40D.pdf> <./bbob/pprldmany_f008_40D
.pdf> <./bbob/pprldmany_f009_40D.pdf> <./bbob/pprldmany_f010_40D.pdf> <./bbob/p
prldmany_f011_40D.pdf> <./bbob/pprldmany_f012_40D.pdf> <./bbob/pprldmany_f013_4
0D.pdf> <./bbob/pprldmany_f014_40D.pdf> <./bbob/pprldmany_f015_40D.pdf>]
<./bbob/pprldmany_f019_40D.pdf, id=3302, 462.52798pt x 346.89601pt>
File: ./bbob/pprldmany_f019_40D.pdf Graphic file (type pdf)
<use ./bbob/pprldmany_f019_40D.pdf>
Package pdftex.def Info: ./bbob/pprldmany_f019_40D.pdf  used on input line 1463
.
(pdftex.def)             Requested size: 165.12378pt x 123.84499pt.
<./bbob/pprldmany_f020_40D.pdf, id=3303, 462.52798pt x 346.89601pt>
File: ./bbob/pprldmany_f020_40D.pdf Graphic file (type pdf)
<use ./bbob/pprldmany_f020_40D.pdf>
Package pdftex.def Info: ./bbob/pprldmany_f020_40D.pdf  used on input line 1467
.
(pdftex.def)             Requested size: 165.12378pt x 123.84499pt.
<./bbob/pprldmany_f021_40D.pdf, id=3304, 462.52798pt x 346.89601pt>
File: ./bbob/pprldmany_f021_40D.pdf Graphic file (type pdf)
<use ./bbob/pprldmany_f021_40D.pdf>
Package pdftex.def Info: ./bbob/pprldmany_f021_40D.pdf  used on input line 1471
.
(pdftex.def)             Requested size: 165.12378pt x 123.84499pt.
<./bbob/pprldmany_f022_40D.pdf, id=3305, 462.52798pt x 346.89601pt>
File: ./bbob/pprldmany_f022_40D.pdf Graphic file (type pdf)
<use ./bbob/pprldmany_f022_40D.pdf>
Package pdftex.def Info: ./bbob/pprldmany_f022_40D.pdf  used on input line 1481
.
(pdftex.def)             Requested size: 165.12378pt x 123.84499pt.
<./bbob/pprldmany_f023_40D.pdf, id=3306, 462.52798pt x 346.89601pt>
File: ./bbob/pprldmany_f023_40D.pdf Graphic file (type pdf)
<use ./bbob/pprldmany_f023_40D.pdf>
Package pdftex.def Info: ./bbob/pprldmany_f023_40D.pdf  used on input line 1485
.
(pdftex.def)             Requested size: 165.12378pt x 123.84499pt.
<./bbob/pprldmany_f024_40D.pdf, id=3307, 462.52798pt x 346.89601pt>
File: ./bbob/pprldmany_f024_40D.pdf Graphic file (type pdf)
<use ./bbob/pprldmany_f024_40D.pdf>
Package pdftex.def Info: ./bbob/pprldmany_f024_40D.pdf  used on input line 1489
.
(pdftex.def)             Requested size: 165.12378pt x 123.84499pt.
<./save/D_10_F_1.png, id=3308, 578.16pt x 722.7pt>
File: ./save/D_10_F_1.png Graphic file (type png)
<use ./save/D_10_F_1.png>
Package pdftex.def Info: ./save/D_10_F_1.png  used on input line 1501.
(pdftex.def)             Requested size: 154.80157pt x 193.49953pt.
<./save/D_10_F_3.png, id=3310, 578.16pt x 722.7pt>
File: ./save/D_10_F_3.png Graphic file (type png)
<use ./save/D_10_F_3.png>
Package pdftex.def Info: ./save/D_10_F_3.png  used on input line 1505.
(pdftex.def)             Requested size: 154.80157pt x 193.49953pt.
<./save/D_10_F_4.png, id=3311, 578.16pt x 722.7pt>
File: ./save/D_10_F_4.png Graphic file (type png)
<use ./save/D_10_F_4.png>
Package pdftex.def Info: ./save/D_10_F_4.png  used on input line 1509.
(pdftex.def)             Requested size: 154.80157pt x 193.49953pt.

[19 <./bbob/pprldmany_f016_40D.pdf> <./bbob/pprldmany_f017_40D.pdf> <./bbob/ppr
ldmany_f018_40D.pdf> <./bbob/pprldmany_f019_40D.pdf> <./bbob/pprldmany_f020_40D
.pdf> <./bbob/pprldmany_f021_40D.pdf> <./bbob/pprldmany_f022_40D.pdf> <./bbob/p
prldmany_f023_40D.pdf> <./bbob/pprldmany_f024_40D.pdf>]
<./save/D_10_F_5.png, id=3477, 578.16pt x 722.7pt>
File: ./save/D_10_F_5.png Graphic file (type png)
<use ./save/D_10_F_5.png>
Package pdftex.def Info: ./save/D_10_F_5.png  used on input line 1520.
(pdftex.def)             Requested size: 154.80157pt x 193.49953pt.
<./save/D_10_F_6.png, id=3478, 578.16pt x 722.7pt>
File: ./save/D_10_F_6.png Graphic file (type png)
<use ./save/D_10_F_6.png>
Package pdftex.def Info: ./save/D_10_F_6.png  used on input line 1524.
(pdftex.def)             Requested size: 154.80157pt x 193.49953pt.
<./save/D_10_F_7.png, id=3479, 578.16pt x 722.7pt>
File: ./save/D_10_F_7.png Graphic file (type png)
<use ./save/D_10_F_7.png>
Package pdftex.def Info: ./save/D_10_F_7.png  used on input line 1528.
(pdftex.def)             Requested size: 154.80157pt x 193.49953pt.
<./save/D_10_F_8.png, id=3480, 578.16pt x 722.7pt>
File: ./save/D_10_F_8.png Graphic file (type png)
<use ./save/D_10_F_8.png>
Package pdftex.def Info: ./save/D_10_F_8.png  used on input line 1538.
(pdftex.def)             Requested size: 154.80157pt x 193.49953pt.
<./save/D_10_F_9.png, id=3481, 578.16pt x 722.7pt>
File: ./save/D_10_F_9.png Graphic file (type png)
<use ./save/D_10_F_9.png>
Package pdftex.def Info: ./save/D_10_F_9.png  used on input line 1542.
(pdftex.def)             Requested size: 154.80157pt x 193.49953pt.
<./save/D_10_F_10.png, id=3482, 578.16pt x 722.7pt>
File: ./save/D_10_F_10.png Graphic file (type png)
<use ./save/D_10_F_10.png>
Package pdftex.def Info: ./save/D_10_F_10.png  used on input line 1546.
(pdftex.def)             Requested size: 154.80157pt x 193.49953pt.
<./save/D_10_F_11.png, id=3483, 578.16pt x 722.7pt>
File: ./save/D_10_F_11.png Graphic file (type png)
<use ./save/D_10_F_11.png>
Package pdftex.def Info: ./save/D_10_F_11.png  used on input line 1556.
(pdftex.def)             Requested size: 154.80157pt x 193.49953pt.
<./save/D_10_F_12.png, id=3484, 578.16pt x 722.7pt>
File: ./save/D_10_F_12.png Graphic file (type png)
<use ./save/D_10_F_12.png>
Package pdftex.def Info: ./save/D_10_F_12.png  used on input line 1560.
(pdftex.def)             Requested size: 154.80157pt x 193.49953pt.
<./save/D_10_F_13.png, id=3485, 578.16pt x 722.7pt>
File: ./save/D_10_F_13.png Graphic file (type png)
<use ./save/D_10_F_13.png>
Package pdftex.def Info: ./save/D_10_F_13.png  used on input line 1564.
(pdftex.def)             Requested size: 154.80157pt x 193.49953pt.
 [20 <./save/D_10_F_1.png> <./save/D_10_F_3.png> <./save/D_10_F_4.png> <./save/
D_10_F_5.png> <./save/D_10_F_6.png> <./save/D_10_F_7.png> <./save/D_10_F_8.png>
 <./save/D_10_F_9.png> <./save/D_10_F_10.png>]
<./save/D_10_F_14.png, id=3498, 578.16pt x 722.7pt>
File: ./save/D_10_F_14.png Graphic file (type png)
<use ./save/D_10_F_14.png>
Package pdftex.def Info: ./save/D_10_F_14.png  used on input line 1574.
(pdftex.def)             Requested size: 154.80157pt x 193.49953pt.
<./save/D_10_F_15.png, id=3499, 578.16pt x 722.7pt>
File: ./save/D_10_F_15.png Graphic file (type png)
<use ./save/D_10_F_15.png>
Package pdftex.def Info: ./save/D_10_F_15.png  used on input line 1578.
(pdftex.def)             Requested size: 154.80157pt x 193.49953pt.
<./save/D_10_F_16.png, id=3500, 578.16pt x 722.7pt>
File: ./save/D_10_F_16.png Graphic file (type png)
<use ./save/D_10_F_16.png>
Package pdftex.def Info: ./save/D_10_F_16.png  used on input line 1582.
(pdftex.def)             Requested size: 154.80157pt x 193.49953pt.
<./save/D_10_F_17.png, id=3501, 578.16pt x 722.7pt>
File: ./save/D_10_F_17.png Graphic file (type png)
<use ./save/D_10_F_17.png>
Package pdftex.def Info: ./save/D_10_F_17.png  used on input line 1592.
(pdftex.def)             Requested size: 154.80157pt x 193.49953pt.
<./save/D_10_F_18.png, id=3502, 578.16pt x 722.7pt>
File: ./save/D_10_F_18.png Graphic file (type png)
<use ./save/D_10_F_18.png>
Package pdftex.def Info: ./save/D_10_F_18.png  used on input line 1596.
(pdftex.def)             Requested size: 154.80157pt x 193.49953pt.
<./save/D_10_F_19.png, id=3503, 578.16pt x 722.7pt>
File: ./save/D_10_F_19.png Graphic file (type png)
<use ./save/D_10_F_19.png>
Package pdftex.def Info: ./save/D_10_F_19.png  used on input line 1600.
(pdftex.def)             Requested size: 154.80157pt x 193.49953pt.
<./save/D_10_F_20.png, id=3504, 578.16pt x 722.7pt>
File: ./save/D_10_F_20.png Graphic file (type png)
<use ./save/D_10_F_20.png>
Package pdftex.def Info: ./save/D_10_F_20.png  used on input line 1610.
(pdftex.def)             Requested size: 154.80157pt x 193.49953pt.
<./save/D_10_F_21.png, id=3505, 578.16pt x 722.7pt>
File: ./save/D_10_F_21.png Graphic file (type png)
<use ./save/D_10_F_21.png>
Package pdftex.def Info: ./save/D_10_F_21.png  used on input line 1614.
(pdftex.def)             Requested size: 154.80157pt x 193.49953pt.
<./save/D_10_F_22.png, id=3506, 578.16pt x 722.7pt>
File: ./save/D_10_F_22.png Graphic file (type png)
<use ./save/D_10_F_22.png>
Package pdftex.def Info: ./save/D_10_F_22.png  used on input line 1618.
(pdftex.def)             Requested size: 154.80157pt x 193.49953pt.
 [21 <./save/D_10_F_11.png> <./save/D_10_F_12.png> <./save/D_10_F_13.png> <./sa
ve/D_10_F_14.png> <./save/D_10_F_15.png> <./save/D_10_F_16.png> <./save/D_10_F_
17.png> <./save/D_10_F_18.png> <./save/D_10_F_19.png>]
<./save/D_10_F_23.png, id=3520, 578.16pt x 722.7pt>
File: ./save/D_10_F_23.png Graphic file (type png)
<use ./save/D_10_F_23.png>
Package pdftex.def Info: ./save/D_10_F_23.png  used on input line 1628.
(pdftex.def)             Requested size: 154.80157pt x 193.49953pt.
<./save/D_10_F_24.png, id=3521, 578.16pt x 722.7pt>
File: ./save/D_10_F_24.png Graphic file (type png)
<use ./save/D_10_F_24.png>
Package pdftex.def Info: ./save/D_10_F_24.png  used on input line 1632.
(pdftex.def)             Requested size: 154.80157pt x 193.49953pt.
<./save/D_10_F_25.png, id=3522, 578.16pt x 722.7pt>
File: ./save/D_10_F_25.png Graphic file (type png)
<use ./save/D_10_F_25.png>
Package pdftex.def Info: ./save/D_10_F_25.png  used on input line 1636.
(pdftex.def)             Requested size: 154.80157pt x 193.49953pt.
<./save/D_10_F_26.png, id=3523, 578.16pt x 722.7pt>
File: ./save/D_10_F_26.png Graphic file (type png)
<use ./save/D_10_F_26.png>
Package pdftex.def Info: ./save/D_10_F_26.png  used on input line 1646.
(pdftex.def)             Requested size: 154.80157pt x 193.49953pt.
<./save/D_10_F_27.png, id=3524, 578.16pt x 722.7pt>
File: ./save/D_10_F_27.png Graphic file (type png)
<use ./save/D_10_F_27.png>
Package pdftex.def Info: ./save/D_10_F_27.png  used on input line 1650.
(pdftex.def)             Requested size: 154.80157pt x 193.49953pt.
<./save/D_10_F_28.png, id=3525, 578.16pt x 722.7pt>
File: ./save/D_10_F_28.png Graphic file (type png)
<use ./save/D_10_F_28.png>
Package pdftex.def Info: ./save/D_10_F_28.png  used on input line 1654.
(pdftex.def)             Requested size: 154.80157pt x 193.49953pt.
<./save/D_10_F_29.png, id=3526, 578.16pt x 722.7pt>
File: ./save/D_10_F_29.png Graphic file (type png)
<use ./save/D_10_F_29.png>
Package pdftex.def Info: ./save/D_10_F_29.png  used on input line 1664.
(pdftex.def)             Requested size: 154.80157pt x 193.49953pt.
<./save/D_10_F_30.png, id=3527, 578.16pt x 722.7pt>
File: ./save/D_10_F_30.png Graphic file (type png)
<use ./save/D_10_F_30.png>
Package pdftex.def Info: ./save/D_10_F_30.png  used on input line 1668.
(pdftex.def)             Requested size: 154.80157pt x 193.49953pt.
File: ./save/D_10_F_30.png Graphic file (type png)
<use ./save/D_10_F_30.png>
Package pdftex.def Info: ./save/D_10_F_30.png  used on input line 1672.
(pdftex.def)             Requested size: 154.80157pt x 193.49953pt.

[22 <./save/D_10_F_20.png> <./save/D_10_F_21.png> <./save/D_10_F_22.png> <./sav
e/D_10_F_23.png> <./save/D_10_F_24.png> <./save/D_10_F_25.png> <./save/D_10_F_2
6.png> <./save/D_10_F_27.png> <./save/D_10_F_28.png>]
<./save/D_30_F_1.png, id=3540, 578.16pt x 722.7pt>
File: ./save/D_30_F_1.png Graphic file (type png)
<use ./save/D_30_F_1.png>
Package pdftex.def Info: ./save/D_30_F_1.png  used on input line 1682.
(pdftex.def)             Requested size: 154.80157pt x 193.49953pt.
<./save/D_30_F_3.png, id=3541, 578.16pt x 722.7pt>
File: ./save/D_30_F_3.png Graphic file (type png)
<use ./save/D_30_F_3.png>
Package pdftex.def Info: ./save/D_30_F_3.png  used on input line 1686.
(pdftex.def)             Requested size: 154.80157pt x 193.49953pt.
<./save/D_30_F_4.png, id=3542, 578.16pt x 722.7pt>
File: ./save/D_30_F_4.png Graphic file (type png)
<use ./save/D_30_F_4.png>
Package pdftex.def Info: ./save/D_30_F_4.png  used on input line 1690.
(pdftex.def)             Requested size: 154.80157pt x 193.49953pt.
<./save/D_30_F_5.png, id=3543, 578.16pt x 722.7pt>
File: ./save/D_30_F_5.png Graphic file (type png)
<use ./save/D_30_F_5.png>
Package pdftex.def Info: ./save/D_30_F_5.png  used on input line 1700.
(pdftex.def)             Requested size: 154.80157pt x 193.49953pt.
<./save/D_30_F_6.png, id=3544, 578.16pt x 722.7pt>
File: ./save/D_30_F_6.png Graphic file (type png)
<use ./save/D_30_F_6.png>
Package pdftex.def Info: ./save/D_30_F_6.png  used on input line 1704.
(pdftex.def)             Requested size: 154.80157pt x 193.49953pt.
<./save/D_30_F_7.png, id=3545, 578.16pt x 722.7pt>
File: ./save/D_30_F_7.png Graphic file (type png)
<use ./save/D_30_F_7.png>
Package pdftex.def Info: ./save/D_30_F_7.png  used on input line 1708.
(pdftex.def)             Requested size: 154.80157pt x 193.49953pt.
<./save/D_30_F_8.png, id=3546, 578.16pt x 722.7pt>
File: ./save/D_30_F_8.png Graphic file (type png)
<use ./save/D_30_F_8.png>
Package pdftex.def Info: ./save/D_30_F_8.png  used on input line 1718.
(pdftex.def)             Requested size: 154.80157pt x 193.49953pt.
<./save/D_30_F_9.png, id=3547, 578.16pt x 722.7pt>
File: ./save/D_30_F_9.png Graphic file (type png)
<use ./save/D_30_F_9.png>
Package pdftex.def Info: ./save/D_30_F_9.png  used on input line 1722.
(pdftex.def)             Requested size: 154.80157pt x 193.49953pt.
<./save/D_30_F_10.png, id=3548, 578.16pt x 722.7pt>
File: ./save/D_30_F_10.png Graphic file (type png)
<use ./save/D_30_F_10.png>
Package pdftex.def Info: ./save/D_30_F_10.png  used on input line 1726.
(pdftex.def)             Requested size: 154.80157pt x 193.49953pt.
 [23 <./save/D_10_F_29.png> <./save/D_10_F_30.png> <./save/D_30_F_1.png> <./sav
e/D_30_F_3.png> <./save/D_30_F_4.png> <./save/D_30_F_5.png> <./save/D_30_F_6.pn
g> <./save/D_30_F_7.png>]
<./save/D_30_F_11.png, id=3560, 578.16pt x 722.7pt>
File: ./save/D_30_F_11.png Graphic file (type png)
<use ./save/D_30_F_11.png>
Package pdftex.def Info: ./save/D_30_F_11.png  used on input line 1736.
(pdftex.def)             Requested size: 154.80157pt x 193.49953pt.
<./save/D_30_F_12.png, id=3561, 578.16pt x 722.7pt>
File: ./save/D_30_F_12.png Graphic file (type png)
<use ./save/D_30_F_12.png>
Package pdftex.def Info: ./save/D_30_F_12.png  used on input line 1740.
(pdftex.def)             Requested size: 154.80157pt x 193.49953pt.
<./save/D_30_F_13.png, id=3562, 578.16pt x 722.7pt>
File: ./save/D_30_F_13.png Graphic file (type png)
<use ./save/D_30_F_13.png>
Package pdftex.def Info: ./save/D_30_F_13.png  used on input line 1744.
(pdftex.def)             Requested size: 154.80157pt x 193.49953pt.
<./save/D_30_F_14.png, id=3563, 578.16pt x 722.7pt>
File: ./save/D_30_F_14.png Graphic file (type png)
<use ./save/D_30_F_14.png>
Package pdftex.def Info: ./save/D_30_F_14.png  used on input line 1754.
(pdftex.def)             Requested size: 154.80157pt x 193.49953pt.
<./save/D_30_F_15.png, id=3564, 578.16pt x 722.7pt>
File: ./save/D_30_F_15.png Graphic file (type png)
<use ./save/D_30_F_15.png>
Package pdftex.def Info: ./save/D_30_F_15.png  used on input line 1758.
(pdftex.def)             Requested size: 154.80157pt x 193.49953pt.
<./save/D_30_F_16.png, id=3565, 578.16pt x 722.7pt>
File: ./save/D_30_F_16.png Graphic file (type png)
<use ./save/D_30_F_16.png>
Package pdftex.def Info: ./save/D_30_F_16.png  used on input line 1762.
(pdftex.def)             Requested size: 154.80157pt x 193.49953pt.
<./save/D_30_F_17.png, id=3566, 578.16pt x 722.7pt>
File: ./save/D_30_F_17.png Graphic file (type png)
<use ./save/D_30_F_17.png>
Package pdftex.def Info: ./save/D_30_F_17.png  used on input line 1772.
(pdftex.def)             Requested size: 154.80157pt x 193.49953pt.
<./save/D_30_F_18.png, id=3567, 578.16pt x 722.7pt>
File: ./save/D_30_F_18.png Graphic file (type png)
<use ./save/D_30_F_18.png>
Package pdftex.def Info: ./save/D_30_F_18.png  used on input line 1776.
(pdftex.def)             Requested size: 154.80157pt x 193.49953pt.
<./save/D_30_F_19.png, id=3568, 578.16pt x 722.7pt>
File: ./save/D_30_F_19.png Graphic file (type png)
<use ./save/D_30_F_19.png>
Package pdftex.def Info: ./save/D_30_F_19.png  used on input line 1780.
(pdftex.def)             Requested size: 154.80157pt x 193.49953pt.

[24 <./save/D_30_F_8.png> <./save/D_30_F_9.png> <./save/D_30_F_10.png> <./save/
D_30_F_11.png> <./save/D_30_F_12.png> <./save/D_30_F_13.png> <./save/D_30_F_14.
png> <./save/D_30_F_15.png> <./save/D_30_F_16.png>]
<./save/D_30_F_20.png, id=3581, 578.16pt x 722.7pt>
File: ./save/D_30_F_20.png Graphic file (type png)
<use ./save/D_30_F_20.png>
Package pdftex.def Info: ./save/D_30_F_20.png  used on input line 1790.
(pdftex.def)             Requested size: 154.80157pt x 193.49953pt.
<./save/D_30_F_21.png, id=3582, 578.16pt x 722.7pt>
File: ./save/D_30_F_21.png Graphic file (type png)
<use ./save/D_30_F_21.png>
Package pdftex.def Info: ./save/D_30_F_21.png  used on input line 1794.
(pdftex.def)             Requested size: 154.80157pt x 193.49953pt.
<./save/D_30_F_22.png, id=3583, 578.16pt x 722.7pt>
File: ./save/D_30_F_22.png Graphic file (type png)
<use ./save/D_30_F_22.png>
Package pdftex.def Info: ./save/D_30_F_22.png  used on input line 1798.
(pdftex.def)             Requested size: 154.80157pt x 193.49953pt.
<./save/D_30_F_23.png, id=3584, 578.16pt x 722.7pt>
File: ./save/D_30_F_23.png Graphic file (type png)
<use ./save/D_30_F_23.png>
Package pdftex.def Info: ./save/D_30_F_23.png  used on input line 1808.
(pdftex.def)             Requested size: 154.80157pt x 193.49953pt.
<./save/D_30_F_24.png, id=3585, 578.16pt x 722.7pt>
File: ./save/D_30_F_24.png Graphic file (type png)
<use ./save/D_30_F_24.png>
Package pdftex.def Info: ./save/D_30_F_24.png  used on input line 1812.
(pdftex.def)             Requested size: 154.80157pt x 193.49953pt.
<./save/D_30_F_25.png, id=3586, 578.16pt x 722.7pt>
File: ./save/D_30_F_25.png Graphic file (type png)
<use ./save/D_30_F_25.png>
Package pdftex.def Info: ./save/D_30_F_25.png  used on input line 1816.
(pdftex.def)             Requested size: 154.80157pt x 193.49953pt.
<./save/D_30_F_26.png, id=3587, 578.16pt x 722.7pt>
File: ./save/D_30_F_26.png Graphic file (type png)
<use ./save/D_30_F_26.png>
Package pdftex.def Info: ./save/D_30_F_26.png  used on input line 1826.
(pdftex.def)             Requested size: 154.80157pt x 193.49953pt.
<./save/D_30_F_27.png, id=3588, 578.16pt x 722.7pt>
File: ./save/D_30_F_27.png Graphic file (type png)
<use ./save/D_30_F_27.png>
Package pdftex.def Info: ./save/D_30_F_27.png  used on input line 1830.
(pdftex.def)             Requested size: 154.80157pt x 193.49953pt.
<./save/D_30_F_28.png, id=3589, 578.16pt x 722.7pt>
File: ./save/D_30_F_28.png Graphic file (type png)
<use ./save/D_30_F_28.png>
Package pdftex.def Info: ./save/D_30_F_28.png  used on input line 1834.
(pdftex.def)             Requested size: 154.80157pt x 193.49953pt.
 [25 <./save/D_30_F_17.png> <./save/D_30_F_18.png> <./save/D_30_F_19.png> <./sa
ve/D_30_F_20.png> <./save/D_30_F_21.png> <./save/D_30_F_22.png> <./save/D_30_F_
23.png> <./save/D_30_F_24.png> <./save/D_30_F_25.png>]
<./save/D_30_F_29.png, id=3603, 578.16pt x 722.7pt>
File: ./save/D_30_F_29.png Graphic file (type png)
<use ./save/D_30_F_29.png>
Package pdftex.def Info: ./save/D_30_F_29.png  used on input line 1844.
(pdftex.def)             Requested size: 154.80157pt x 193.49953pt.
<./save/D_30_F_30.png, id=3604, 578.16pt x 722.7pt>
File: ./save/D_30_F_30.png Graphic file (type png)
<use ./save/D_30_F_30.png>
Package pdftex.def Info: ./save/D_30_F_30.png  used on input line 1848.
(pdftex.def)             Requested size: 154.80157pt x 193.49953pt.
File: ./save/D_10_F_30.png Graphic file (type png)
<use ./save/D_10_F_30.png>
Package pdftex.def Info: ./save/D_10_F_30.png  used on input line 1852.
(pdftex.def)             Requested size: 154.80157pt x 193.49953pt.
<./save/D_50_F_1.png, id=3605, 578.16pt x 722.7pt>
File: ./save/D_50_F_1.png Graphic file (type png)
<use ./save/D_50_F_1.png>
Package pdftex.def Info: ./save/D_50_F_1.png  used on input line 1862.
(pdftex.def)             Requested size: 154.80157pt x 193.49953pt.
<./save/D_50_F_3.png, id=3606, 578.16pt x 722.7pt>
File: ./save/D_50_F_3.png Graphic file (type png)
<use ./save/D_50_F_3.png>
Package pdftex.def Info: ./save/D_50_F_3.png  used on input line 1866.
(pdftex.def)             Requested size: 154.80157pt x 193.49953pt.
<./save/D_50_F_4.png, id=3607, 578.16pt x 722.7pt>
File: ./save/D_50_F_4.png Graphic file (type png)
<use ./save/D_50_F_4.png>
Package pdftex.def Info: ./save/D_50_F_4.png  used on input line 1870.
(pdftex.def)             Requested size: 154.80157pt x 193.49953pt.
<./save/D_50_F_5.png, id=3608, 578.16pt x 722.7pt>
File: ./save/D_50_F_5.png Graphic file (type png)
<use ./save/D_50_F_5.png>
Package pdftex.def Info: ./save/D_50_F_5.png  used on input line 1880.
(pdftex.def)             Requested size: 154.80157pt x 193.49953pt.
<./save/D_50_F_6.png, id=3609, 578.16pt x 722.7pt>
File: ./save/D_50_F_6.png Graphic file (type png)
<use ./save/D_50_F_6.png>
Package pdftex.def Info: ./save/D_50_F_6.png  used on input line 1884.
(pdftex.def)             Requested size: 154.80157pt x 193.49953pt.
<./save/D_50_F_7.png, id=3610, 578.16pt x 722.7pt>
File: ./save/D_50_F_7.png Graphic file (type png)
<use ./save/D_50_F_7.png>
Package pdftex.def Info: ./save/D_50_F_7.png  used on input line 1888.
(pdftex.def)             Requested size: 154.80157pt x 193.49953pt.
 [26 <./save/D_30_F_26.png> <./save/D_30_F_27.png> <./save/D_30_F_28.png> <./sa
ve/D_30_F_29.png> <./save/D_30_F_30.png> <./save/D_50_F_1.png> <./save/D_50_F_3
.png> <./save/D_50_F_4.png>]
<./save/D_50_F_8.png, id=3622, 578.16pt x 722.7pt>
File: ./save/D_50_F_8.png Graphic file (type png)
<use ./save/D_50_F_8.png>
Package pdftex.def Info: ./save/D_50_F_8.png  used on input line 1898.
(pdftex.def)             Requested size: 154.80157pt x 193.49953pt.
<./save/D_50_F_9.png, id=3623, 578.16pt x 722.7pt>
File: ./save/D_50_F_9.png Graphic file (type png)
<use ./save/D_50_F_9.png>
Package pdftex.def Info: ./save/D_50_F_9.png  used on input line 1902.
(pdftex.def)             Requested size: 154.80157pt x 193.49953pt.
<./save/D_50_F_10.png, id=3624, 578.16pt x 722.7pt>
File: ./save/D_50_F_10.png Graphic file (type png)
<use ./save/D_50_F_10.png>
Package pdftex.def Info: ./save/D_50_F_10.png  used on input line 1906.
(pdftex.def)             Requested size: 154.80157pt x 193.49953pt.
<./save/D_50_F_11.png, id=3625, 578.16pt x 722.7pt>
File: ./save/D_50_F_11.png Graphic file (type png)
<use ./save/D_50_F_11.png>
Package pdftex.def Info: ./save/D_50_F_11.png  used on input line 1916.
(pdftex.def)             Requested size: 154.80157pt x 193.49953pt.
<./save/D_50_F_12.png, id=3626, 578.16pt x 722.7pt>
File: ./save/D_50_F_12.png Graphic file (type png)
<use ./save/D_50_F_12.png>
Package pdftex.def Info: ./save/D_50_F_12.png  used on input line 1920.
(pdftex.def)             Requested size: 154.80157pt x 193.49953pt.
<./save/D_50_F_13.png, id=3627, 578.16pt x 722.7pt>
File: ./save/D_50_F_13.png Graphic file (type png)
<use ./save/D_50_F_13.png>
Package pdftex.def Info: ./save/D_50_F_13.png  used on input line 1924.
(pdftex.def)             Requested size: 154.80157pt x 193.49953pt.
<./save/D_50_F_14.png, id=3628, 578.16pt x 722.7pt>
File: ./save/D_50_F_14.png Graphic file (type png)
<use ./save/D_50_F_14.png>
Package pdftex.def Info: ./save/D_50_F_14.png  used on input line 1934.
(pdftex.def)             Requested size: 154.80157pt x 193.49953pt.
<./save/D_50_F_15.png, id=3629, 578.16pt x 722.7pt>
File: ./save/D_50_F_15.png Graphic file (type png)
<use ./save/D_50_F_15.png>
Package pdftex.def Info: ./save/D_50_F_15.png  used on input line 1938.
(pdftex.def)             Requested size: 154.80157pt x 193.49953pt.
<./save/D_50_F_16.png, id=3630, 578.16pt x 722.7pt>
File: ./save/D_50_F_16.png Graphic file (type png)
<use ./save/D_50_F_16.png>
Package pdftex.def Info: ./save/D_50_F_16.png  used on input line 1942.
(pdftex.def)             Requested size: 154.80157pt x 193.49953pt.
 [27 <./save/D_50_F_5.png> <./save/D_50_F_6.png> <./save/D_50_F_7.png> <./save/
D_50_F_8.png> <./save/D_50_F_9.png> <./save/D_50_F_10.png> <./save/D_50_F_11.pn
g> <./save/D_50_F_12.png> <./save/D_50_F_13.png>]
<./save/D_50_F_17.png, id=3643, 578.16pt x 722.7pt>
File: ./save/D_50_F_17.png Graphic file (type png)
<use ./save/D_50_F_17.png>
Package pdftex.def Info: ./save/D_50_F_17.png  used on input line 1952.
(pdftex.def)             Requested size: 154.80157pt x 193.49953pt.
<./save/D_50_F_18.png, id=3644, 578.16pt x 722.7pt>
File: ./save/D_50_F_18.png Graphic file (type png)
<use ./save/D_50_F_18.png>
Package pdftex.def Info: ./save/D_50_F_18.png  used on input line 1956.
(pdftex.def)             Requested size: 154.80157pt x 193.49953pt.
<./save/D_50_F_19.png, id=3645, 578.16pt x 722.7pt>
File: ./save/D_50_F_19.png Graphic file (type png)
<use ./save/D_50_F_19.png>
Package pdftex.def Info: ./save/D_50_F_19.png  used on input line 1960.
(pdftex.def)             Requested size: 154.80157pt x 193.49953pt.
<./save/D_50_F_20.png, id=3646, 578.16pt x 722.7pt>
File: ./save/D_50_F_20.png Graphic file (type png)
<use ./save/D_50_F_20.png>
Package pdftex.def Info: ./save/D_50_F_20.png  used on input line 1970.
(pdftex.def)             Requested size: 154.80157pt x 193.49953pt.
<./save/D_50_F_21.png, id=3647, 578.16pt x 722.7pt>
File: ./save/D_50_F_21.png Graphic file (type png)
<use ./save/D_50_F_21.png>
Package pdftex.def Info: ./save/D_50_F_21.png  used on input line 1974.
(pdftex.def)             Requested size: 154.80157pt x 193.49953pt.
<./save/D_50_F_22.png, id=3648, 578.16pt x 722.7pt>
File: ./save/D_50_F_22.png Graphic file (type png)
<use ./save/D_50_F_22.png>
Package pdftex.def Info: ./save/D_50_F_22.png  used on input line 1978.
(pdftex.def)             Requested size: 154.80157pt x 193.49953pt.
<./save/D_50_F_23.png, id=3649, 578.16pt x 722.7pt>
File: ./save/D_50_F_23.png Graphic file (type png)
<use ./save/D_50_F_23.png>
Package pdftex.def Info: ./save/D_50_F_23.png  used on input line 1988.
(pdftex.def)             Requested size: 154.80157pt x 193.49953pt.
<./save/D_50_F_24.png, id=3650, 578.16pt x 722.7pt>
File: ./save/D_50_F_24.png Graphic file (type png)
<use ./save/D_50_F_24.png>
Package pdftex.def Info: ./save/D_50_F_24.png  used on input line 1992.
(pdftex.def)             Requested size: 154.80157pt x 193.49953pt.
<./save/D_50_F_25.png, id=3651, 578.16pt x 722.7pt>
File: ./save/D_50_F_25.png Graphic file (type png)
<use ./save/D_50_F_25.png>
Package pdftex.def Info: ./save/D_50_F_25.png  used on input line 1996.
(pdftex.def)             Requested size: 154.80157pt x 193.49953pt.
 [28 <./save/D_50_F_14.png> <./save/D_50_F_15.png> <./save/D_50_F_16.png> <./sa
ve/D_50_F_17.png> <./save/D_50_F_18.png> <./save/D_50_F_19.png> <./save/D_50_F_
20.png> <./save/D_50_F_21.png> <./save/D_50_F_22.png>]
<./save/D_50_F_26.png, id=3664, 578.16pt x 722.7pt>
File: ./save/D_50_F_26.png Graphic file (type png)
<use ./save/D_50_F_26.png>
Package pdftex.def Info: ./save/D_50_F_26.png  used on input line 2006.
(pdftex.def)             Requested size: 154.80157pt x 193.49953pt.
<./save/D_50_F_27.png, id=3665, 578.16pt x 722.7pt>
File: ./save/D_50_F_27.png Graphic file (type png)
<use ./save/D_50_F_27.png>
Package pdftex.def Info: ./save/D_50_F_27.png  used on input line 2010.
(pdftex.def)             Requested size: 154.80157pt x 193.49953pt.
<./save/D_50_F_28.png, id=3666, 578.16pt x 722.7pt>
File: ./save/D_50_F_28.png Graphic file (type png)
<use ./save/D_50_F_28.png>
Package pdftex.def Info: ./save/D_50_F_28.png  used on input line 2014.
(pdftex.def)             Requested size: 154.80157pt x 193.49953pt.
<./save/D_50_F_29.png, id=3667, 578.16pt x 722.7pt>
File: ./save/D_50_F_29.png Graphic file (type png)
<use ./save/D_50_F_29.png>
Package pdftex.def Info: ./save/D_50_F_29.png  used on input line 2024.
(pdftex.def)             Requested size: 154.80157pt x 193.49953pt.
<./save/D_50_F_30.png, id=3668, 578.16pt x 722.7pt>
File: ./save/D_50_F_30.png Graphic file (type png)
<use ./save/D_50_F_30.png>
Package pdftex.def Info: ./save/D_50_F_30.png  used on input line 2028.
(pdftex.def)             Requested size: 154.80157pt x 193.49953pt.
File: ./save/D_50_F_30.png Graphic file (type png)
<use ./save/D_50_F_30.png>
Package pdftex.def Info: ./save/D_50_F_30.png  used on input line 2032.
(pdftex.def)             Requested size: 154.80157pt x 193.49953pt.
<./save/D_100_F_1.png, id=3669, 578.16pt x 722.7pt>
File: ./save/D_100_F_1.png Graphic file (type png)
<use ./save/D_100_F_1.png>
Package pdftex.def Info: ./save/D_100_F_1.png  used on input line 2043.
(pdftex.def)             Requested size: 154.80157pt x 193.49953pt.
<./save/D_100_F_3.png, id=3670, 578.16pt x 722.7pt>
File: ./save/D_100_F_3.png Graphic file (type png)
<use ./save/D_100_F_3.png>
Package pdftex.def Info: ./save/D_100_F_3.png  used on input line 2047.
(pdftex.def)             Requested size: 154.80157pt x 193.49953pt.
<./save/D_100_F_4.png, id=3671, 578.16pt x 722.7pt>
File: ./save/D_100_F_4.png Graphic file (type png)
<use ./save/D_100_F_4.png>
Package pdftex.def Info: ./save/D_100_F_4.png  used on input line 2051.
(pdftex.def)             Requested size: 154.80157pt x 193.49953pt.

[29 <./save/D_50_F_23.png> <./save/D_50_F_24.png> <./save/D_50_F_25.png> <./sav
e/D_50_F_26.png> <./save/D_50_F_27.png> <./save/D_50_F_28.png> <./save/D_50_F_2
9.png> <./save/D_50_F_30.png>]
<./save/D_100_F_5.png, id=3683, 578.16pt x 722.7pt>
File: ./save/D_100_F_5.png Graphic file (type png)
<use ./save/D_100_F_5.png>
Package pdftex.def Info: ./save/D_100_F_5.png  used on input line 2061.
(pdftex.def)             Requested size: 154.80157pt x 193.49953pt.
<./save/D_100_F_6.png, id=3684, 578.16pt x 722.7pt>
File: ./save/D_100_F_6.png Graphic file (type png)
<use ./save/D_100_F_6.png>
Package pdftex.def Info: ./save/D_100_F_6.png  used on input line 2065.
(pdftex.def)             Requested size: 154.80157pt x 193.49953pt.
<./save/D_100_F_7.png, id=3685, 578.16pt x 722.7pt>
File: ./save/D_100_F_7.png Graphic file (type png)
<use ./save/D_100_F_7.png>
Package pdftex.def Info: ./save/D_100_F_7.png  used on input line 2069.
(pdftex.def)             Requested size: 154.80157pt x 193.49953pt.
<./save/D_100_F_8.png, id=3686, 578.16pt x 722.7pt>
File: ./save/D_100_F_8.png Graphic file (type png)
<use ./save/D_100_F_8.png>
Package pdftex.def Info: ./save/D_100_F_8.png  used on input line 2079.
(pdftex.def)             Requested size: 154.80157pt x 193.49953pt.
<./save/D_100_F_9.png, id=3687, 578.16pt x 722.7pt>
File: ./save/D_100_F_9.png Graphic file (type png)
<use ./save/D_100_F_9.png>
Package pdftex.def Info: ./save/D_100_F_9.png  used on input line 2083.
(pdftex.def)             Requested size: 154.80157pt x 193.49953pt.
<./save/D_100_F_10.png, id=3688, 578.16pt x 722.7pt>
File: ./save/D_100_F_10.png Graphic file (type png)
<use ./save/D_100_F_10.png>
Package pdftex.def Info: ./save/D_100_F_10.png  used on input line 2087.
(pdftex.def)             Requested size: 154.80157pt x 193.49953pt.
<./save/D_100_F_11.png, id=3689, 578.16pt x 722.7pt>
File: ./save/D_100_F_11.png Graphic file (type png)
<use ./save/D_100_F_11.png>
Package pdftex.def Info: ./save/D_100_F_11.png  used on input line 2097.
(pdftex.def)             Requested size: 154.80157pt x 193.49953pt.
<./save/D_100_F_12.png, id=3690, 578.16pt x 722.7pt>
File: ./save/D_100_F_12.png Graphic file (type png)
<use ./save/D_100_F_12.png>
Package pdftex.def Info: ./save/D_100_F_12.png  used on input line 2101.
(pdftex.def)             Requested size: 154.80157pt x 193.49953pt.
<./save/D_100_F_13.png, id=3691, 578.16pt x 722.7pt>
File: ./save/D_100_F_13.png Graphic file (type png)
<use ./save/D_100_F_13.png>
Package pdftex.def Info: ./save/D_100_F_13.png  used on input line 2105.
(pdftex.def)             Requested size: 154.80157pt x 193.49953pt.
 [30 <./save/D_100_F_1.png> <./save/D_100_F_3.png> <./save/D_100_F_4.png> <./sa
ve/D_100_F_5.png> <./save/D_100_F_6.png> <./save/D_100_F_7.png> <./save/D_100_F
_8.png> <./save/D_100_F_9.png> <./save/D_100_F_10.png>]
<./save/D_100_F_14.png, id=3704, 578.16pt x 722.7pt>
File: ./save/D_100_F_14.png Graphic file (type png)
<use ./save/D_100_F_14.png>
Package pdftex.def Info: ./save/D_100_F_14.png  used on input line 2115.
(pdftex.def)             Requested size: 154.80157pt x 193.49953pt.
<./save/D_100_F_15.png, id=3705, 578.16pt x 722.7pt>
File: ./save/D_100_F_15.png Graphic file (type png)
<use ./save/D_100_F_15.png>
Package pdftex.def Info: ./save/D_100_F_15.png  used on input line 2119.
(pdftex.def)             Requested size: 154.80157pt x 193.49953pt.
<./save/D_100_F_16.png, id=3706, 578.16pt x 722.7pt>
File: ./save/D_100_F_16.png Graphic file (type png)
<use ./save/D_100_F_16.png>
Package pdftex.def Info: ./save/D_100_F_16.png  used on input line 2123.
(pdftex.def)             Requested size: 154.80157pt x 193.49953pt.
<./save/D_100_F_17.png, id=3707, 578.16pt x 722.7pt>
File: ./save/D_100_F_17.png Graphic file (type png)
<use ./save/D_100_F_17.png>
Package pdftex.def Info: ./save/D_100_F_17.png  used on input line 2133.
(pdftex.def)             Requested size: 154.80157pt x 193.49953pt.
<./save/D_100_F_18.png, id=3708, 578.16pt x 722.7pt>
File: ./save/D_100_F_18.png Graphic file (type png)
<use ./save/D_100_F_18.png>
Package pdftex.def Info: ./save/D_100_F_18.png  used on input line 2137.
(pdftex.def)             Requested size: 154.80157pt x 193.49953pt.
<./save/D_100_F_19.png, id=3709, 578.16pt x 722.7pt>
File: ./save/D_100_F_19.png Graphic file (type png)
<use ./save/D_100_F_19.png>
Package pdftex.def Info: ./save/D_100_F_19.png  used on input line 2141.
(pdftex.def)             Requested size: 154.80157pt x 193.49953pt.
<./save/D_100_F_20.png, id=3710, 578.16pt x 722.7pt>
File: ./save/D_100_F_20.png Graphic file (type png)
<use ./save/D_100_F_20.png>
Package pdftex.def Info: ./save/D_100_F_20.png  used on input line 2151.
(pdftex.def)             Requested size: 154.80157pt x 193.49953pt.
<./save/D_100_F_21.png, id=3711, 578.16pt x 722.7pt>
File: ./save/D_100_F_21.png Graphic file (type png)
<use ./save/D_100_F_21.png>
Package pdftex.def Info: ./save/D_100_F_21.png  used on input line 2155.
(pdftex.def)             Requested size: 154.80157pt x 193.49953pt.
<./save/D_100_F_22.png, id=3712, 578.16pt x 722.7pt>
File: ./save/D_100_F_22.png Graphic file (type png)
<use ./save/D_100_F_22.png>
Package pdftex.def Info: ./save/D_100_F_22.png  used on input line 2159.
(pdftex.def)             Requested size: 154.80157pt x 193.49953pt.
 [31 <./save/D_100_F_11.png> <./save/D_100_F_12.png> <./save/D_100_F_13.png> <.
/save/D_100_F_14.png> <./save/D_100_F_15.png> <./save/D_100_F_16.png> <./save/D
_100_F_17.png> <./save/D_100_F_18.png> <./save/D_100_F_19.png>]
<./save/D_100_F_23.png, id=3726, 578.16pt x 722.7pt>
File: ./save/D_100_F_23.png Graphic file (type png)
<use ./save/D_100_F_23.png>
Package pdftex.def Info: ./save/D_100_F_23.png  used on input line 2169.
(pdftex.def)             Requested size: 154.80157pt x 193.49953pt.
<./save/D_100_F_24.png, id=3727, 578.16pt x 722.7pt>
File: ./save/D_100_F_24.png Graphic file (type png)
<use ./save/D_100_F_24.png>
Package pdftex.def Info: ./save/D_100_F_24.png  used on input line 2173.
(pdftex.def)             Requested size: 154.80157pt x 193.49953pt.
<./save/D_100_F_25.png, id=3728, 578.16pt x 722.7pt>
File: ./save/D_100_F_25.png Graphic file (type png)
<use ./save/D_100_F_25.png>
Package pdftex.def Info: ./save/D_100_F_25.png  used on input line 2177.
(pdftex.def)             Requested size: 154.80157pt x 193.49953pt.
<./save/D_100_F_26.png, id=3729, 578.16pt x 722.7pt>
File: ./save/D_100_F_26.png Graphic file (type png)
<use ./save/D_100_F_26.png>
Package pdftex.def Info: ./save/D_100_F_26.png  used on input line 2187.
(pdftex.def)             Requested size: 154.80157pt x 193.49953pt.
<./save/D_100_F_27.png, id=3730, 578.16pt x 722.7pt>
File: ./save/D_100_F_27.png Graphic file (type png)
<use ./save/D_100_F_27.png>
Package pdftex.def Info: ./save/D_100_F_27.png  used on input line 2191.
(pdftex.def)             Requested size: 154.80157pt x 193.49953pt.
<./save/D_100_F_28.png, id=3731, 578.16pt x 722.7pt>
File: ./save/D_100_F_28.png Graphic file (type png)
<use ./save/D_100_F_28.png>
Package pdftex.def Info: ./save/D_100_F_28.png  used on input line 2195.
(pdftex.def)             Requested size: 154.80157pt x 193.49953pt.
<./save/D_100_F_29.png, id=3732, 578.16pt x 722.7pt>
File: ./save/D_100_F_29.png Graphic file (type png)
<use ./save/D_100_F_29.png>
Package pdftex.def Info: ./save/D_100_F_29.png  used on input line 2205.
(pdftex.def)             Requested size: 154.80157pt x 193.49953pt.
<./save/D_100_F_30.png, id=3733, 578.16pt x 722.7pt>
File: ./save/D_100_F_30.png Graphic file (type png)
<use ./save/D_100_F_30.png>
Package pdftex.def Info: ./save/D_100_F_30.png  used on input line 2209.
(pdftex.def)             Requested size: 154.80157pt x 193.49953pt.
File: ./save/D_100_F_30.png Graphic file (type png)
<use ./save/D_100_F_30.png>
Package pdftex.def Info: ./save/D_100_F_30.png  used on input line 2213.
(pdftex.def)             Requested size: 154.80157pt x 193.49953pt.
 [32 <./save/D_100_F_20.png> <./save/D_100_F_21.png> <./save/D_100_F_22.png> <.
/save/D_100_F_23.png> <./save/D_100_F_24.png> <./save/D_100_F_25.png> <./save/D
_100_F_26.png> <./save/D_100_F_27.png> <./save/D_100_F_28.png>] [33 <./save/D_1
00_F_29.png> <./save/D_100_F_30.png>] [34] [35] [36] [37] [38] [39] [40] [41] [
42]
(./Supplementaryfile.aux) ) 
Here is how much of TeX's memory you used:
 9814 strings out of 478353
 183527 string characters out of 5852101
 743603 words of memory out of 5000000
 27494 multiletter control sequences out of 15000+600000
 485258 words of font info for 195 fonts, out of 8000000 for 9000
 1144 hyphenation exceptions out of 8191
 55i,12n,62p,1537b,387s stack positions out of 5000i,500n,10000p,200000b,80000s
{c:/texlive/2021/texmf-dist/fonts/enc/dvips/base/8r.
enc}<c:/texlive/2021/texmf-dist/fonts/type1/public/txfonts/rtxmi.pfb><c:/texliv
e/2021/texmf-dist/fonts/type1/public/txfonts/rtxr.pfb><c:/texlive/2021/texmf-di
st/fonts/type1/public/txfonts/rtxsc.pfb><c:/texlive/2021/texmf-dist/fonts/type1
/public/txfonts/txsy.pfb><c:/texlive/2021/texmf-dist/fonts/type1/urw/times/utmb
8a.pfb><c:/texlive/2021/texmf-dist/fonts/type1/urw/times/utmr8a.pfb><c:/texlive
/2021/texmf-dist/fonts/type1/urw/times/utmri8a.pfb>
Output written on Supplementaryfile.pdf (42 pages, 15234221 bytes).
PDF statistics:
 3813 PDF objects out of 4296 (max. 8388607)
 977 compressed objects within 10 object streams
 0 named destinations out of 1000 (max. 500000)
 1401 words of extra memory for PDF output out of 10000 (max. 10000000)

