ID,Name,Gene Name,GenBank Protein ID,GenBank Gene ID,UniProt ID,Uniprot Title,PDB ID,GeneCard ID,GenAtlas ID,HGNC ID,Species,Drug IDs
1,Peptidoglycan synthase FtsI,ftsI,1574687,L42023,P45059,FTSI_HAEIN,,,,,Haemophilus influenzae (strain ATCC 51907 / DSM 11121 / KW20 / Rd),DB00303
4,Coagulation factor XIII A chain,F13A1,182309,M22001,P00488,F13A_HUMAN,1EVU; 1EX0; 1F13; 1FIE; 1GGT; 1GGU; 1GGY; 1QRK; 4KTY; 5MHL; 5MHM; 5MHN; 5MHO,F13A1,F13A1,HGNC:3531,Humans,DB11300; DB11311; DB11571; DB13151
5,"Nitric oxide synthase, inducible",NOS2,292242,L09210,P35228,NOS2_HUMAN,1NSI; 2LL6; 2NSI; 3E7G; 3EJ8; 3HR4; 4CX7; 4NOS; 5TP6; 5XN3; 6JWM; 6JWN; 6KEY,NOS2,NOS2A,HGNC:7873,Humans,DB08814; DB11327; DB11672
8,"NAD(P) transhydrogenase, mitochondrial",NNT,1110520,U40490,Q13423,NNTM_HUMAN,1DJL; 1PT9; 1U31,NNT,NNT,HGNC:7863,Humans,DB09092
11,"Isocitrate dehydrogenase [NAD] subunit alpha, mitochondrial",IDH3A,706839,U07681,P50213,IDH3A_HUMAN,5GRE; 5GRF; 5GRH; 5GRI; 5GRL; 5YVT; 6KDE; 6KDF; 6KDY; 6KE3; 6L57; 6L59; 7CE3; 8GRB; 8GRD; 8GRG; 8GRH; 8GRU; 8GS5,IDH3A,IDH3A,HGNC:5384,Humans,DB09092; DB13874; DB17097
12,Voltage-dependent T-type calcium channel subunit alpha-1I,CACNA1I,5565888,AF129133,Q9P0X4,CAC1I_HUMAN,7WLI; 7WLJ; 7WLK; 7WLL,CACNA1I,CACNA1I,HGNC:1396,Humans,DB00381; DB00568; DB00617; DB00909; DB04841
13,Adenosine receptor A1,ADORA1,256155,S45235,P30542,AA1R_HUMAN,5N2S; 5UEN; 6D9H; 7LD3; 7LD4,ADORA1,ADORA1,HGNC:262,Humans,DB00193; DB00201; DB00277; DB00640; DB00651; DB01223; DB01303; DB04932; DB07776
14,Tyrosine-protein kinase ABL1,ABL1,28237,X16416,P00519,ABL1_HUMAN,1AB2; 1AWO; 1BBZ; 1JU5; 1OPL; 1ZZP; 2ABL; 2E2B; 2F4J; 2FO0; 2G1T; 2G2F; 2G2H; 2G2I; 2GQG; 2HIW; 2HYY; 2HZ0; 2HZ4; 2HZI; 2O88; 2V7A; 3CS9; 3EG0; 3EG1; 3EG2; 3EG3; 3EGU; 3K2M; 3PYY; 3QRI; 3QRJ; 3QRK; 3T04; 3UE4; 3UYO; 4J9B; 4J9C; 4J9D; 4J9E; 4J9F; 4J9G; 4J9H; 4J9I; 4JJB; 4JJC; 4JJD; 4TWP; 4WA9; 4XEY; 4YC8; 4ZOG; 5DC0; 5DC4; 5DC9; 5HU9; 5MO4; 5NP2; 5OAZ; 6AMV; 6AMW; 6BL8; 6NPE; 6NPU; 6NPV; 6XR6; 6XR7; 6XRG; 7CC2; 7DT2; 7N9G; 7PVQ; 7PVR; 7PVS; 7PVV; 7PW2; 7W7X; 7W7Y; 8H7F; 8H7H; 8SSN,ABL1,ABL1,HGNC:76,Humans,DB00619; DB01254; DB04868; DB06616; DB06626; DB08896; DB08901; DB12597
15,High affinity immunoglobulin epsilon receptor subunit alpha,FCER1A,31318,X06948,P12319,FCERA_HUMAN,1F2Q; 1F6A; 1J86; 1J87; 1J88; 1J89; 1RPQ; 2Y7Q; 7SHT; 8C1B; 8C1C; 8Z0T; 9EQ3; 9EQ4,FCER1A,FCER1A,HGNC:3609,Humans,DB00895
16,Coagulation factor VIII,F8,182818,M14113,P00451,FA8_HUMAN,1CFG; 1D7P; 1FAC; 1IQD; 2R7E; 3CDZ; 3HNB; 3HNY; 3HOB; 3J2Q; 3J2S; 4BDV; 4KI5; 4PT6; 4XZU; 5K8D; 6MF0; 6MF2; 7K66; 7KBT; 7KWO; 8G6I; 8TY1; 9D5D,F8,F8,HGNC:3546,Humans,DB00055; DB00100; DB11300; DB11312; DB11571; DB11572; DB12872; DB13133; DB13151; DB13152; DB13933; DB14700
17,Prostaglandin G/H synthase 1,PTGS1,387018,M31822,P23219,PGH1_HUMAN,6Y3C,PTGS1,PTGS1,HGNC:9604,Humans,DB00159; DB00233; DB00244; DB00316; DB00465; DB00573; DB00586; DB00788; DB00795; DB00812; DB00870; DB00936; DB00939; DB00945; DB00963; DB00991; DB01014; DB01050; DB01283; DB01399; DB01401; DB01435; DB01600; DB02266; DB03756; DB04817; DB06725; DB06736; DB06802; DB08814; DB08981; DB09084; DB09212; DB09216; DB11071; DB11079; DB11085; DB11201; DB11323; DB11672; DB13346; DB13783; DB14086
19,30S ribosomal protein S4,rpsD,42798,X02543,P0A7V8,RS4_ECOLI,1EG0; 1M5G; 2YKR; 3J9Y; 3J9Z; 3JA1; 4A2I; 4ADV; 4U1U; 4U1V; 4U20; 4U24; 4U25; 4U26; 4U27; 4V47; 4V48; 4V4H; 4V4Q; 4V4V; 4V4W; 4V50; 4V52; 4V53; 4V54; 4V55; 4V56; 4V57; 4V5B; 4V5H; 4V5Y; 4V64; 4V65; 4V66; 4V69; 4V6C; 4V6D; 4V6E; 4V6K; 4V6L; 4V6M; 4V6N; 4V6O; 4V6P; 4V6Q; 4V6R; 4V6S; 4V6T; 4V6V; 4V6Y; 4V6Z; 4V70; 4V71; 4V72; 4V73; 4V74; 4V75; 4V76; 4V77; 4V78; 4V79; 4V7A; 4V7B; 4V7C; 4V7D; 4V7I; 4V7S; 4V7T; 4V7U; 4V7V; 4V85; 4V89; 4V9C; 4V9D; 4V9O; 4V9P; 4WF1; 4WOI; 4WWW; 4YBB; 5AFI,,,,Escherichia coli (strain K12),DB00256; DB00595; DB01017; DB12329
20,D(1A) dopamine receptor,DRD1,30397,X55760,P21728,DRD1_HUMAN,7CKW; 7CKX; 7CKY; 7CKZ; 7CRH; 7F0T; 7F1O; 7F1Z; 7F23; 7F24; 7JOZ; 7JV5; 7JVP; 7JVQ; 7LJC; 7LJD; 7X2C; 7X2D; 7X2F; 8IRR; 8JXR; 8JXS,DRD1,DRD1,HGNC:3020,Humans,DB00353; DB00477; DB00508; DB00623; DB00679; DB00800; DB00850; DB00875; DB00988; DB01186; DB01235; DB01239; DB01608; DB01621; DB01623; DB01624; DB11160
21,Thymidylate synthase,TMP1,7537304,J04230,P12461,TYSY_CANAL,,,,,Yeast,DB00293; DB00322; DB00432; DB00537; DB00544; DB00642; DB01099; DB01101
23,Vascular endothelial growth factor receptor 3,FLT4,297050,X69878,P35916,VGFR3_HUMAN,4BSJ; 4BSK,FLT4,FLT4,HGNC:3767,Humans,DB00398; DB01268; DB06589; DB06626; DB08896; DB09078; DB09079; DB11679; DB11800
24,Amiloride-sensitive sodium channel subunit beta,SCNN1B,1004271,X87159,P51168,SCNNB_HUMAN,6BQN; 6WTH,SCNN1B,SCNN1B,HGNC:10600,Humans,DB00384; DB00594
25,Collagen alpha-1(I) chain,COL1A1,1418928,Z74615,P02452,CO1A1_HUMAN,1Q7D; 2LLP; 3EJH; 3GXE; 5CTD; 5CTI; 5CVA; 5CVB; 5K31; 5OU8; 5OU9; 7E7B; 7E7D,COL1A1,COL1A1,HGNC:2197,Humans,DB00048; DB12872; DB13133
26,Tubulin beta-1 chain,TUBB1,11230445,AJ292757,Q9H4B7,TBB1_HUMAN,,TUBB1,TUBB1,HGNC:16257,Humans,DB00309; DB01229; DB01248; DB06772; DB08871
27,"NADH dehydrogenase [ubiquinone] flavoprotein 3, mitochondrial",NDUFV3,6002197,X99726,P56181,NDUV3_HUMAN,5XTB; 5XTD; 5XTH; 5XTI,NDUFV3,NDUFV3,HGNC:7719,Humans,DB09270
29,Vascular endothelial growth factor receptor 1,FLT1,31432,X51602,P17948,VGFR1_HUMAN,1FLT; 1QSV; 1QSZ; 1QTY; 1RV6; 2XAC; 3HNG; 4CKV; 4CL7; 5ABD; 5EX3; 5T89,FLT1,FLT1,HGNC:3763,Humans,DB00398; DB01268; DB06589; DB06626; DB08896; DB09078; DB09079; DB10770; DB11679; DB11800
30,Cystine/glutamate transporter,SLC7A11,5668545,AB026891,Q9UPY5,XCT_HUMAN,7CCS; 7EPZ; 7P9U; 7P9V,SLC7A11,SLC7A11,HGNC:11059,Humans,DB00740; DB06151
33,Insulin receptor,INSR,307070,M10051,P06213,INSR_HUMAN,1GAG; 1I44; 1IR3; 1IRK; 1P14; 1RQQ; 2AUH; 2B4S; 2HR7; 2MFR; 2Z8C; 3BU3; 3BU5; 3BU6; 3EKK; 3EKN; 3ETA; 3W11; 3W12; 3W13; 4IBM; 4OGA; 4XLV; 4XSS; 4XST; 4ZXB; 5E1S; 5HHW; 5J3H; 5KQV; 5U1M; 6HN4; 6HN5; 6PXV; 6PXW; 6SOF; 6VEP; 6VEQ; 7BW7; 7BW8; 7BWA; 7KD6; 7MQO; 7MQR; 7MQS; 7PG0; 7PG2; 7PG3; 7PG4; 7PHT; 7QID; 7S0Q; 7S8V; 7U6D; 7U6E; 7YQ3; 7YQ4; 7YQ5; 7YQ6; 8DWN; 8GUY; 8U4B; 8U4C; 8U4E; 8VJB; 8VJC,INSR,INSR,HGNC:6091,Humans,DB00030; DB00046; DB00047; DB00071; DB01306; DB01307; DB01309; DB09129; DB09456; DB09564; DB16693
9054,Probable arabinosyltransferase A,embA,,,P9WNL9,EMBA_MYCTU,,,,,Mycobacterium tuberculosis,DB00330
36,RAF proto-oncogene serine/threonine-protein kinase,RAF1,35842,X03484,P04049,RAF1_HUMAN,1C1Y; 1FAQ; 1FAR; 1GUA; 1RFA; 3CU8; 3IQJ; 3IQU; 3IQV; 3KUC; 3KUD; 3NKX; 3O8I; 3OMV; 4FJ3; 4G0N; 4G3X; 4IEA; 4IHL; 6NTC; 6NTD; 6PTS; 6PTW; 6VJJ; 6XGU; 6XGV; 6XHA; 6XHB; 6XI7; 7JHP; 7Z37; 7Z38; 8A68; 8A6F; 8A6H; 8ATR; 8ATS; 8AV0; 8CHF; 8CPD; 8EPW; 8GAE; 8GFT; 8JOF; 8JOG; 8T74; 8T75; 8U1L; 9AXA; 9AXC; 9AY7; 9AYA,RAF1,RAF1,HGNC:9829,Humans,DB00398; DB08896; DB08912; DB11718; DB15266
41,Coagulation factor V,F5,182412,M16967,P12259,FA5_HUMAN,1CZS; 1CZT; 1CZV; 3P6Z; 3P70; 3S9C; 7KVE; 7KVF; 7KXY; 7TPP; 8FDG; 8TN9; 9CTH,F5,F5,HGNC:3542,Humans,DB00055; DB11300; DB11312; DB11571; DB11572; DB13149; DB13151
42,Pyridoxal kinase,PDXK,1946349,U89606,O00764,PDXK_HUMAN,2AJP; 2F7K; 2YXT; 2YXU; 3FHX; 3FHY; 3KEU; 4EN4; 4EOH; 8WR2,PDXK,PDXK,HGNC:8819,Humans,DB00165
43,Endothelin receptor type B,EDNRB,182276,M74921,P24530,EDNRB_HUMAN,5GLH; 5GLI; 5X93; 5XPR; 6IGK; 6IGL; 6LRY; 8HBD; 8HCX; 8IY5; 8IY6; 8XGR; 8XVE; 8XVH,EDNRB,EDNRB,HGNC:3180,Humans,DB00559; DB15059
45,Muscarinic acetylcholine receptor M3,CHRM3,32324,X15266,P20309,ACM3_HUMAN,2CSA; 8E9W; 8E9Y; 8E9Z; 8EA0,CHRM3,CHRM3,HGNC:1952,Humans,DB00185; DB00332; DB00383; DB00387; DB00496; DB00517; DB00572; DB00725; DB00747; DB00986; DB01019; DB01036; DB01062; DB01085; DB01231; DB01409; DB01591; DB01625; DB04843; DB06702; DB06709; DB06787; DB08897; DB09076; DB09089; DB09167; DB09300; DB11181; DB11315; DB12278; DB13262; DB13720; DB15357; DB19325
46,Pyruvate kinase PKLR,PKLR,3327365,AB015983,P30613,KPYR_HUMAN,2VGB; 2VGF; 2VGG; 2VGI; 4IMA; 4IP7; 5SC8; 5SC9; 5SCA; 5SCB; 5SCC; 5SCD; 5SCE; 5SCF; 5SCG; 5SCH; 5SCI; 5SCJ; 5SCK; 5SCL; 5SDT; 6NN4; 6NN5; 6NN7; 6NN8; 7FRV; 7FRW; 7FRX; 7FRY; 7FRZ; 7FS0; 7FS1; 7FS2; 7FS3; 7FS4; 7FS5; 7FS6; 7FS7; 7FS8; 7FS9; 7FSA; 7FSB; 7FSC; 7FSD; 7QDN; 7QZU; 8TBS; 8TBT; 8TBU; 8XFD,PKLR,PKLR,HGNC:9020,Humans,DB16236
47,Solute carrier family 12 member 5,SLC12A5,12003227,AF208159,Q9H2X9,S12A5_HUMAN,6M23; 7D8Z,SLC12A5,SLC12A5,HGNC:13818,Humans,DB00887
48,Prothrombin,F2,339641,M17262,P00734,THRB_HUMAN,1A2C; 1A3B; 1A3E; 1A46; 1A4W; 1A5G; 1A61; 1ABI; 1ABJ; 1AD8; 1AE8; 1AFE; 1AHT; 1AI8; 1AIX; 1AWF; 1AWH; 1AY6; 1B5G; 1B7X; 1BA8; 1BB0; 1BCU; 1BHX; 1BMM; 1BMN; 1BTH; 1C1U; 1C1V; 1C1W; 1C4U; 1C4V; 1C4Y; 1C5L; 1C5N; 1C5O; 1CA8; 1D3D; 1D3P; 1D3Q; 1D3T; 1D4P; 1D6W; 1D9I; 1DE7; 1DIT; 1DM4; 1DOJ; 1DWB; 1DWC; 1DWD; 1DWE; 1DX5; 1E0F; 1EB1; 1EOJ; 1EOL; 1FPC; 1FPH; 1G30; 1G32; 1G37; 1GHV; 1GHW; 1GHX; 1GHY; 1GJ4; 1GJ5; 1H8D; 1H8I; 1HAG; 1HAH; 1HAI; 1HAO; 1HAP; 1HBT; 1HDT; 1HGT; 1HLT; 1HUT; 1HXE; 1HXF; 1IHS; 1IHT; 1JMO; 1JOU; 1JWT; 1K21; 1K22; 1KTS; 1KTT; 1LHC; 1LHD; 1LHE; 1LHF; 1LHG; 1MH0; 1MU6; 1MU8; 1MUE; 1NM6; 1NO9; 1NRN; 1NRO; 1NRP; 1NRQ; 1NRR; 1NRS; 1NT1; 1NU7; 1NU9; 1NY2; 1NZQ; 1O0D; 1O2G; 1O5G; 1OOK; 1OYT; 1P8V; 1PPB; 1QBV; 1QHR; 1QJ1; 1QJ6; 1QJ7; 1QUR; 1RD3; 1RIW; 1SB1; 1SFQ; 1SG8; 1SGI; 1SHH; 1SL3; 1SR5; 1T4U; 1T4V; 1TA2; 1TA6; 1TB6; 1TBZ; 1THP; 1THR; 1THS; 1TMB; 1TMT; 1TMU; 1TOM; 1TQ0; 1TQ7; 1TWX; 1UMA; 1UVS; 1VR1; 1VZQ; 1W7G; 1WAY; 1WBG; 1XM1; 1XMN; 1YPE; 1YPG; 1YPJ; 1YPK; 1YPL; 1YPM; 1Z71; 1Z8I; 1Z8J; 1ZGI; 1ZGV; 1ZRB; 2A0Q; 2A2X; 2A45; 2AFQ; 2ANK; 2ANM; 2B5T; 2BDY; 2BVR; 2BVS; 2BVX; 2BXT; 2BXU; 2C8W; 2C8X; 2C8Y; 2C8Z; 2C90; 2C93; 2CF8; 2CF9; 2CN0; 2FEQ; 2FES; 2GDE; 2GP9; 2H9T; 2HGT; 2HNT; 2HPP; 2HPQ; 2HWL; 2JH0; 2JH5; 2JH6; 2OD3; 2PGB; 2PGQ; 2PKS; 2PW8; 2R2M; 2THF; 2UUF; 2UUJ; 2UUK; 2V3H; 2V3O; 2ZC9; 2ZDA; 2ZDV; 2ZF0; 2ZFF; 2ZFP; 2ZFQ; 2ZFR; 2ZG0; 2ZGB; 2ZGX; 2ZHE; 2ZHF; 2ZHQ; 2ZHW; 2ZI2; 2ZIQ; 2ZNK; 2ZO3; 3B23; 3B9F; 3BEF; 3BEI; 3BF6; 3BIU; 3BIV; 3BV9; 3C1K; 3C27; 3D49; 3DA9; 3DD2; 3DHK; 3DT0; 3DUX; 3E6P; 3EE0; 3EGK; 3EQ0; 3F68; 3GIC; 3GIS; 3HAT; 3HKJ; 3HTC; 3JZ1; 3JZ2; 3K65; 3LDX; 3LU9; 3NXP; 3P17; 3P6Z; 3P70; 3PMH; 3PO1; 3QDZ; 3QGN; 3QLP; 3QTO; 3QTV; 3QWC; 3QX5; 3R3G; 3RLW; 3RLY; 3RM0; 3RM2; 3RML; 3RMM; 3RMN; 3RMO; 3S7H; 3S7K; 3SHA; 3SHC; 3SI3; 3SI4; 3SQE; 3SQH; 3SV2; 3T5F; 3TU7; 3U69; 3U8O; 3U8R; 3U8T; 3U98; 3U9A; 3UTU; 3UWJ; 3VXE; 3VXF; 4AX9; 4AYV; 4AYY; 4AZ2; 4BAH; 4BAK; 4BAM; 4BAN; 4BAO; 4BAQ; 4BOH; 4CH2; 4CH8; 4DIH; 4DII; 4DT7; 4DY7; 4E05; 4E06; 4E7R; 4H6S; 4H6T; 4HFP; 4HTC; 4HZH; 4I7Y; 4LOY; 4LXB; 4LZ1; 4LZ4; 4MLF; 4NZQ; 4O03; 4RKJ; 4RKO; 4RN6; 4THN; 4UD9; 4UDW; 4UE7; 4UEH; 4UFD; 4UFE; 4UFF; 4UFG; 4YES; 5A2M; 5AF9; 5AFY; 5AFZ; 5AHG; 5CMX; 5DO4; 5E8E; 5EDK; 5EDM; 5EW1; 5EW2; 5GDS; 5GIM; 5JDU; 5JFD; 5JZY; 5L6N; 5MJT; 5MLS; 5MM6; 5NHU; 5TO3; 5Z5W; 5Z5X; 6BJR; 6C2W; 6EO6; 6EO7; 6EO8; 6EO9; 6V5T; 7KME; 7TPP; 8BWW; 8KME; 8UF7; 9CTH,F2,F2,HGNC:3535,Humans,DB00001; DB00006; DB00114; DB00278; DB01125; DB04898; DB05777; DB06695; DB09109; DB09228; DB11166; DB13151; DB14726; DB14738
49,High affinity immunoglobulin epsilon receptor subunit gamma,FCER1G,182488,M33195,P30273,FCERG_HUMAN,7Q5T,FCER1G,FCER1G,HGNC:3611,Humans,DB00895
50,Delta-aminolevulinic acid dehydratase,ALAD,178329,M13928,P13716,HEM2_HUMAN,1E51; 1PV8; 5HMS; 5HNR,ALAD,ALAD,HGNC:395,Humans,DB00855
51,3 beta-hydroxysteroid dehydrogenase/Delta 5-->4-isomerase type 1,HSD3B1,306889,M27137,P14060,3BHS1_HUMAN,,HSD3B1,HSD3B1,HGNC:5217,Humans,DB01108
55,Glycine receptor subunit beta,GLRB,992687,U33267,P48167,GLRB_HUMAN,5BKF; 5BKG; 7KUY; 7L31; 8DN2; 8DN3; 8DN4; 8DN5,GLRB,GLRB,HGNC:4329,Humans,DB01956
57,Neuraminidase,NA,324460,K01150,P06818,NRAM_I79A0,,,,,Influenza A virus (strain A/Bangkok/1/1979 H3N2),DB00558; DB06614
58,Matrix metalloproteinase-9,MMP9,177205,J05070,P14780,MMP9_HUMAN,1GKC; 1GKD; 1ITV; 1L6J; 2OVX; 2OVZ; 2OW0; 2OW1; 2OW2; 4H1Q; 4H2E; 4H3X; 4H82; 4HMA; 4JIJ; 4JQG; 4WZV; 4XCT; 5CUH; 5I12; 5TH6; 5TH9; 5UE3; 5UE4; 6ESM; 8K5V; 8K5W; 8K5X; 8K5Y,MMP9,MMP9,HGNC:7176,Humans,DB11672
59,3 beta-hydroxysteroid dehydrogenase/Delta 5-->4-isomerase type 2,HSD3B2,184401,M67466,P26439,3BHS2_HUMAN,,HSD3B2,HSD3B2,HGNC:5218,Humans,DB01108
61,Cannabinoid receptor 1,CNR1,29915,X54937,P21554,CNR1_HUMAN,1LVQ; 1LVR; 2B0Y; 2KOE; 2MZ2; 2MZ3; 2MZA; 5TGZ; 5U09; 5XR8; 5XRA; 6KPG; 6KQI; 6N4B; 7FEE; 7V3Z; 7WV9; 8GAG; 8GHV; 8IKG; 8IKH; 8K8J; 8WRZ; 8WU1; 9ERX,CNR1,CNR1,HGNC:2159,Humans,DB00470; DB00486; DB01083; DB06155; DB09061
62,Type-1 angiotensin II receptor,AGTR1,179122,M91464,P30556,AGTR1_HUMAN,4YAY; 4ZUD; 6DO1; 6OS0; 6OS1; 6OS2,AGTR1,AGTR1,HGNC:336,Humans,DB00177; DB00275; DB00678; DB00796; DB00876; DB00966; DB01029; DB08822; DB12548
64,Prostaglandin E2 receptor EP1 subtype,PTGER1,410209,L22647,P34995,PE2R1_HUMAN,,PTGER1,PTGER1,HGNC:9593,Humans,DB00429; DB00770; DB00905; DB00917; DB00929; DB01088; DB12789
66,B-lymphocyte antigen CD20,MS4A1,29774,X12530,P11836,CD20_HUMAN,2OSL; 3BKY; 3PP4; 6VJA; 6Y90; 6Y92; 6Y97; 6Y9A,MS4A1,MS4A1,HGNC:7315,Humans,DB00073; DB00078; DB00081; DB06650; DB08935; DB09336; DB11850; DB11988; DB15434; DB16371; DB16672
67,Nitric oxide synthase 1,NOS1,642526,U17327,P29475,NOS1_HUMAN,4D1N; 4UCH; 4UH5; 4UH6; 4V3U; 5ADF; 5ADG; 5ADI; 5FVU; 5FVV; 5FVW; 5FVX; 5UO1; 5UO2; 5UO3; 5UO4; 5UO5; 5UO6; 5UO7; 5VUV; 5VUW; 5VUX; 5VUY; 5VUZ; 5VV0; 5VV1; 5VV2; 5VV3; 5VV4; 5VV5; 6AUY; 6AUZ; 6AV0; 6AV1; 6AV2; 6AV3; 6AV4; 6AV5; 6CIC; 6CID; 6NG1; 6NG2; 6NG4; 6NG5; 6NG6; 6NG7; 6NG8; 6NGA; 6NGB; 6NGC; 6NGD; 6NGE; 6NGF; 6NGH; 6NGI; 6NHB; 6NHC; 6PNA; 6PNB; 6PNC; 6PND; 6PNE; 6PNF; 6PNG; 6PNH; 6PO5; 6PO7; 6PO8; 6PO9; 6POA; 6POB; 6POC; 6POT; 7TS1; 7TS2; 7TS3; 7TS4; 7TS5; 7TS6; 7TS7; 7TS8; 7UAM; 7US7; 7US8; 8BI8; 8BI9; 8FGF; 8FGG; 8FGH; 8FGI; 8FGJ; 8FGK; 8FGL; 8FGM; 8UFP; 8UFQ,NOS1,NOS1,HGNC:7872,Humans,DB01221; DB03147; DB09241
68,L-lactate dehydrogenase B chain,LDHB,1200083,X13794,P07195,LDHB_HUMAN,1I0Z; 1T2F; 7DBJ; 7DBK,LDHB,LDHB,HGNC:6541,Humans,DB09118
69,"Acetyl-CoA acetyltransferase, mitochondrial",ACAT1,219918,D90228,P24752,THIL_HUMAN,2F2S; 2IB7; 2IB8; 2IB9; 2IBU; 2IBW; 2IBY,ACAT1,ACAT1,HGNC:93,Humans,DB00795; DB04812
70,Group 10 secretory phospholipase A2,PLA2G10,2289237,U95301,O15496,PA2GX_HUMAN,1LE6; 1LE7; 4UY1; 5G3M; 5OW8; 5OWC; 6G5J,PLA2G10,PLA2G10,HGNC:9029,Humans,DB13893; DB13894
71,Peroxisome proliferator-activated receptor alpha,PPARA,307341,L02932,Q07869,PPARA_HUMAN,1I7G; 1K7L; 1KKQ; 2NPA; 2P54; 2REW; 2ZNN; 3ET1; 3FEI; 3G8I; 3KDT; 3KDU; 3SP6; 3VI8; 4BCR; 4CI4; 5AZT; 5HYK; 6KAX; 6KAY; 6KAZ; 6KB0; 6KB1; 6KB2; 6KB3; 6KB4; 6KB5; 6KB6; 6KB7; 6KB8; 6KB9; 6KBA; 6KXX; 6KXY; 6KYP; 6L36; 6L37; 6L38; 6L96; 6LX4; 6LX5; 6LX6; 6LX7; 6LX8; 6LX9; 6LXA; 6LXB; 6LXC; 7BPY; 7BPZ; 7BQ0; 7BQ1; 7BQ2; 7BQ3; 7BQ4; 7C6Q; 7E5F; 7E5G; 7E5H; 7E5I; 8HUK; 8HUN; 8HUQ,PPARA,PPARA,HGNC:9232,Humans,DB00636; DB01039; DB01241; DB01393; DB03756; DB05187; DB09064; DB09422; DB13873
75,Growth hormone receptor,GHR,31738,X06562,P10912,GHR_HUMAN,1A22; 1AXI; 1HWG; 1HWH; 1KF9; 2AEW; 3HHR; 5OEK; 5OHD; 6I5J; 6I5N,GHR,GHR,HGNC:4263,Humans,DB00052; DB00082; DB09098; DB14960; DB15093; DB16220
77,Hypoxanthine-guanine phosphoribosyltransferase,HPRT1,306885,M31642,P00492,HPRT_HUMAN,1BZY; 1D6N; 1HMP; 1Z7G; 2VFA; 3GEP; 3GGC; 3GGJ; 4IJQ; 4KN6; 4RAB; 4RAC; 4RAD; 4RAN; 4RAO; 4RAQ; 5BRN; 5BSK; 5HIA; 5W8V; 6BNJ; 7SAN; 8TPY,HPRT1,HPRT1,HGNC:5157,Humans,DB01033
78,Retinoic acid receptor RXR-beta,RXRB,30448,X63522,P28702,RXRB_HUMAN,1H9U; 1UHL; 5HJP; 5I4V; 5KYA; 5KYJ; 7A78,RXRB,RXRB,HGNC:10478,Humans,DB00210; DB00307; DB00459; DB00523; DB00755; DB00799; DB03756
80,Tryptophan 5-hydroxylase 2,TPH2,27497159,AY098914,Q8IWU9,TPH2_HUMAN,4V06; 7QRI; 7WIY,TPH2,TPH2,HGNC:20692,Humans,DB12095
82,Creatine kinase B-type,CKB,180572,M16451,P12277,KCRB_HUMAN,3B6R; 3DRB; 3DRE; 6V9H; 7BF1; 7TUN,CKB,CKB,HGNC:1991,Humans,DB00148
83,CAMPATH-1 antigen,CD52,29646,X62466,P31358,CD52_HUMAN,6OBD,CD52,CD52,HGNC:1804,Humans,DB00087
84,5-hydroxytryptamine receptor 4,HTR4,2661757,Y12505,Q13639,5HT4R_HUMAN,5EM9; 7XT8; 7XT9; 7XTA,HTR4,HTR4,HGNC:5299,Humans,DB00604; DB01079; DB01233; DB06480
85,Ferritin light chain,FTL,182514,M11147,P02792,FRIL_HUMAN,2FFX; 2FG4; 2FG8; 3KXU; 4V6B; 5LG8; 6TR9; 6TS0; 6TS1; 6TSA; 6TSF; 6TSJ; 6WX6,FTL,FTL,HGNC:3999,Humans,DB00893; DB09517; DB13995
90,Voltage-gated inwardly rectifying potassium channel KCNH2,KCNH2,487738,U04270,Q12809,KCNH2_HUMAN,1BYW; 1UJL; 2L0W; 2L1M; 2L4R; 2LE7; 2N7G; 4HP9; 4HQA; 5VA1; 5VA2; 5VA3; 6SYG; 8IO4; 9CHP; 9CHQ; 9CHR; 9CHS,KCNH2,KCNH2,HGNC:6251,Humans,DB00204; DB00252; DB00308; DB00489; DB01035; DB01100; DB01182; DB01218; DB04855
91,"DNA topoisomerase I, mitochondrial",TOP1MT,15919359,AF349031,Q969P6,TOP1M_HUMAN,,TOP1MT,TOP1MT,HGNC:29787,Humans,DB00762
92,Muscarinic acetylcholine receptor M1,CHRM1,34451,X52068,P11229,ACM1_HUMAN,5CXV; 6OIJ; 6WJC; 6ZFZ; 6ZG4; 6ZG9,CHRM1,CHRM1,HGNC:1950,Humans,DB00185; DB00219; DB00245; DB00332; DB00340; DB00354; DB00376; DB00383; DB00387; DB00392; DB00411; DB00424; DB00462; DB00508; DB00517; DB00572; DB00670; DB00725; DB00747; DB00771; DB00782; DB00804; DB00809; DB00810; DB00942; DB00979; DB00986; DB01036; DB01062; DB01085; DB01148; DB01231; DB01233; DB04843; DB08897; DB09089; DB09167; DB11181; DB12278; DB13262; DB13720; DB15357
94,Sodium-dependent multivitamin transporter,SLC5A6,5006439,AF116241,Q9Y289,SC5A6_HUMAN,,SLC5A6,SLC5A6,HGNC:11041,Humans,DB08872
95,Cannabinoid receptor 2,CNR2,407807,X74328,P34972,CNR2_HUMAN,2KI9; 5ZTY; 6KPC; 6KPF; 6PT0; 8GUQ; 8GUR; 8GUS; 8GUT,CNR2,CNR2,HGNC:2160,Humans,DB00470; DB00486; DB09061
99,Cysteinyl leukotriene receptor 2,CYSLTR2,9663958,AB038269,Q9NS75,CLTR2_HUMAN,,CYSLTR2,CYSLTR2,HGNC:18274,Humans,DB00716
101,S-adenosylmethionine decarboxylase proenzyme,AMD1,178518,M21154,P17707,DCAM_HUMAN,1I72; 1I79; 1I7B; 1I7C; 1I7M; 1JEN; 1JL0; 1MSV; 3DZ2; 3DZ3; 3DZ4; 3DZ5; 3DZ6; 3DZ7; 3EP3; 3EP4; 3EP5; 3EP6; 3EP7; 3EP8; 3EP9; 3EPA; 3EPB; 3H0V; 3H0W,AMD1,AMD1,HGNC:457,Humans,DB03754
103,Penicillin-binding protein 2,mrdA,1572976,L42023,P44469,PBP2_HAEIN,,,,,Haemophilus influenzae (strain ATCC 51907 / DSM 11121 / KW20 / Rd),DB00303
105,Sterol O-acyltransferase 1,SOAT1,4878022,L21934,P35610,SOAT1_HUMAN,6L47; 6L48; 6P2J; 6P2P; 6VUM,SOAT1,SOAT1,HGNC:11177,Humans,DB00973
110,P2Y purinoceptor 12,P2RY12,12083902,AF313449,Q9H244,P2Y12_HUMAN,4NTJ; 4PXZ; 4PY0; 7PP1; 7XXI,P2RY12,P2RY12,HGNC:18124,Humans,DB00208; DB00758; DB01240; DB06209; DB06441; DB08816
112,Histamine H2 receptor,HRH2,184088,M64799,P25021,HRH2_HUMAN,7UL3; 8POK; 8YUT,HRH2,HRH2,HGNC:5183,Humans,DB00272; DB00501; DB00585; DB00751; DB00863; DB00927; DB00940; DB01142; DB05381
113,DNA polymerase beta,POLB,292397,L11607,P06746,DPOLB_HUMAN,1BPX; 1BPY; 1BPZ; 1MQ2; 1MQ3; 1TV9; 1TVA; 1ZJM; 1ZJN; 1ZQA; 1ZQB; 1ZQC; 1ZQD; 1ZQE; 1ZQF; 1ZQG; 1ZQH; 1ZQI; 1ZQJ; 1ZQK; 1ZQL; 1ZQM; 1ZQN; 1ZQO; 1ZQP; 1ZQQ; 1ZQR; 1ZQS; 1ZQT; 2FMP; 2FMQ; 2FMS; 2I9G; 2ISO; 2ISP; 2P66; 2PXI; 3C2K; 3C2L; 3C2M; 3GDX; 3ISB; 3ISC; 3ISD; 3JPN; 3JPO; 3JPP; 3JPQ; 3JPR; 3JPS; 3JPT; 3LK9; 3MBY; 3OGU; 3RH4; 3RH5; 3RH6; 3RJE; 3RJF; 3RJG; 3RJH; 3RJI; 3RJJ; 3RJK; 3TFR; 3TFS; 4DO9; 4DOA; 4DOB; 4DOC; 4F5N; 4F5O; 4F5P; 4F5Q; 4F5R; 4GXI; 4GXJ; 4GXK; 4JWM; 4JWN; 4KLD; 4KLE; 4KLF; 4KLG; 4KLH; 4KLI; 4KLJ; 4KLL; 4KLM; 4KLO; 4KLQ; 4KLS; 4KLT; 4KLU; 4LVS; 4M2Y; 4M47; 4M9G; 4M9H; 4M9J; 4M9L; 4M9N; 4MF2; 4MF8; 4MFA; 4MFC; 4MFF; 4NLK; 4NLN; 4NLZ; 4NM1; 4NM2; 4NXZ; 4NY8; 4O5C; 4O5E; 4O5K; 4O9M; 4P2H; 4PGQ; 4PGX; 4PGY; 4PH5; 4PHA; 4PHD; 4PHE; 4PHP; 4PPX; 4R63; 4R64; 4R65; 4R66; 4RPX; 4RPY; 4RPZ; 4RQ0; 4RQ1; 4RQ2; 4RQ3; 4RQ4; 4RQ5; 4RQ6; 4RQ7; 4RQ8; 4RT2; 4RT3; 4TUP; 4TUQ; 4TUR; 4TUS; 4UAW; 4UAY; 4UAZ; 4UB1; 4UB2; 4UB3; 4UB4; 4UB5; 4UBB; 4UBC; 4YMM; 4YMN; 4YMO; 4YN4; 4Z6C; 4Z6D; 4Z6E; 4Z6F; 5BOL; 5BOM; 5BPC; 5DB6; 5DB7; 5DB8; 5DB9; 5DBA; 5DBB; 5DBC; 5EOZ; 5HHH; 5HHI; 5J0O; 5J0P; 5J0Q; 5J0R; 5J0S; 5J0T; 5J0U; 5J0W; 5J0X; 5J0Y; 5J29; 5J2A; 5J2B; 5J2C; 5J2D; 5J2E; 5J2F; 5J2G; 5J2H; 5J2I; 5J2J; 5J2K; 5TB8; 5TB9; 5TBA; 5TBB; 5TBC; 5TZV; 5U2R; 5U2S; 5U2T; 5U8G; 5U8H; 5U8I; 5U9H; 5UGN; 5UGO; 5UGP; 5V1F; 5V1G; 5V1H; 5V1I; 5V1J; 5V1N; 5V1O; 5V1P; 5V1R; 5VEZ; 5VRW; 5VRX; 5VRY; 5VRZ; 5VS0; 5VS1; 5VS2; 5VS3; 5VS4; 5WNX; 5WNY; 5WNZ; 5WO0; 6BEL; 6BEM; 6BTE; 6BTF; 6CLY; 6CPQ; 6CR3; 6CR4; 6CR5; 6CR6; 6CR7; 6CR8; 6CR9; 6CRB; 6CRC; 6CRH; 6CTI; 6CTJ; 6CTK; 6CTL; 6CTM; 6CTN; 6CTO; 6CTP; 6CTQ; 6CTR; 6CTT; 6CTU; 6CTV; 6CTW; 6CTX; 6CU9; 6CUA; 6CUB; 6DIA; 6DIC; 6E3R; 6E3V; 6E3W; 6E3X; 6G2Q; 6MR7; 6MR8; 6N2R; 6N2S; 6N2T; 6NKR; 6NKS; 6NKT; 6NKU; 6NKV; 6NKW; 6NKX; 6NKY; 6NKZ; 6NL0; 6PH5; 6PH6; 6PKZ; 6U2O; 6U6B; 6UOK; 6UOL; 6UOM; 6W2M; 7ICE; 7ICF; 7ICG; 7ICH; 7ICI; 7ICJ; 7ICK; 7ICL; 7ICM; 7ICN; 7ICO; 7ICP; 7ICQ; 7ICR; 7ICS; 7ICT; 7ICU; 7ICV; 7K96; 7K97; 7MZ0; 7MZ1; 7MZ2; 7MZ3; 7MZ4; 7MZ8; 7RBE; 7RBF; 7RBG; 7RBH; 7RBI; 7RBJ; 7RBK; 7RBL; 7RBM; 7RBN; 7RBO; 7S9J; 7S9K; 7S9L; 7S9M; 7S9N; 7S9O; 7S9P; 7S9Q; 8ICA; 8ICB; 8ICC; 8ICE; 8ICF; 8ICG; 8ICH; 8ICI; 8ICJ; 8ICK; 8ICL; 8ICM; 8ICN; 8ICO; 8ICP; 8ICQ; 8ICR; 8ICS; 8ICT; 8ICU; 8ICV; 8ICW; 8ICX; 8ICY; 8ICZ; 8VF8; 8VF9; 8VFA; 8VFB; 8VFC; 8VFD; 8VFE; 8VFF; 8VFG; 8VFH; 8VFI; 8VFJ; 9ICA; 9ICB; 9ICC; 9ICE; 9ICF; 9ICG; 9ICH; 9ICI; 9ICJ; 9ICK; 9ICL; 9ICM; 9ICN; 9ICO; 9ICP; 9ICQ; 9ICR; 9ICS; 9ICT; 9ICU; 9ICV; 9ICW; 9ICX; 9ICY,POLB,POLB,HGNC:9174,Humans,DB00987; DB12151
114,D-lactate dehydrogenase,dld,145753,M10038,P06149,DLD_ECOLI,1F0X,,,,Escherichia coli (strain K12),DB00756
116,Evolved beta-galactosidase subunit alpha,ebgA,145821,M64441,P06864,BGA2_ECOLI,,,,,Escherichia coli (strain K12),DB00581
117,Prostacyclin synthase,PTGIS,10944956,D38145,Q16647,PTGIS_HUMAN,2IAG; 3B6H,PTGIS,PTGIS,HGNC:9603,Humans,DB00812; DB01240
118,Synaptic vesicular amine transporter,SLC18A2,292335,L09118,Q05940,VMAT2_HUMAN,8JSW; 8JSX; 8JT5; 8JT9; 8JTA; 8JTB; 8JTC; 8T69; 8T6A; 8T6B; 8THR; 8WLJ; 8WLK; 8WLL; 8WLM; 8XO9; 8XOA; 8XOB,SLC18A2,SLC18A2,HGNC:10935,Humans,DB00182; DB00206; DB00865; DB01089; DB01576; DB01577; DB04844; DB06706; DB06714; DB11915; DB12161
119,Phospholipid-transporting ATPase ABCA1,ABCA1,9247086,AF275948,O95477,ABCA1_HUMAN,5XJY; 7ROQ; 7TBW; 7TBY; 7TBZ; 7TC0; 7TDT,ABCA1,ABCA1,HGNC:29,Humans,DB01599
121,Tryptophan 5-hydroxylase 1,TPH1,37955,X52836,P17752,TPH1_HUMAN,1MLW; 3HF6; 3HF8; 3HFB; 5J6D; 5L01; 5TPG; 7ZIF; 7ZIG; 7ZIH; 7ZII; 7ZIJ; 7ZIK; 8CJI; 8CJJ; 8CJK; 8CJL; 8CJM; 8CJN; 8CJO,TPH1,TPH1,HGNC:12008,Humans,DB00360; DB12095
9056,Probable arabinosyltransferase B,embB,,,P9WNL7,EMBB_MYCTU,,,,,Mycobacterium tuberculosis,DB00330
123,Estrogen receptor,ESR1,31234,X03635,P03372,ESR1_HUMAN,1A52; 1ERE; 1ERR; 1G50; 1GWQ; 1GWR; 1HCP; 1HCQ; 1L2I; 1PCG; 1QKT; 1QKU; 1R5K; 1SJ0; 1UOM; 1X7E; 1X7R; 1XP1; 1XP6; 1XP9; 1XPC; 1XQC; 1YIM; 1YIN; 1ZKY; 2AYR; 2B1V; 2B1Z; 2B23; 2BJ4; 2FAI; 2G44; 2G5O; 2I0J; 2IOG; 2IOK; 2JF9; 2JFA; 2LLO; 2LLQ; 2OCF; 2OUZ; 2P15; 2POG; 2Q6J; 2Q70; 2QA6; 2QA8; 2QAB; 2QE4; 2QGT; 2QGW; 2QH6; 2QR9; 2QSE; 2QXM; 2QXS; 2QZO; 2R6W; 2R6Y; 2YAT; 2YJA; 3CBM; 3CBO; 3CBP; 3DT3; 3ERD; 3ERT; 3HLV; 3HM1; 3L03; 3OS8; 3OS9; 3OSA; 3Q95; 3UU7; 3UUA; 3UUC; 3UUD; 4AA6; 4DMA; 4IU7; 4IUI; 4IV2; 4IV4; 4IVW; 4IVY; 4IW6; 4IW8; 4IWC; 4IWF; 4JC3; 4JDD; 4MG5; 4MG6; 4MG7; 4MG8; 4MG9; 4MGA; 4MGB; 4MGC; 4MGD; 4O6F; 4PP6; 4PPP; 4PPS; 4PXM; 4Q13; 4Q50; 4TUZ; 4TV1; 4XI3; 4ZN7; 4ZN9; 4ZNH; 4ZNS; 4ZNT; 4ZNU; 4ZNV; 4ZNW; 5AAU; 5AAV; 5ACC; 5AK2; 5DI7; 5DID; 5DIE; 5DIG; 5DK9; 5DKB; 5DKE; 5DKG; 5DKS; 5DL4; 5DLR; 5DMC; 5DMF; 5DP0; 5DRJ; 5DRM; 5DTV; 5DU5; 5DUE; 5DUG; 5DUH; 5DVS; 5DVV; 5DWE; 5DWG; 5DWI; 5DWJ; 5DX3; 5DXB; 5DXE; 5DXG; 5DXK; 5DXM; 5DXP; 5DXQ; 5DXR; 5DY8; 5DYB; 5DYD; 5DZ0; 5DZ1; 5DZ3; 5DZH; 5DZI; 5E0W; 5E0X; 5E14; 5E15; 5E19; 5E1C; 5EGV; 5EHJ; 5EI1; 5EIT; 5FQP; 5FQR; 5FQS; 5FQT; 5FQV; 5GS4; 5GTR; 5HYR; 5JMM; 5KCC; 5KCD; 5KCE; 5KCF; 5KCT; 5KCU; 5KCW; 5KD9; 5KR9; 5KRA; 5KRC; 5KRF; 5KRH; 5KRI; 5KRJ; 5KRK; 5KRL; 5KRM; 5KRO; 5N10; 5T0X; 5T1Z; 5T92; 5T97; 5TLD; 5TLF; 5TLG; 5TLL; 5TLM; 5TLO; 5TLP; 5TLT; 5TLU; 5TLV; 5TLX; 5TLY; 5TM1; 5TM2; 5TM3; 5TM4; 5TM5; 5TM6; 5TM7; 5TM8; 5TM9; 5TML; 5TMM; 5TMO; 5TMQ; 5TMR; 5TMS; 5TMT; 5TMU; 5TMV; 5TMW; 5TMZ; 5TN1; 5TN3; 5TN4; 5TN5; 5TN6; 5TN7; 5TN8; 5TN9; 5TNB; 5U2B; 5U2D; 5UFW; 5UFX; 5W9C; 5W9D; 5WGD; 5WGQ; 6B0F; 6C42; 6CBZ; 6CHW; 6CHZ; 6CZN; 6D0F; 6DF6; 6DFN; 6HHP; 6HKB; 6HKF; 6HMU; 6IAR; 6OWC; 6PET; 6PFM; 6PIT; 6PSJ; 6SBO; 6SQ0; 6SUO; 6TJM; 6TL3; 6V87; 6V8T; 6VGH; 6VJD; 6VPF; 6WOK; 6ZOQ; 6ZOR; 6ZOS; 7B9M; 7B9R; 7B9T; 7BA3; 7BA5; 7BA6; 7BA7; 7BA8; 7BA9; 7BAA; 7BAB; 7JHD; 7KBS; 7MSA; 7N9O; 7NDO; 7NEL; 7NFB; 7NFW; 7NIZ; 7OPW; 7OQ7; 7OQ8; 7PWT; 7PWZ; 7QVJ; 7QVL; 7R62; 7RKE; 7RNM; 7RRX; 7RRY; 7RRZ; 7RS0; 7RS1; 7RS2; 7RS3; 7RS4; 7RS7; 7RS8; 7RS9; 7SFO; 7T2X; 7TE7; 7UJ7; 7UJ8; 7UJC; 7UJF; 7UJM; 7UJO; 7UJW; 7UJY; 7WNV; 7Y8F; 7Y8G; 7YMK; 8AFN; 8AI0; 8ALR; 8ALT; 8ALV; 8ALW; 8AM7; 8ANF; 8AOY; 8APS; 8AQ1; 8AQC; 8AQE; 8AQZ; 8AR4; 8AR5; 8ARG; 8ARO; 8ARQ; 8ARR; 8ARW; 8ARX; 8ARY; 8ARZ; 8AS1; 8AT9; 8ATP; 8AU2; 8AUS; 8AUY; 8AV3; 8AV4; 8AV7; 8AV8; 8AWG; 8AXE; 8AXU; 8AZE; 8B39; 8BWJ; 8BWX; 8BWZ; 8BX0; 8BX3; 8BX4; 8BXI; 8BXM; 8BXN; 8BXO; 8BXQ; 8BXS; 8BY9; 8BYB; 8BYC; 8BYD; 8BYE; 8BYF; 8BYG; 8BYO; 8BYY; 8BYZ; 8BZ0; 8BZ9; 8BZA; 8BZB; 8BZC; 8BZD; 8BZE; 8BZF; 8BZG; 8BZH; 8BZT; 8BZW; 8C04; 8C0K; 8C42; 8C4F; 8C4G; 8DU6; 8DU8; 8DU9; 8DUB; 8DUC; 8DUD; 8DUG; 8DUH; 8DUI; 8DUK; 8DUS; 8DV5; 8DV7; 8DV8; 8DVB; 8EV1; 8EV2; 8VYT; 8VYX; 8VZ0; 8VZ1; 8VZP; 8VZQ; 8W03; 8W07; 9BQE; 9BU1,ESR1,ESR1,HGNC:3467,Humans,DB00255; DB00286; DB00304; DB00367; DB00481; DB00539; DB00603; DB00648; DB00655; DB00675; DB00783; DB00823; DB00882; DB00890; DB00947; DB00957; DB00977; DB01108; DB01185; DB01196; DB01357; DB01406; DB04573; DB04574; DB04575; DB04813; DB04938; DB06202; DB06249; DB06374; DB06401; DB09070; DB09317; DB09318; DB09369; DB11619; DB12235; DB13952; DB13953; DB13954; DB13955; DB13956; DB13981
127,30S ribosomal protein S9,rpsI,535073,X02130,P0A7X3,RS9_ECOLI,1M5G; 2YKR; 3J9Y; 3J9Z; 3JA1; 4A2I; 4ADV; 4U1U; 4U1V; 4U20; 4U24; 4U25; 4U26; 4U27; 4V47; 4V48; 4V4H; 4V4Q; 4V4V; 4V4W; 4V50; 4V52; 4V53; 4V54; 4V55; 4V56; 4V57; 4V5B; 4V5H; 4V5Y; 4V64; 4V65; 4V66; 4V69; 4V6C; 4V6D; 4V6E; 4V6K; 4V6L; 4V6M; 4V6N; 4V6O; 4V6P; 4V6Q; 4V6R; 4V6S; 4V6T; 4V6V; 4V6Y; 4V6Z; 4V70; 4V71; 4V72; 4V73; 4V74; 4V75; 4V76; 4V77; 4V78; 4V79; 4V7A; 4V7B; 4V7C; 4V7D; 4V7I; 4V7S; 4V7T; 4V7U; 4V7V; 4V85; 4V89; 4V9C; 4V9D; 4V9O; 4V9P; 4WF1; 4WOI; 4WWW; 4YBB; 5AFI,,,,Escherichia coli (strain K12),DB00560; DB00595; DB01017; DB01301
130,Hemoglobin subunit alpha,HBA1,386764,J00153,P69905,HBA_HUMAN,1A00; 1A01; 1A0U; 1A0Z; 1A3N; 1A3O; 1A9W; 1ABW; 1ABY; 1AJ9; 1B86; 1BAB; 1BBB; 1BIJ; 1BUW; 1BZ0; 1BZ1; 1BZZ; 1C7B; 1C7C; 1C7D; 1CLS; 1CMY; 1COH; 1DKE; 1DXT; 1DXU; 1DXV; 1FDH; 1FN3; 1G9V; 1GBU; 1GBV; 1GLI; 1GZX; 1HAB; 1HAC; 1HBA; 1HBB; 1HBS; 1HCO; 1HDB; 1HGA; 1HGB; 1HGC; 1HHO; 1IRD; 1J3Y; 1J3Z; 1J40; 1J41; 1J7S; 1J7W; 1J7Y; 1JY7; 1K0Y; 1K1K; 1KD2; 1LFL; 1LFQ; 1LFT; 1LFV; 1LFY; 1LFZ; 1LJW; 1M9P; 1MKO; 1NEJ; 1NIH; 1NQP; 1O1I; 1O1J; 1O1K; 1O1L; 1O1M; 1O1N; 1O1O; 1O1P; 1QI8; 1QSH; 1QSI; 1QXD; 1QXE; 1R1X; 1R1Y; 1RPS; 1RQ3; 1RQ4; 1RQA; 1RVW; 1SDK; 1SDL; 1SHR; 1SI4; 1THB; 1UIW; 1VWT; 1XXT; 1XY0; 1XYE; 1XZ2; 1XZ4; 1XZ5; 1XZ7; 1XZU; 1XZV; 1Y01; 1Y09; 1Y0A; 1Y0C; 1Y0D; 1Y0T; 1Y0W; 1Y22; 1Y2Z; 1Y31; 1Y35; 1Y45; 1Y46; 1Y4B; 1Y4F; 1Y4G; 1Y4P; 1Y4Q; 1Y4R; 1Y4V; 1Y5F; 1Y5J; 1Y5K; 1Y7C; 1Y7D; 1Y7G; 1Y7Z; 1Y83; 1Y85; 1Y8W; 1YDZ; 1YE0; 1YE1; 1YE2; 1YEN; 1YEO; 1YEQ; 1YEU; 1YEV; 1YFF; 1YG5; 1YGD; 1YGF; 1YH9; 1YHE; 1YHR; 1YIE; 1YIH; 1YVQ; 1YVT; 1YZI; 1Z8U; 2D5Z; 2D60; 2DN1; 2DN2; 2DN3; 2DXM; 2H35; 2HBC; 2HBD; 2HBE; 2HBF; 2HBS; 2HCO; 2HHB; 2HHD; 2HHE; 2M6Z; 2W6V; 2W72; 2YRS; 3B75; 3D17; 3D7O; 3DUT; 3HHB; 3HXN; 3IA3; 3IC0; 3IC2; 3KMF; 3NL7; 3NMM; 3ODQ; 3ONZ; 3OO4; 3OO5; 3OVU; 3P5Q; 3QJB; 3QJC; 3QJD; 3QJE; 3R5I; 3S48; 3S65; 3S66; 3SZK; 3WCP; 3WHM; 4FC3; 4HHB; 4IJ2; 4L7Y; 4M4A; 4M4B; 4MQC; 4MQG; 4MQH; 4MQI; 4MQJ; 4MQK; 4N7N; 4N7O; 4N7P; 4N8T; 4NI0; 4NI1; 4ROL; 4ROM; 4WJG; 4X0L; 4XS0; 5E29; 5E6E; 5E83; 5EE4; 5HU6; 5HY8; 5JDO; 5KDQ; 5KSI; 5KSJ; 5NI1; 5SW7; 5U3I; 5UCU; 5UFJ; 5URC; 5VMM; 5WOG; 5WOH; 5X2R; 5X2S; 5X2T; 5X2U; 6BB5; 6BNR; 6BWP; 6BWU; 6DI4; 6HAL; 6HBW; 6HK2; 6KA9; 6KAE; 6KAH; 6KAI; 6KAO; 6KAP; 6KAQ; 6KAR; 6KAS; 6KAT; 6KAU; 6KAV; 6KYE; 6L5V; 6L5W; 6L5X; 6L5Y; 6LCW; 6LCX; 6NBC; 6NBD; 6NQ5; 6TB2; 6XD9; 6XDT; 6XE7; 7AET; 7AEU; 7AEV; 7CUE; 7DY3; 7DY4; 7JJQ; 7JXZ; 7JY0; 7JY1; 7JY3; 7K4M; 7PCF; 7PCH; 7PCQ; 7QU4; 7UD7; 7UD8; 7UF6; 7UF7; 7UVB; 7VDE; 7XGY; 8DOV; 8EGI; 8FDK; 8FDL; 8FDM; 8FDN; 8VYL; 8WJ0; 8WJ1; 8WJ2; 8WXW,HBA2,HBA1,HGNC:4824,Humans,DB00893; DB01592; DB06154; DB09112; DB13257; DB13995; DB14975
132,Androgen receptor,AR,178628,M20132,P10275,ANDR_HUMAN,1E3G; 1GS4; 1T5Z; 1T63; 1T65; 1XJ7; 1XOW; 1XQ3; 1Z95; 2AM9; 2AMA; 2AMB; 2AO6; 2AX6; 2AX7; 2AX8; 2AX9; 2AXA; 2HVC; 2OZ7; 2PIO; 2PIP; 2PIQ; 2PIR; 2PIT; 2PIU; 2PIV; 2PIW; 2PIX; 2PKL; 2PNU; 2Q7I; 2Q7J; 2Q7K; 2Q7L; 2YHD; 2YLO; 2YLP; 2YLQ; 2Z4J; 3B5R; 3B65; 3B66; 3B67; 3B68; 3BTR; 3L3X; 3L3Z; 3RLJ; 3RLL; 3V49; 3V4A; 3ZQT; 4HLW; 4K7A; 4OEA; 4OED; 4OEY; 4OEZ; 4OFR; 4OFU; 4OGH; 4OH5; 4OH6; 4OHA; 4OIL; 4OIU; 4OJ9; 4OJB; 4OK1; 4OKB; 4OKT; 4OKW; 4OKX; 4OLM; 4QL8; 5CJ6; 5JJM; 5T8E; 5T8J; 5V8Q; 5VO4; 7ZTX; 7ZTZ; 7ZU1; 7ZU2; 8E1A; 8FGY; 8FGZ; 8FH0; 8FH1; 8FH2; 8RM6; 8RM7,AR,AR,HGNC:644,Humans,DB00499; DB00621; DB00624; DB00665; DB00687; DB00984; DB01128; DB01185; DB01395; DB01406; DB01420; DB02266; DB04839; DB06412; DB06710; DB06718; DB07776; DB08804; DB08899; DB09123; DB11619; DB11901; DB12499; DB12941; DB13943; DB13944; DB13946
133,"Aldehyde dehydrogenase, mitochondrial",ALDH2,28606,X05409,P05091,ALDH2_HUMAN,1CW3; 1NZW; 1NZX; 1NZZ; 1O00; 1O01; 1O02; 1O04; 1O05; 1ZUM; 2ONM; 2ONN; 2ONO; 2ONP; 2VLE; 3INJ; 3INL; 3N80; 3N81; 3N82; 3N83; 3SZ9; 4FQF; 4FR8; 4KWF; 4KWG; 5L13; 8DR9; 8SHS,ALDH2,ALDH2,HGNC:404,Humans,DB00536; DB00822; DB09116
134,Lutropin-choriogonadotropic hormone receptor,LHCGR,903746,M73746,P22888,LSHR_HUMAN,7FIG; 7FIH; 7FII; 7FIJ,LHCGR,LHCGR,HGNC:6585,Humans,DB00014; DB00032; DB00044; DB00097; DB06719; DB09126
136,Cationic amino acid transporter 3,SLC7A3,17224957,AF320612,Q8WY07,CTR3_HUMAN,,SLC7A3,SLC7A3,HGNC:11061,Humans,DB13146
138,Dopamine beta-hydroxylase,DBH,30474,X13255,P09172,DOPO_HUMAN,4ZEL,DBH,DBH,HGNC:2689,Humans,DB00822; DB00988
141,Sodium channel protein type 1 subunit alpha,SCN1A,12642270,AF225985,P35498,SCN1A_HUMAN,7DTD,SCN1A,SCN1A,HGNC:10585,Humans,DB00252; DB00909; DB01121; DB01438; DB04930
142,Penicillin-binding protein 2B,penA,14973165,AE005672,P0A3M5,PBP2_STRPN,,,,,Streptococcus pneumoniae serotype 4 (strain ATCC BAA-334 / TIGR4),DB01150
143,Tubulin beta chain,TUBB,338695,J00314,P07437,TBB5_HUMAN,3QNZ; 3QO0; 5N5N; 6I2I; 6QUS; 6QUY; 6QVE; 6QVJ; 7TRG; 7TTN; 7TTT; 7TUB; 7X0S; 8BPO; 8T42; 8U3Z; 9BP6,TUBB,TUBB,HGNC:20778,Humans,DB00361; DB00541; DB00570; DB01179; DB01394; DB06137; DB11641
144,Retinoic acid receptor gamma,RARG,306887,M24857,P13631,RARG_HUMAN,1EXA; 1EXX; 1FCX; 1FCY; 1FCZ; 1FD0; 2LBD; 3LBD; 4LBD; 5M24; 6FX0,RARG,RARG,HGNC:9866,Humans,DB00210; DB00459; DB00523; DB00755; DB00799; DB05467; DB12808
145,D(1B) dopamine receptor,DRD5,32049,X58454,P21918,DRD5_HUMAN,8IRV,DRD5,DRD5,HGNC:3026,Humans,DB00800; DB00988; DB01186; DB01235; DB01624; DB11160
146,Histamine H4 receptor,HRH4,10241847,AB044934,Q9H3N8,HRH4_HUMAN,7YFC; 7YFD; 8HN8; 8HOC; 8JXT; 8JXV; 8JXW; 8JXX,HRH4,HRH4,HGNC:17383,Humans,DB01620
147,Receptor-type tyrosine-protein kinase FLT3,FLT3,409573,U02687,P36888,FLT3_HUMAN,1RJB; 3QS7; 3QS9; 4RT7; 4XUF; 5X02; 6IL3; 6JQR; 7QDP; 7ZV9,FLT3,FLT3,HGNC:3765,Humans,DB00398; DB00495; DB01268; DB06595; DB11697; DB12141; DB12500; DB12874; DB12978
152,"Succinate-semialdehyde dehydrogenase, mitochondrial",ALDH5A1,3766467,Y11192,P51649,SSDH_HUMAN,2W8N; 2W8O; 2W8P; 2W8Q; 2W8R,ALDH5A1,ALDH5A1,HGNC:408,Humans,DB00139
155,Toll-like receptor 7,TLR7,7330281,AF240467,Q9NYK1,TLR7_HUMAN,7CYN,TLR7,TLR7,HGNC:15631,Humans,DB00724; DB01611
156,Sigma non-opioid intracellular receptor 1,SIGMAR1,1783387,U75283,Q99720,SGMR1_HUMAN,5HK1; 5HK2; 6DJZ; 6DK0; 6DK1,SIGMAR1,OPRS1,HGNC:8157,Humans,DB00514; DB00574; DB00652; DB11186
157,Thiamine pyrophosphokinase 1,TPK1,12248915,AB028138,Q9H3S4,TPK1_HUMAN,3S4Y,TPK1,TPK1,HGNC:17358,Humans,DB00152
162,2-oxoglutarate dehydrogenase complex component E1,OGDH,531241,D10523,Q02218,ODO1_HUMAN,3ERY; 7WGR; 8I0K,OGDH,OGDH,HGNC:8124,Humans,DB09092
163,"Vascular endothelial growth factor A, long form",VEGFA,181971,M32977,P15692,VEGFA_HUMAN,1BJ1; 1CZ8; 1FLT; 1KAT; 1KMX; 1MJV; 1MKG; 1MKK; 1QTY; 1TZH; 1TZI; 1VGH; 1VPF; 1VPP; 2FJG; 2FJH; 2QR0; 2VGH; 2VPF; 3BDY; 3P9W; 3QTK; 3S1B; 3S1K; 3V2A; 4DEQ; 4GLN; 4GLS; 4KZN; 4QAF; 4WPB; 4ZFF; 5DN2; 5FV1; 5FV2; 5HHC; 5HHD; 5O4E; 5T89; 6BFT; 6D3O; 6T9D; 6V7K; 6Z13; 6Z3F; 6ZBR; 6ZCD; 6ZFL; 7KEZ; 7KF0; 7KF1; 7LL8; 7LL9,VEGFA,VEGF,HGNC:12680,Humans,DB00112; DB01270; DB04895; DB06779; DB08885; DB10772; DB14864; DB15303
165,Vasopressin V1a receptor,AVPR1A,667068,L25615,P37288,V1AR_HUMAN,1YTV,AVPR1A,AVPR1A,HGNC:895,Humans,DB00035; DB00067; DB00107; DB00872; DB02638; DB14642
168,Solute carrier family 23 member 1,SLC23A1,3789785,AF058317,Q9UHI7,S23A1_HUMAN,8JEW; 8JEZ; 8JF0; 8JF1,SLC23A1,SLC23A1,HGNC:10974,Humans,DB00126
171,"Creatine kinase U-type, mitochondrial",CKMT1A,180590,J04469,P12532,KCRU_HUMAN,1QK1,CKMT1B,CKMT1A,HGNC:1995,Humans,DB00148
172,Beta-1 adrenergic receptor,ADRB1,178200,J03019,P08588,ADRB1_HUMAN,2LSQ; 7BTS; 7BU6; 7BU7; 7BVQ,ADRB1,ADRB1,HGNC:285,Humans,DB00187; DB00195; DB00217; DB00221; DB00264; DB00335; DB00368; DB00373; DB00449; DB00489; DB00521; DB00571; DB00598; DB00612; DB00668; DB00841; DB00960; DB01064; DB01102; DB01136; DB01158; DB01193; DB01203; DB01210; DB01214; DB01297; DB01359; DB01364; DB01580; DB04846; DB04861; DB06262; DB06814; DB09351; DB11124; DB11278; DB13781
176,"Succinate dehydrogenase [ubiquinone] flavoprotein subunit, mitochondrial",SDHA,506338,D30648,P31040,SDHA_HUMAN,6VAX; 8DYD; 8DYE; 8GS8,SDHA,SDHA,HGNC:10680,Humans,DB09270
177,Sodium channel protein type 10 subunit alpha,SCN10A,4838145,AF117907,Q9Y5Y9,SCNAA_HUMAN,7WE4; 7WEL; 7WFR; 7WFW,SCN10A,SCN10A,HGNC:10582,Humans,DB00281; DB00296; DB00297; DB00527; DB00645; DB00721; DB00807; DB00892; DB00961; DB01002; DB01086; DB08864; DB09085
179,"Carnitine O-palmitoyltransferase 2, mitochondrial",CPT2,1041195,U09648,P23786,CPT2_HUMAN,,CPT2,CPT2,HGNC:2330,Humans,DB01074
182,"cGMP-specific 3',5'-cyclic phosphodiesterase",PDE5A,3420185,AF043731,O76074,PDE5A_HUMAN,1RKP; 1T9R; 1T9S; 1TBF; 1UDT; 1UDU; 1UHO; 1XOZ; 1XP0; 2CHM; 2H40; 2H42; 2H44; 2XSS; 3B2R; 3BJC; 3HC8; 3HDZ; 3JWQ; 3JWR; 3LFV; 3MF0; 3SHY; 3SHZ; 3SIE; 3TGE; 3TGG; 4G2W; 4G2Y; 4I9Z; 4IA0; 4MD6; 4OEW; 4OEX; 5JO3; 5ZZ2; 6ACB; 6IWI; 6L6E; 6VBI; 7FAQ; 7FAR; 8W4S; 8W4T,PDE5A,PDE5A,HGNC:8784,Humans,DB00203; DB00277; DB00820; DB00862; DB00975; DB01113; DB06237; DB06267
183,B-cell receptor CD22,CD22,36091,X59350,P20273,CD22_HUMAN,5VKJ; 5VKM; 5VL3; 7O52,CD22,CD22,HGNC:1643,Humans,DB05889; DB12688
185,Glutathione synthetase,GSS,886284,L42531,P48637,GSHB_HUMAN,2HGS; 8FBZ,GSS,GSS,HGNC:4624,Humans,DB06151
8747,DNA-directed RNA polymerase subunit beta',rpoC,,,P9WGY7,RPOC_MYCTU,5UH5; 5UH6; 5UH7; 5UH8; 5UH9; 5UHA; 5UHB; 5UHC; 5UHD; 5UHE; 5UHF; 5UHG,,,,Mycobacterium tuberculosis,DB01201; DB11753; DB12466
190,Amiloride-sensitive sodium channel subunit alpha,SCNN1A,452650,X76180,P37088,SCNNA_HUMAN,2M3O; 6BQN; 6WTH,SCNN1A,SCNN1A,HGNC:10599,Humans,DB00384; DB00594
192,Sodium channel protein type 11 subunit alpha,SCN11A,6572950,AF188679,Q9UI33,SCNBA_HUMAN,,SCN11A,SCN11A,HGNC:10583,Humans,DB00281; DB00555; DB00740; DB00776; DB00909; DB06218; DB14575
193,Aldehyde dehydrogenase family 3 member B2,ALDH3B2,1051281,U37519,P48448,AL3B2_HUMAN,,ALDH3B2,ALDH3B2,HGNC:411,Humans,DB09116
196,NADH-ubiquinone oxidoreductase chain 3,MT-ND3,506832,J01415,P03897,NU3M_HUMAN,5XTC; 5XTD,MT-ND3,MT-ND3,HGNC:7458,Humans,DB00157
197,Sodium channel protein type 5 subunit alpha,SCN5A,184039,M77235,Q14524,SCN5A_HUMAN,2KBI; 2L53; 4DCK; 4DJC; 4JQ0; 4OVN; 5DBR; 6LQA; 6MUD; 7DTC; 7L83,SCN5A,SCN5A,HGNC:10593,Humans,DB00192; DB00252; DB00280; DB00281; DB00379; DB00473; DB00527; DB00532; DB00645; DB00680; DB00740; DB00750; DB00754; DB00908; DB00909; DB01035; DB01056; DB01182; DB01195; DB01228; DB01320; DB01346; DB01426; DB04855; DB06217
199,DNA ligase 1,LIG1,187143,M36067,P18858,DNLI1_HUMAN,1X9N; 5YY9; 6P09; 6P0A; 6P0B; 6P0C; 6P0D; 6P0E; 6Q1V; 7KR3; 7KR4; 7L34; 7L35; 7QNZ; 7QO1; 7SUM; 7SX5; 7SXE; 8B8T; 8VDN; 8VDS; 8VDT; 8VZL; 8VZM,LIG1,LIG1,HGNC:6598,Humans,DB01280
203,Gonadotropin-releasing hormone receptor,GNRHR,183422,L03380,P30968,GNRHR_HUMAN,7BR3,GNRHR,GNRHR,HGNC:4421,Humans,DB00007; DB00014; DB00050; DB00106; DB00644; DB00666; DB01406; DB06699; DB06719; DB06785; DB06788; DB06825; DB11619; DB11853; DB11979; DB17083
205,Platelet-derived growth factor receptor beta,PDGFRB,189732,J03278,P09619,PGFRB_HUMAN,1GQ5; 1H9O; 1SHA; 2IUI; 2L6W; 2PLD; 2PLE; 3MJG,PDGFRB,PDGFRB,HGNC:8804,Humans,DB00102; DB00398; DB00619; DB01254; DB01268; DB06589; DB06595; DB08896; DB09079; DB11800; DB14840
206,Retinoic acid receptor beta,RARB,35883,X07282,P10826,RARB_HUMAN,1HRA; 1XAP; 4DM6; 4DM8; 4JYG; 4JYH; 4JYI; 5UAN; 6SSQ,RARB,RARB,HGNC:9865,Humans,DB00210; DB00459; DB00523; DB00755; DB00799
207,ATP-binding cassette sub-family C member 8,ABCC8,1374919,L78243,Q09428,ABCC8_HUMAN,6C3O; 6C3P; 7S5V; 7S5X; 7S5Y; 7S5Z; 7S60; 7S61,ABCC8,ABCC8,HGNC:59,Humans,DB00222; DB00414; DB00672; DB00731; DB00912; DB01016; DB01067; DB01120; DB01124; DB01251
209,Corticosteroid-binding globulin,SERPINA6,179971,J02943,P08185,CBG_HUMAN,2VDX; 2VDY; 4BB2; 4C41; 4C49,SERPINA6,SERPINA6,HGNC:1540,Humans,DB00240; DB01410
210,Potassium channel subfamily K member 2,KCNK2,5712621,AF129399,O95069,KCNK2_HUMAN,4TWK,KCNK2,KCNK2,HGNC:6277,Humans,DB00204; DB04855
211,Plasminogen,PLG,387026,X05199,P00747,PLMN_HUMAN,1B2I; 1BML; 1BUI; 1CEA; 1CEB; 1DDJ; 1HPJ; 1HPK; 1I5K; 1KI0; 1KRN; 1L4D; 1L4Z; 1PK4; 1PKR; 1PMK; 1QRZ; 1RJX; 2DOH; 2DOI; 2KNF; 2L0S; 2PK4; 3UIR; 4A5T; 4CIK; 4DCB; 4DUR; 4DUU; 5HPG; 5UGD; 5UGG; 6D3X; 6D3Y; 6D3Z; 6D40; 6OG4; 6OQJ; 6OQK; 6Q1U; 6UZ4; 6UZ5; 7E50; 7THS; 7UAH; 8F7U; 8F7V; 8UQ6,PLG,PLG,HGNC:9071,Humans,DB00009; DB00013; DB00015; DB00029; DB00031; DB00086; DB00243; DB00302; DB00513; DB06692
215,Peroxisome proliferator-activated receptor gamma,PPARG,1711117,U79012,P37231,PPARG_HUMAN,1FM6; 1FM9; 1I7I; 1K74; 1KNU; 1NYX; 1PRG; 1RDT; 1WM0; 1ZEO; 1ZGY; 2ATH; 2F4B; 2FVJ; 2G0G; 2G0H; 2GTK; 2HFP; 2HWQ; 2HWR; 2I4J; 2I4P; 2I4Z; 2OM9; 2P4Y; 2POB; 2PRG; 2Q59; 2Q5P; 2Q5S; 2Q61; 2Q6R; 2Q6S; 2Q8S; 2QMV; 2VSR; 2VST; 2VV0; 2VV1; 2VV2; 2VV3; 2VV4; 2XKW; 2YFE; 2ZK0; 2ZK1; 2ZK2; 2ZK3; 2ZK4; 2ZK5; 2ZK6; 2ZNO; 2ZVT; 3ADS; 3ADT; 3ADU; 3ADV; 3ADW; 3ADX; 3AN3; 3AN4; 3B0Q; 3B0R; 3B1M; 3B3K; 3BC5; 3CDP; 3CDS; 3CS8; 3CWD; 3D6D; 3DZU; 3DZY; 3E00; 3ET0; 3ET3; 3FEJ; 3FUR; 3G9E; 3GBK; 3H0A; 3HO0; 3HOD; 3IA6; 3K8S; 3KMG; 3LMP; 3NOA; 3OSI; 3OSW; 3PBA; 3PO9; 3PRG; 3QT0; 3R5N; 3R8A; 3R8I; 3S9S; 3SZ1; 3T03; 3TY0; 3U9Q; 3V9T; 3V9V; 3V9Y; 3VJH; 3VJI; 3VN2; 3VSO; 3VSP; 3WJ4; 3WJ5; 3WMH; 3X1H; 3X1I; 4A4V; 4A4W; 4CI5; 4E4K; 4E4Q; 4EM9; 4EMA; 4F9M; 4FGY; 4HEE; 4JAZ; 4JL4; 4L96; 4L98; 4O8F; 4OJ4; 4PRG; 4PVU; 4PWL; 4R06; 4R2U; 4R6S; 4XLD; 4XTA; 4XUH; 4XUM; 4Y29; 4YT1; 5AZV; 5DSH; 5DV3; 5DV6; 5DV8; 5DVC; 5DWL; 5F9B; 5GTN; 5GTO; 5GTP; 5HZC; 5JI0; 5LSG; 5TTO; 5TWO; 5U5L; 5UGM; 5WQX; 5WR0; 5WR1; 5Y2O; 5Y2T; 5YCN; 5YCP; 5Z5S; 5Z6S; 6AD9; 6AN1; 6AUG; 6AVI; 6C1I; 6C5Q; 6C5T; 6D3E; 6D8X; 6D94; 6DBH; 6DCU; 6DGL; 6DGO; 6DGP; 6DGQ; 6DGR; 6DH9; 6DHA; 6E5A; 6ENQ; 6F2L; 6FZF; 6FZG; 6FZJ; 6FZP; 6FZY; 6ICJ; 6IJR; 6IJS; 6ILQ; 6IZM; 6IZN; 6JEY; 6JF0; 6JQ7; 6K0T; 6KTM; 6KTN; 6L89; 6L8B; 6MCZ; 6MD0; 6MD1; 6MD2; 6MD4; 6MS7; 6O67; 6O68; 6ONI; 6ONJ; 6PDZ; 6QJ5; 6T1S; 6T1V; 6T6B; 6T9C; 6TDC; 6TSG; 6VZL; 6VZM; 6VZN; 6VZO; 6Y3U; 6ZLY; 7A7H; 7AHJ; 7AWC; 7AWD; 7CXE; 7CXF; 7CXG; 7CXH; 7CXI; 7CXJ; 7CXK; 7CXL; 7E0A; 7E2O; 7EFQ; 7JQG; 7LOT; 7P4E; 7QB1; 7RLE; 7SQA; 7SQB; 7WGO; 7WGP; 7WGQ; 7WOX; 8ADF; 8AQM; 8AQN; 8ATY; 8ATZ; 8B8W; 8B8X; 8B8Y; 8B8Z; 8B90; 8B91; 8B92; 8B93; 8B94; 8B95; 8BF1; 8BF2; 8BFF; 8C0C; 8CPH; 8CPI; 8CPJ; 8DK4; 8DKN; 8DKV; 8DSY; 8DSZ; 8FHE; 8FHF; 8FHG; 8FKC; 8FKD; 8FKE; 8FKF; 8FKG; 8HHP; 8HHQ; 8HUM; 8HUP; 8PBO; 8SC9; 8U57; 8WFE; 8ZFN; 8ZFO; 8ZFP; 8ZFQ; 8ZFR; 8ZFS; 8ZFT; 9CK0; 9CWN; 9F7W; 9F7X,PPARG,PPARG,HGNC:9236,Humans,DB00159; DB00197; DB00244; DB00412; DB00966; DB01014; DB01132; DB01393; DB03756; DB05187; DB11133
216,Coagulation factor X,F10,182841,K03194,P00742,FA10_HUMAN,1C5M; 1EZQ; 1F0R; 1F0S; 1FAX; 1FJS; 1FXY; 1G2L; 1G2M; 1HCG; 1IOE; 1IQE; 1IQF; 1IQG; 1IQH; 1IQI; 1IQJ; 1IQK; 1IQL; 1IQM; 1IQN; 1KSN; 1LPG; 1LPK; 1LPZ; 1LQD; 1MQ5; 1MQ6; 1NFU; 1NFW; 1NFX; 1NFY; 1P0S; 1V3X; 1WU1; 1XKA; 1XKB; 1Z6E; 2BMG; 2BOH; 2BOK; 2BQ6; 2BQ7; 2BQW; 2CJI; 2D1J; 2EI6; 2EI7; 2EI8; 2FZZ; 2G00; 2GD4; 2H9E; 2J2U; 2J34; 2J38; 2J4I; 2J94; 2J95; 2JKH; 2P16; 2P3F; 2P3T; 2P3U; 2P93; 2P94; 2P95; 2PHB; 2PR3; 2Q1J; 2RA0; 2UWL; 2UWO; 2UWP; 2VH0; 2VH6; 2VVC; 2VVU; 2VVV; 2VWL; 2VWM; 2VWN; 2VWO; 2W26; 2W3I; 2W3K; 2WYG; 2WYJ; 2XBV; 2XBW; 2XBX; 2XBY; 2XC0; 2XC4; 2XC5; 2Y5F; 2Y5G; 2Y5H; 2Y7X; 2Y7Z; 2Y80; 2Y81; 2Y82; 3CEN; 3CS7; 3ENS; 3FFG; 3HPT; 3IIT; 3K9X; 3KL6; 3KQB; 3KQC; 3KQD; 3KQE; 3LIW; 3M36; 3M37; 3Q3K; 3SW2; 3TK5; 3TK6; 4A7I; 4BTI; 4BTT; 4BTU; 4Y6D; 4Y71; 4Y76; 4Y79; 4Y7A; 4Y7B; 4ZH8; 4ZHA; 5JQY; 5JTC; 5JZ8; 5JZU; 5K0H; 5VOE; 5VOF; 6Q9F; 6Q9I; 6RK9; 6YYW; 6YYX; 6YYY; 6Z6Q; 6Z6R; 7AHU; 7BMI; 7BMJ; 7E6J; 7TPP; 7YB8; 7YB9; 7YBB; 7YBC; 8EOK; 9CTH,F10,F10,HGNC:3528,Humans,DB00025; DB00036; DB00100; DB00545; DB00569; DB01109; DB01225; DB06228; DB06605; DB09075; DB09109; DB09258; DB11166; DB12364; DB13149; DB13150; DB13151; DB13152; DB13192; DB13884; DB13923; DB13933; DB13998; DB13999; DB14738; DB16662
217,Gamma-aminobutyric acid type B receptor subunit 1,GABBR1,3892594,AJ225028,Q9UBS5,GABR1_HUMAN,4MQE; 4MQF; 4MR7; 4MR8; 4MR9; 4MRM; 4MS1; 4MS3; 4MS4; 4PAS; 6HKC; 6UO8; 6UO9; 6UOA; 6VJM; 6W2X; 6W2Y; 6WIV; 7C7Q; 7C7S; 7CA3; 7CA5; 7CUM; 7EB2,GABBR1,GABBR1,HGNC:4070,Humans,DB00659; DB00996; DB01440; DB01956; DB02530
218,Calcium-transporting ATPase type 2C member 1,ATP2C1,6715131,AF181120,P98194,AT2C1_HUMAN,7YAG; 7YAH; 7YAI; 7YAJ; 7YAM; 8IWP; 8IWR; 8IWS; 8IWT; 8IWU; 8IWW,ATP2C1,ATP2C1,HGNC:13211,Humans,DB00753
220,Ribosyldihydronicotinamide dehydrogenase [quinone],NQO2,190818,J02888,P16083,NQO2_HUMAN,1QR2; 1SG0; 1XI2; 1ZX1; 2BZS; 2QMY; 2QMZ; 2QR2; 2QWX; 2QX4; 2QX6; 2QX8; 2QX9; 3FW1; 3G5M; 3GAM; 3NFR; 3NHF; 3NHJ; 3NHK; 3NHL; 3NHP; 3NHR; 3NHS; 3NHU; 3NHW; 3NHY; 3O2N; 3O73; 3OVM; 3OWH; 3OWX; 3OX1; 3OX2; 3OX3; 3TE7; 3TEM; 3TZB; 3UXE; 3UXH; 4FGJ; 4FGK; 4FGL; 4GQI; 4GR9; 4QOD; 4QOE; 4QOF; 4QOG; 4QOH; 4QOI; 4QOJ; 4U7F; 4U7G; 4U7H; 4XDG; 4XDH; 4ZVK; 4ZVL; 4ZVM; 4ZVN; 5BUC; 5LBT; 5LBU; 5LBW; 5LBY; 5LBZ; 7O4D,NQO2,NQO2,HGNC:7856,Humans,DB01065; DB03147
221,Angiotensin-converting enzyme,ACE,178286,J04144,P12821,ACE_HUMAN,1O86; 1O8A; 1UZE; 1UZF; 2C6F; 2C6N; 2IUL; 2IUX; 2OC2; 2XY9; 2XYD; 2YDM; 3BKK; 3BKL; 3L3N; 3NXQ; 4APH; 4APJ; 4BXK; 4BZR; 4BZS; 4C2N; 4C2O; 4C2P; 4C2Q; 4C2R; 4CA5; 4CA6; 4UFA; 4UFB; 5AM8; 5AM9; 5AMA; 5AMB; 5AMC; 6EN5; 6EN6; 6F9R; 6F9T; 6F9U; 6F9V; 6H5W; 6H5X; 6QS1; 6TT1; 6TT3; 6TT4; 6ZPQ; 6ZPT; 6ZPU; 7Q24; 7Q25; 7Q26; 7Q27; 7Q28; 7Q29; 7Q3Y; 7Q49; 7Q4C; 7Q4D; 7Q4E; 7Z6Z; 7Z70; 8QFX; 8QHL,ACE,ACE,HGNC:2707,Humans,DB00178; DB00492; DB00519; DB00542; DB00584; DB00691; DB00722; DB00790; DB00881; DB00999; DB01089; DB01180; DB01197; DB01340; DB01348; DB09477; DB13166
227,Alcohol dehydrogenase 1A,ADH1A,178092,M12271,P07327,ADH1A_HUMAN,1HSO; 1U3T,ADH1A,ADH1A,HGNC:249,Humans,DB01213
229,Sodium/potassium-transporting ATPase subunit gamma,FXYD2,1575004,U50743,P54710,ATNG_HUMAN,2MKV; 7E1Z; 7E20; 7E21,FXYD2,FXYD2,HGNC:4026,Humans,DB00606
232,Microsomal triglyceride transfer protein large subunit,MTTP,414669,X75500,P55157,MTP_HUMAN,8EOJ,MTTP,MTTP,HGNC:7467,Humans,DB08827
233,Lanosterol 14-alpha demethylase,ERG11,578119,X13296,P10613,CP51_CANAL,,,,,Yeast,DB00196; DB00239; DB00251; DB00257; DB00582; DB00639; DB01007; DB01026; DB01110; DB01127; DB01153; DB01167; DB01263; DB04272; DB04794; DB08933; DB09040; DB13055
236,Neutral amino acid transporter B(0),SLC1A5,1478281,U53347,Q15758,AAAT_HUMAN,5LLM; 5LLU; 5LM4; 5MJU; 6GCT; 6MP6; 6MPB; 6RVX; 6RVY; 7BCQ; 7BCS; 7BCT; 8OUD; 8OUH; 8OUJ; 8QRO; 8QRP; 8QRQ; 8QRR; 8QRS; 8QRU; 8QRV; 8QRW,SLC1A5,SLC1A5,HGNC:10943,Humans,DB13146
239,Lipoprotein lipase,LPL,307138,M15856,P06858,LIPL_HUMAN,6E7K; 6OAU; 6OAZ; 6OB0; 6WN4,LPL,LPL,HGNC:6677,Humans,DB00636; DB01241; DB06439; DB09568; DB13751
240,Plasminogen activator inhibitor 1,SERPINE1,35272,X04429,P05121,PAI1_HUMAN,1A7C; 1B3K; 1C5G; 1DB2; 1DVM; 1DVN; 1LJ5; 1OC0; 3CVM; 3EOX; 3PB1; 3Q02; 3Q03; 3R4L; 3UT3; 4AQH; 4G8O; 4G8R; 4IC0; 5BRR; 5ZLZ; 6GWN; 6GWP; 6GWQ; 6I8S; 6ZRV; 7AQF; 7AQG; 9PAI,SERPINE1,SERPINE1,HGNC:8583,Humans,DB00013
241,Adenosine receptor A2b,ADORA2B,178150,M97759,P29275,AA2BR_HUMAN,7XY6; 7XY7; 8HDO; 8HDP,ADORA2B,ADORA2B,HGNC:264,Humans,DB00194; DB00201; DB00277; DB00640; DB00824; DB04932; DB07776
246,Apoptosis regulator Bcl-2,BCL2,179367,M13994,P10415,BCL2_HUMAN,1G5M; 1GJH; 1YSW; 2O21; 2O22; 2O2F; 2W3L; 2XA0; 4AQ3; 4IEH; 4LVT; 4LXD; 4MAN; 5AGW; 5AGX; 5FCG; 5JSN; 5VAU; 5VAX; 5VAY; 6GL8; 6IWB; 6O0K; 6O0L; 6O0M; 6O0O; 6O0P; 7LHB; 7Y90; 7YA5; 8FY1; 8FY2; 8HLL; 8HLM; 8HLN; 8HOG; 8HOH; 8HOI; 8HTR; 8HTS; 8IQL; 8U27,BCL2,BCL2,HGNC:990,Humans,DB01229; DB01367; DB11581; DB12243
247,Muscarinic acetylcholine receptor M5,CHRM5,177988,M80333,P08912,ACM5_HUMAN,6OL9,CHRM5,CHRM5,HGNC:1954,Humans,DB00209; DB00383; DB00387; DB00420; DB00424; DB00517; DB00572; DB00725; DB00747; DB00940; DB00979; DB01019; DB01036; DB01085; DB01148; DB04843; DB08897; DB09167; DB09300; DB11181; DB12278; DB12554; DB13247; DB13262; DB15357
248,Polyunsaturated fatty acid 5-lipoxygenase,ALOX5,187193,J03600,P09917,LOX5_HUMAN,3O8Y; 3V92; 3V98; 3V99; 6N2W; 6NCF; 7TTJ; 7TTK; 7TTL,ALOX5,ALOX5,HGNC:435,Humans,DB00179; DB00244; DB00711; DB00744; DB00795; DB00939; DB01014
249,Sodium- and chloride-dependent GABA transporter 1,SLC6A1,31658,X54673,P30531,SC6A1_HUMAN,7SK2; 7Y7V; 7Y7W; 7Y7Y; 7Y7Z,SLC6A1,SLC6A1,HGNC:11042,Humans,DB00906; DB02530
250,Purine nucleoside phosphorylase,PNP,35565,X00737,P00491,PNPH_HUMAN,1M73; 1PF7; 1PWY; 1RCT; 1RFG; 1RR6; 1RSZ; 1RT9; 1ULA; 1ULB; 1V2H; 1V3Q; 1V41; 1V45; 1YRY; 2A0W; 2A0X; 2A0Y; 2OC4; 2OC9; 2ON6; 2Q7O; 3BGS; 3D1V; 3GB9; 3GGS; 3INY; 3K8O; 3K8Q; 3PHB; 4EAR; 4EB8; 4ECE; 4GKA; 5ETJ; 5UGF; 7ZSL; 7ZSM; 7ZSN; 7ZSO; 7ZSP,PNP,NP,HGNC:7892,Humans,DB00242
252,Tyrosinase,TYR,340037,M27160,P14679,TYRO_HUMAN,7RK7,TYR,TYR,HGNC:12442,Humans,DB00548; DB00600; DB09526; DB11217; DB11254
253,"4-aminobutyrate aminotransferase, mitochondrial",ABAT,602705,L32961,P80404,GABT_HUMAN,,ABAT,ABAT,HGNC:23,Humans,DB00114; DB00119; DB00313; DB01080
254,5'-AMP-activated protein kinase subunit beta-1,PRKAB1,2916800,AJ224515,Q9Y478,AAKB1_HUMAN,4CFE; 4CFF; 4ZHX; 5EZV; 5ISO; 6B1U; 6C9F; 6C9G; 6C9H; 6C9J; 7MYJ; 8BIK,PRKAB1,PRKAB1,HGNC:9378,Humans,DB00331; DB00914
257,DNA-directed RNA polymerase subunit beta,rpoB,42818,V00339,P0A8V2,RPOB_ECOLI,3IYD; 3LTI; 3LU0; 3T72; 3TBI; 4JK1; 4JK2; 4KMU; 4KN4; 4KN7; 4MEX; 4MEY; 4S20; 4XSX; 4XSY; 4XSZ; 4YG2; 4YLN; 4YLO; 4YLP; 4ZH2; 4ZH3; 4ZH4; 5BYH,,,,Escherichia coli (strain K12),DB00615; DB01220; DB11753
262,Prostaglandin G/H synthase 2,PTGS2,291988,L15326,P35354,PGH2_HUMAN,5F19; 5F1A; 5IKQ; 5IKR; 5IKT; 5IKV; 5KIR,PTGS2,PTGS2,HGNC:9605,Humans,DB00132; DB00159; DB00244; DB00316; DB00328; DB00461; DB00465; DB00469; DB00482; DB00500; DB00533; DB00554; DB00573; DB00580; DB00586; DB00605; DB00712; DB00749; DB00784; DB00788; DB00795; DB00812; DB00814; DB00821; DB00861; DB00870; DB00936; DB00939; DB00945; DB00963; DB00991; DB01009; DB01014; DB01050; DB01283; DB01399; DB01401; DB01600; DB01628; DB02266; DB03756; DB04743; DB06725; DB06736; DB06802; DB08439; DB08910; DB08981; DB09084; DB09212; DB09213; DB09216; DB11071; DB11079; DB11201; DB11323; DB11327; DB11672; DB13167; DB13346; DB13783; DB13961
263,Nitric oxide synthase 3,NOS3,189212,M93718,P29474,NOS3_HUMAN,1M9J; 1M9K; 1M9M; 1M9Q; 1M9R; 1NIW; 2LL7; 2MG5; 2N8J; 3EAH; 3NOS; 4D1O; 4D1P; 5UO8; 5UO9; 5UOA; 5UOB; 5UOC; 5VVB; 5VVC; 5VVD; 5XOF; 6AV6; 6AV7; 6CIE; 6CIF; 6NH1; 6NH2; 6NH3; 6NH4; 6NH5; 6NH6; 6NH7; 6NH8; 6NHF; 6POU; 6POV; 6POW; 6POX; 6POY; 6POZ; 6PP0; 6PP1; 6PP2; 6PP3; 6PP4; 7M56; 7TSG; 7TSH; 7TSI; 7TSK; 7TSL; 7TSM; 7TSN; 7TSO; 7TSP; 7UAO; 8FGN; 8FGO; 8FGP; 8FGQ; 8FGR; 8FGS; 8FGT; 8FGU; 8UFR; 8UFS; 8UFT; 8UFU,NOS3,NOS3,HGNC:7876,Humans,DB00360; DB02325; DB11815
266,Neprilysin,MME,34758,X07166,P08473,NEP_HUMAN,1DMT; 1R1H; 1R1I; 1R1J; 1Y8J; 2QPJ; 2YB9; 4CTH; 5JMY; 6GID; 6SH1; 6SH2; 6SUK; 6SVY; 6THP; 6XVP,MME,MME,HGNC:7154,Humans,DB09292
267,Carbonic anhydrase 1,CA1,29600,X05014,P00915,CAH1_HUMAN,1AZM; 1BZM; 1CRM; 1CZM; 1HCB; 1HUG; 1HUH; 1J9W; 1JV0; 2CAB; 2FOY; 2FW4; 2IT4; 2NMX; 2NN1; 2NN7; 3LXE; 3W6H; 3W6I; 4WR7; 4WUP; 4WUQ; 5E2M; 5GMM; 6EVR; 6EX1; 6F3B; 6FAF; 6FAG; 6G3V; 6HWZ; 6I0J; 6I0L; 6SWM; 6XZE; 6XZO; 6XZS; 6XZX; 6XZY; 6Y00; 7PLF; 7Q0D; 7QOB; 7ZL5; 8CDX; 8CDZ; 8Q6L; 8Q7G,CA1,CA1,HGNC:1368,Humans,DB00310; DB00703; DB00819; DB00869; DB00880; DB00936; DB01031; DB01144; DB01325; DB03255; DB09472; DB11672; DB12754; DB14086
270,Renin,REN,190994,L00073,P00797,RENI_HUMAN,1BBS; 1BIL; 1BIM; 1HRN; 1RNE; 2BKS; 2BKT; 2FS4; 2G1N; 2G1O; 2G1R; 2G1S; 2G1Y; 2G20; 2G21; 2G22; 2G24; 2G26; 2G27; 2I4Q; 2IKO; 2IKU; 2IL2; 2REN; 2V0Z; 2V10; 2V11; 2V12; 2V13; 2V16; 2X0B; 3D91; 3G6Z; 3G70; 3G72; 3GW5; 3K1W; 3KM4; 3O9L; 3OAD; 3OAG; 3OOT; 3OQF; 3OQK; 3OWN; 3Q3T; 3Q4B; 3Q5H; 3SFC; 3VCM; 3VSW; 3VSX; 3VUC; 3VYD; 3VYE; 3VYF; 4AMT; 4GJ5; 4GJ6; 4GJ7; 4GJ8; 4GJ9; 4GJA; 4GJB; 4GJC; 4GJD; 4PYV; 4Q1N; 4RYC; 4RYG; 4RZ1; 4S1G; 4XX3; 4XX4; 5KOQ; 5KOS; 5KOT; 5SXN; 5SY2; 5SY3; 5SZ9; 5T4S; 5TMG; 5TMK; 5V8V; 5VPM; 5VRP; 6I3F; 7XGK; 7XGO; 7XGP,REN,REN,HGNC:9958,Humans,DB09026
274,T-cell surface glycoprotein CD3 epsilon chain,CD3E,469945,X03884,P07766,CD3E_HUMAN,1A81; 1SY6; 1XIW; 2ROL; 5QU2; 6JXR; 7FJD; 7FJE; 7FJF; 7PHR; 8ES7; 8ES8; 8ES9; 8F0L; 8JC0; 8JCB; 8WXE; 8WY0; 8WYI; 8YC0; 9CI8; 9CIA,CD3E,CD3E,HGNC:1674,Humans,DB00075; DB06606; DB06607; DB15434; DB16672
279,30S ribosomal protein S12,rpsL,43010,V00355,P0A7S3,RS12_ECOLI,1M5G; 1MJ1; 1ZN1; 2YKR; 3DEG; 3EP2; 3EQ3; 3EQ4; 3J0D; 3J0E; 3J9Y; 3J9Z; 3JA1; 4A2I; 4ADV; 4U1U; 4U1V; 4U20; 4U24; 4U25; 4U26; 4U27; 4V47; 4V48; 4V4H; 4V4Q; 4V4V; 4V4W; 4V50; 4V52; 4V53; 4V54; 4V55; 4V56; 4V57; 4V5B; 4V5H; 4V5Y; 4V64; 4V65; 4V66; 4V69; 4V6C; 4V6D; 4V6E; 4V6K; 4V6L; 4V6M; 4V6N; 4V6O; 4V6P; 4V6Q; 4V6R; 4V6S; 4V6T; 4V6V; 4V6Y; 4V6Z; 4V70; 4V71; 4V72; 4V73; 4V74; 4V75; 4V76; 4V77; 4V78; 4V79; 4V7A; 4V7B; 4V7C; 4V7D; 4V7I; 4V7S; 4V7T; 4V7U; 4V7V; 4V85; 4V89; 4V9C; 4V9D; 4V9O; 4V9P; 4WF1; 4WOI; 4WWW; 4YBB; 5AFI,,,,Escherichia coli (strain K12),DB00452; DB00479; DB00560; DB00798; DB00919; DB00955; DB00994; DB01082; DB01172; DB03615
280,Antithrombin-III,SERPINC1,179161,M21642,P01008,ANT3_HUMAN,1ANT; 1ATH; 1AZX; 1BR8; 1DZG; 1DZH; 1E03; 1E04; 1E05; 1JVQ; 1LK6; 1NQ9; 1OYH; 1R1L; 1SR5; 1T1F; 1TB6; 2ANT; 2B4X; 2B5T; 2BEH; 2GD4; 2HIJ; 2ZNH; 3EVJ; 3KCG; 4EB1,SERPINC1,SERPINC1,HGNC:775,Humans,DB00407; DB00569; DB01109; DB01225; DB06271; DB06754; DB06779; DB06822; DB08813
281,Solute carrier family 12 member 2,SLC12A2,903682,U30246,P55011,S12A2_HUMAN,6PZT; 7D10; 7MXO; 7N3N; 7S1X; 7S1Y; 7S1Z; 7SFL; 7SMP; 7ZGO; 8STE,SLC12A2,SLC12A2,HGNC:10911,Humans,DB00214; DB00887; DB01325
289,Alpha-2A adrenergic receptor,ADRA2A,178196,M23533,P08913,ADA2A_HUMAN,1HLL; 1HO9; 1HOD; 1HOF; 6K42; 6KUX; 6KUY; 7EJ0; 7EJ8; 7EJA; 7EJK; 7W6P; 7W7E,ADRA2A,ADRA2A,HGNC:281,Humans,DB00368; DB00370; DB00449; DB00484; DB00575; DB00629; DB00633; DB00668; DB00852; DB00865; DB00925; DB00935; DB00964; DB00968; DB01018; DB01392; DB01577; DB01608; DB04855; DB04948; DB06262; DB06694; DB06711; DB09242; DB11124; DB11278
291,5-hydroxytryptamine receptor 1A,HTR1A,189928,M28269,P08908,5HT1A_HUMAN,7E2X; 7E2Y; 7E2Z; 8FY8; 8FYE; 8FYL; 8FYT; 8FYX; 8JSP; 8JT6; 8PJK; 8PKM; 8W8B,HTR1A,HTR1A,HGNC:5286,Humans,DB00246; DB00247; DB00477; DB00490; DB00656; DB00669; DB00952; DB01149; DB01359; DB01616; DB01621; DB04908; DB09068; DB09167; DB12184; DB14185
293,Vasopressin V2 receptor,AVPR2,28418,U04357,P30518,V2R_HUMAN,4JQI; 6NI2; 6U1N; 7BB6; 7BB7; 7DF9; 7DFA; 7DFB; 7DFC; 7DW9; 7KH0; 7R0C; 7R0J; 8GOC; 8I10; 8JRU; 8JRV; 8WRZ; 8WU1,AVPR2,AVPR2,HGNC:897,Humans,DB00035; DB00067; DB00107; DB00872; DB02638; DB06212; DB14642
296,Prostaglandin D2 receptor,PTGDR,940379,U31332,Q13258,PD2R_HUMAN,,PTGDR,PTGDR,HGNC:9591,Humans,DB00374; DB11629; DB12789
298,Glutathione reductase,gor,146248,M13141,P06715,GSHR_ECOLI,1GER; 1GES; 1GET; 1GEU,,,,Escherichia coli (strain K12),DB00336
302,Beta-lactamase,blaZ,581568,X04121,P00807,BLAC_STAAU,1ALQ; 1BLC; 1BLH; 1BLP; 1DJA; 1DJB; 1DJC; 1GHI; 1GHM; 1GHP; 1KGE; 1KGF; 1KGG; 1OME; 1PIO; 3BLM,,,,Staphylococcus aureus,DB00766; DB01606; DB02772; DB09324; DB12107; DB12377; DB18716
303,Voltage-dependent L-type calcium channel subunit beta-1,CACNB1,179806,M92303,Q02641,CACB1_HUMAN,7VFS; 7VFU; 7VFV; 7VFW; 7XLQ; 7YG5,CACNB1,CACNB1,HGNC:1401,Humans,DB00308; DB00393; DB00898; DB04855
308,DNA polymerase catalytic subunit,,59530,X14112,P04293,DPOL_HHV11,,,,,HHV-1,DB00194; DB00299; DB00369; DB00426; DB00529; DB00577; DB00787; DB00987; DB01004; DB01610; DB12480
311,5-hydroxytryptamine receptor 3A,HTR3A,681914,D49394,P46098,5HT3A_HUMAN,8AXD; 8BL8; 8BLA; 8BLB,HTR3A,HTR3A,HGNC:5297,Humans,DB00377; DB00604; DB00721; DB00757; DB00889; DB00904; DB00969; DB01199; DB01202; DB01221; DB01233; DB09068; DB11699
312,Protein P,P,329670,M32138,P24024,DPOL_HBVD2,,,,,HBV-D,DB00718
315,Thyroid hormone receptor beta,THRB,31207,X04707,P10828,THB_HUMAN,1BSX; 1N46; 1NAX; 1NQ0; 1NQ1; 1NQ2; 1NUO; 1Q4X; 1R6G; 1XZX; 1Y0X; 2J4A; 2NLL; 2PIN; 3D57; 3GWS; 3IMY; 3JZC; 4ZO1; 6KKB; 6KKE; 6KNU; 6KNV; 6KNW; 7WLX; 7WMG; 7WMH; 7WMJ; 7WML; 7WMN; 7WMO,THRB,THRB,HGNC:11799,Humans,DB00279; DB00451; DB00509; DB01583; DB09100; DB12914
317,3-hydroxyacyl-CoA dehydrogenase type-2,HSD17B10,2558754,U96132,Q99714,HCD2_HUMAN,1SO8; 1U7T; 2O23; 7ONU; 8CBK; 8CBL; 8CBM; 8CBO,HSD17B10,HSD17B10,HGNC:4800,Humans,DB09568
318,Secretin receptor,SCTR,662796,U20178,P47872,SCTR_HUMAN,6WI9; 6WZG; 7D3S,SCTR,SCTR,HGNC:10608,Humans,DB09532
322,Carbonic anhydrase 2,CA2,179780,M77181,P00918,CAH2_HUMAN,12CA; 1A42; 1AM6; 1AVN; 1BCD; 1BIC; 1BN1; 1BN3; 1BN4; 1BNM; 1BNN; 1BNQ; 1BNT; 1BNU; 1BNV; 1BNW; 1BV3; 1CA2; 1CA3; 1CAH; 1CAI; 1CAJ; 1CAK; 1CAL; 1CAM; 1CAN; 1CAO; 1CAY; 1CAZ; 1CCS; 1CCT; 1CCU; 1CIL; 1CIM; 1CIN; 1CNB; 1CNC; 1CNG; 1CNH; 1CNI; 1CNJ; 1CNK; 1CNW; 1CNX; 1CNY; 1CRA; 1CVA; 1CVB; 1CVC; 1CVD; 1CVE; 1CVF; 1CVH; 1DCA; 1DCB; 1EOU; 1F2W; 1FQL; 1FQM; 1FQN; 1FQR; 1FR4; 1FR7; 1FSN; 1FSQ; 1FSR; 1G0E; 1G0F; 1G1D; 1G3Z; 1G45; 1G46; 1G48; 1G4J; 1G4O; 1G52; 1G53; 1G54; 1H4N; 1H9N; 1H9Q; 1HCA; 1HEA; 1HEB; 1HEC; 1HED; 1HVA; 1I8Z; 1I90; 1I91; 1I9L; 1I9M; 1I9N; 1I9O; 1I9P; 1I9Q; 1IF4; 1IF5; 1IF6; 1IF7; 1IF8; 1IF9; 1KWQ; 1KWR; 1LG5; 1LG6; 1LGD; 1LUG; 1LZV; 1MOO; 1MUA; 1OKL; 1OKM; 1OKN; 1OQ5; 1RAY; 1RAZ; 1RZA; 1RZB; 1RZC; 1RZD; 1RZE; 1T9N; 1TB0; 1TBT; 1TE3; 1TEQ; 1TEU; 1TG3; 1TG9; 1TH9; 1THK; 1TTM; 1UGA; 1UGB; 1UGC; 1UGD; 1UGE; 1UGF; 1UGG; 1XEG; 1XEV; 1XPZ; 1XQ0; 1YDA; 1YDB; 1YDC; 1YDD; 1YO0; 1YO1; 1YO2; 1Z9Y; 1ZE8; 1ZFK; 1ZFQ; 1ZGE; 1ZGF; 1ZH9; 1ZSA; 1ZSB; 1ZSC; 2ABE; 2AW1; 2AX2; 2CA2; 2CBA; 2CBB; 2CBC; 2CBD; 2CBE; 2EU2; 2EU3; 2EZ7; 2F14; 2FMG; 2FMZ; 2FNK; 2FNM; 2FNN; 2FOQ; 2FOS; 2FOU; 2FOV; 2GD8; 2GEH; 2H15; 2H4N; 2HD6; 2HKK; 2HL4; 2HNC; 2HOC; 2ILI; 2NNG; 2NNO; 2NNS; 2NNV; 2NWO; 2NWP; 2NWY; 2NWZ; 2NXR; 2NXS; 2NXT; 2O4Z; 2OSF; 2OSM; 2POU; 2POV; 2POW; 2Q1B; 2Q1Q; 2Q38; 2QO8; 2QOA; 2QP6; 2VVA; 2VVB; 2WD2; 2WD3; 2WEG; 2WEH; 2WEJ; 2WEO; 2X7S; 2X7T; 2X7U; 3B4F; 3BET; 3BL0; 3BL1; 3C7P; 3CA2; 3CAJ; 3CYU; 3D8W; 3D92; 3D93; 3D9Z; 3DAZ; 3DBU; 3DC3; 3DC9; 3DCC; 3DCS; 3DCW; 3DD0; 3DD8; 3DV7; 3DVB; 3DVC; 3DVD; 3EFI; 3EFT; 3F4X; 3F8E; 3FFP; 3GZ0; 3HFP; 3HKN; 3HKQ; 3HKT; 3HKU; 3HLJ; 3HS4; 3IBI; 3IBL; 3IBN; 3IBU; 3IEO; 3IGP; 3K2F; 3K34; 3K7K; 3KIG; 3KKX; 3KNE; 3KOI; 3KOK; 3KON; 3KS3; 3KWA; 3L14; 3M04; 3M14; 3M1J; 3M1K; 3M1Q; 3M1W; 3M2N; 3M2X; 3M2Y; 3M2Z; 3M3X; 3M40; 3M5E; 3M5S; 3M5T; 3M67; 3M96; 3M98; 3MHC; 3MHI; 3MHL; 3MHM; 3MHO; 3ML2; 3MMF; 3MNA; 3MNH; 3MNI; 3MNJ; 3MNK; 3MNU; 3MWO; 3MYQ; 3MZC; 3N0N; 3N2P; 3N3J; 3N4B; 3NB5; 3NI5; 3NJ9; 3OIK; 3OIL; 3OIM; 3OKU; 3OKV; 3OY0; 3OYQ; 3OYS; 3P3H; 3P3J; 3P44; 3P4V; 3P55; 3P58; 3P5A; 3P5L; 3PJJ; 3PO6; 3PYK; 3QYK; 3R16; 3R17; 3RG3; 3RG4; 3RGE; 3RJ7; 3RLD; 3RYJ; 3RYV; 3RYX; 3RYY; 3RYZ; 3RZ0; 3RZ1; 3RZ5; 3RZ7; 3RZ8; 3S71; 3S72; 3S73; 3S74; 3S75; 3S76; 3S77; 3S78; 3S8X; 3S9T; 3SAP; 3SAX; 3SBH; 3SBI; 3T5U; 3T5Z; 3T82; 3T83; 3T84; 3T85; 3TMJ; 3TVN; 3TVO; 3U3A; 3U45; 3U47; 3U7C; 3V2J; 3V2M; 3V3F; 3V3G; 3V3H; 3V3I; 3V3J; 3V5G; 3V7X; 3VBD; 3ZP9; 4BCW; 4BF1; 4BF6; 4CA2; 4CAC; 4CQ0; 4DZ7; 4DZ9; 4E3D; 4E3F; 4E3G; 4E3H; 4E49; 4E4A; 4E5Q; 4FIK; 4FL7; 4FPT; 4FRC; 4FU5; 4FVN; 4FVO; 4G0C; 4GL1; 4HBA; 4HEW; 4HEY; 4HEZ; 4HF3; 4HT0; 4IDR; 4ILX; 4ITO; 4ITP; 4IWZ; 4JS6; 4JSA; 4JSS; 4JSW; 4JSZ; 4K0S; 4K0T; 4K0Z; 4K13; 4K1Q; 4KAP; 4KNI; 4KNJ; 4KUV; 4KUW; 4KUY; 4KV0; 4L5U; 4L5V; 4L5W; 4LHI; 4LP6; 4M2R; 4M2U; 4M2V; 4M2W; 4MDG; 4MDL; 4MDM; 4MLT; 4MLX; 4MO8; 4MTY; 4N0X; 4N16; 4PQ7; 4PXX; 4PYX; 4PYY; 4PZH; 4Q06; 4Q07; 4Q08; 4Q09; 4Q49; 4Q6D; 4Q6E; 4Q78; 4Q7P; 4Q7S; 4Q7V; 4Q7W; 4Q81; 4Q83; 4Q87; 4Q8X; 4Q8Y; 4Q8Z; 4Q90; 4Q99; 4Q9Y; 4QEF; 4QIY; 4QJM; 4QK1; 4QK2; 4QK3; 4QSA; 4QSB; 4QSI; 4QTL; 4QY3; 4R59; 4R5A; 4R5B; 4RFC; 4RFD; 4RH2; 4RIU; 4RIV; 4RN4; 4RUX; 4RUY; 4RUZ; 4WL4; 4WW6; 4XE1; 4Y0J; 4YGJ; 4YGK; 4YGL; 4YGN; 4YVY; 4YWP; 4YX4; 4YXI; 4YXO; 4YXU; 4YYT; 4Z0Q; 4Z1E; 4Z1J; 4Z1K; 4Z1N; 4ZAO; 4ZWI; 4ZWX; 4ZWY; 4ZWZ; 4ZX0; 4ZX1; 5A6H; 5AMD; 5AMG; 5AML; 5BNL; 5BRU; 5BRV; 5BRW; 5BYI; 5C8I; 5CA2; 5CAC; 5CLU; 5DOG; 5DOH; 5DRS; 5DSK; 5DSL; 5DSM; 5DSO; 5DSP; 5DSQ; 5DSR; 5E28; 5E2K; 5E2R; 5E2S; 5EH5; 5EH7; 5EH8; 5EHE; 5EHV; 5EHW; 5EIJ; 5EKH; 5EKJ; 5EKM; 5EOI; 5FDC; 5FDI; 5FLO; 5FLP; 5FLQ; 5FLR; 5FLS; 5FLT; 5FNG; 5FNH; 5FNI; 5FNJ; 5FNK; 5FNL; 5FNM; 5G01; 5G03; 5G0B; 5G0C; 5GMN; 5J8Z; 5JDV; 5JE7; 5JEG; 5JEH; 5JEP; 5JES; 5JG3; 5JG5; 5JGS; 5JGT; 5JMZ; 5JN3; 5JN7; 5JQ0; 5JQT; 5L3O; 5L6K; 5L6T; 5L70; 5L9E; 5LJQ; 5LJT; 5LL4; 5LL8; 5LLC; 5LLE; 5LLG; 5LLH; 5LMD; 5LVS; 5M78; 5MJN; 5N0D; 5N0E; 5N1R; 5N1S; 5N24; 5N25; 5NEA; 5NEE; 5NXG; 5NXI; 5NXM; 5NXO; 5NXP; 5NXV; 5NXW; 5NY1; 5NY3; 5NY6; 5NYA; 5O07; 5OGN; 5OGO; 5OGP; 5SZ0; 5SZ1; 5SZ2; 5SZ3; 5SZ4; 5SZ5; 5SZ6; 5SZ7; 5T71; 5T72; 5T74; 5T75; 5TFX; 5TH4; 5THI; 5THJ; 5THN; 5TI0; 5TXY; 5TY1; 5TY8; 5TY9; 5TYA; 5U0D; 5U0E; 5U0F; 5U0G; 5ULN; 5UMC; 5VGY; 5W8B; 5WEX; 5WG7; 5WGP; 5WLR; 5WLT; 5WLU; 5WLV; 5Y2R; 5Y2S; 5YUI; 5YUJ; 5YUK; 5ZXW; 6B4D; 6B59; 6B5A; 6BBS; 6BC9; 6BCC; 6C7W; 6C7X; 6CA2; 6CEH; 6CJV; 6D1L; 6D1M; 6E8P; 6E8X; 6E91; 6E92; 6EBE; 6ECZ; 6EDA; 6EEA; 6EEH; 6EEO; 6EQU; 6FJI; 6FJJ; 6G3Q; 6G6T; 6GCY; 6GDC; 6GM9; 6GOT; 6GXB; 6GXE; 6H29; 6H2Z; 6H33; 6H34; 6H3Q; 6H6S; 6HD2; 6HQX; 6HR3; 6HX5; 6HXD; 6HZX; 6I0W; 6I1U; 6I2F; 6I3E; 6IC2; 6KLZ; 6KM0; 6KM1; 6KM2; 6KM3; 6KM4; 6KM5; 6KM6; 6LUU; 6LUV; 6LUW; 6LUX; 6LUY; 6LUZ; 6LV1; 6LV2; 6LV3; 6LV4; 6LV5; 6LV6; 6LV7; 6LV8; 6LV9; 6LVA; 6MBV; 6MBY; 6NLV; 6NM0; 6ODZ; 6OE0; 6OE1; 6OTI; 6OTK; 6OTM; 6OTO; 6OTP; 6OTQ; 6OUB; 6OUD; 6OUE; 6OUF; 6OUH; 6OUI; 6OUJ; 6OUK; 6OUM; 6PDV; 6PEA; 6PGX; 6Q3O; 6Q9T; 6QEB; 6QL1; 6QL2; 6QL3; 6R6F; 6R6J; 6RFH; 6RG3; 6RG4; 6RG5; 6RH4; 6RHJ; 6RHK; 6RIG; 6RIT; 6RJJ; 6RKN; 6RL9; 6RM1; 6RMP; 6RMX; 6RMY; 6RNP; 6ROB; 6ROE; 6ROF; 6RQI; 6RRG; 6RRI; 6RS5; 6RSZ; 6RVF; 6RVK; 6RVL; 6RW1; 6RZX; 6S03; 6S9G; 6S9Z; 6SAC; 6SAS; 6SAY; 6SB7; 6SBH; 6SBL; 6SBM; 6SD7; 6SDH; 6SDI; 6SDJ; 6SDL; 6SDS; 6SEY; 6SFQ; 6SFU; 6SG0; 6SG6; 6SX9; 6SYB; 6SYS; 6T4N; 6T4O; 6T4P; 6T5C; 6T7U; 6T81; 6T9Z; 6U4Q; 6U4T; 6UFB; 6UFC; 6UFD; 6UGN; 6UGO; 6UGP; 6UGQ; 6UGR; 6UGZ; 6UH0; 6UX1; 6UZU; 6VJ3; 6VKG; 6WKA; 6WQ4; 6WQ5; 6WQ7; 6WQ8; 6WQ9; 6XVH; 6XWZ; 6XXT; 6YH4; 6YH5; 6YH6; 6YH7; 6YH8; 6YH9; 6YHA; 6YHB; 6YHC; 6YJ3; 6YKC; 6YKH; 6YMA; 6YMB; 6YO2; 6YO4; 6YO7; 6YOI; 6YOK; 6YOL; 6YPW; 6YQT; 6YQU; 6YRI; 6YZJ; 6YZK; 6YZL; 6YZM; 6YZN; 6YZO; 6YZP; 6YZQ; 6YZR; 6YZS; 6YZT; 6YZU; 6YZV; 6YZW; 6YZX; 6Z04; 6ZR8; 7A6V; 7AEQ; 7AES; 7AGN; 7ASJ; 7BFA; 7BG5; 7BHH; 7BI5; 7CA2; 7JNR; 7JNV; 7JNW; 7JNX; 7JNZ; 7JO0; 7JO1; 7JO2; 7JO3; 7JOB; 7JOC; 7K6I; 7K6J; 7K6K; 7K6L; 7K6T; 7K6U; 7K6X; 7K6Z; 7M23; 7M24; 7M26; 7MU3; 7NH6; 7NH8; 7NTB; 7NZR; 7NZS; 7NZT; 7NZU; 7NZW; 7NZX; 7OK8; 7ONV; 7ORP; 7ORQ; 7OYM; 7OYN; 7OYO; 7OYP; 7OYQ; 7OYR; 7Q0C; 7Q0E; 7QBH; 7QGX; 7QGY; 7QGZ; 7QNV; 7QRK; 7QSE; 7QSI; 7QZX; 7R1X; 7RNY; 7RNZ; 7RRE; 7RRF; 7SUW; 7SUY; 7SV1; 7SV8; 7U5W; 7U5X; 7Y2A; 7Y2C; 7Y2E; 7Y2F; 7Y2G; 7Y2H; 7Y2I; 7Y2J; 7Y2K; 7Y2L; 7Y2M; 7Y2N; 7Y2O; 7Y2Q; 7Y2R; 7Y2S; 7Y2T; 7Y2U; 7Y2V; 7Y2W; 7Y2X; 7YWT; 7ZL6; 7ZWB; 8AA6; 8AAE; 8B29; 8BJX; 8BOE; 8BZZ; 8C0Q; 8C0R; 8CA2; 8CR0; 8DJ9; 8EM3; 8EMU; 8EXC; 8EXG; 8EYL; 8FAL; 8FAU; 8FQX; 8FQY; 8FQZ; 8FR1; 8FR2; 8FR4; 8IGF; 8J2O; 8JEE; 8OGD; 8OGE; 8OGF; 8OKE; 8OKG; 8OKJ; 8OKO; 8OKP; 8OKQ; 8OKT; 8OLA; 8OLF; 8OLI; 8OLK; 8OLM; 8OMB; 8OMH; 8OMN; 8OMP; 8OO8; 8OTP; 8OUB; 8P6U; 8PHL; 8Q0C; 8R1I; 8SAF; 8SAG; 8SD1; 8SD6; 8SD7; 8SD8; 8SD9; 8SF1; 8ZWV; 9CA2,CA2,CA2,HGNC:1373,Humans,DB00273; DB00562; DB00606; DB00703; DB00819; DB00869; DB00880; DB00936; DB01031; DB01144; DB01194; DB01325; DB03255; DB06795; DB08329; DB09472; DB11085; DB11672; DB12754; DB14086
324,Thymidylate synthase,TYMS,37479,X02308,P04818,TYSY_HUMAN,1HVY; 1HW3; 1HW4; 1HZW; 1I00; 1JU6; 1JUJ; 1YPV; 2ONB; 2RD8; 2RDA; 3EAW; 3EBU; 3ED7; 3EDW; 3EF9; 3EGY; 3EHI; 3EJL; 3GG5; 3GH0; 3GH2; 3H9K; 3HB8; 3N5E; 3N5G; 3OB7; 4E28; 4FGT; 4G2O; 4G6W; 4GD7; 4GYH; 4H1I; 4JEF; 4KPW; 4O1U; 4O1X; 4UP1; 5HS3; 5WRN; 5X4W; 5X4X; 5X4Y; 5X5A; 5X5D; 5X5Q; 5X66; 5X67; 5X69; 6OJU; 6OJV; 6PF3; 6PF4; 6PF5; 6PF6; 6QXG; 6QXH; 6QYQ; 6R2E; 6ZXO,TYMS,TYMS,HGNC:12441,Humans,DB00293; DB00322; DB00432; DB00544; DB00563; DB00642; DB01101; DB09256; DB09327
325,Ribonucleoside-diphosphate reductase large subunit,RRM1,36065,X59543,P23921,RIR1_HUMAN,2WGH; 3HNC; 3HND; 3HNE; 3HNF; 4X3V; 5D1Y; 5TUS; 6AUI; 6L3R; 6L7L; 6LKM,RRM1,RRM1,HGNC:10451,Humans,DB00242; DB00441; DB00631; DB01005; DB01073; DB01280
327,Melatonin receptor type 1B,MTNR1B,971194,U25341,P49286,MTR1B_HUMAN,6ME6; 6ME7; 6ME8; 6ME9; 7VH0,MTNR1B,MTNR1B,HGNC:7464,Humans,DB00980; DB01065; DB06594; DB09071
329,11-beta-hydroxysteroid dehydrogenase 1,HSD11B1,179475,M76665,P28845,DHI1_HUMAN,1XU7; 1XU9; 2BEL; 2ILT; 2IRW; 2RBE; 3BYZ; 3BZU; 3CH6; 3CZR; 3D3E; 3D4N; 3D5Q; 3EY4; 3FCO; 3FRJ; 3H6K; 3HFG; 3OQ1; 3PDJ; 3QQP; 3TFQ; 4BB5; 4BB6; 4C7J; 4C7K; 4HFR; 4HX5; 4IJU; 4IJV; 4IJW; 4K1L; 4P38; 4YYZ; 5PGU; 5PGV; 5PGW; 5PGX; 5PGY; 5QII,HSD11B1,HSD11B1,HGNC:5208,Humans,DB13751
330,Dihydrofolate reductase,DHFR,182724,J00140,P00374,DYR_HUMAN,1BOZ; 1DHF; 1DLR; 1DLS; 1DRF; 1HFP; 1HFQ; 1HFR; 1KMS; 1KMV; 1MVS; 1MVT; 1OHJ; 1OHK; 1PD8; 1PD9; 1PDB; 1S3U; 1S3V; 1S3W; 1U71; 1U72; 1YHO; 2C2S; 2C2T; 2DHF; 2W3A; 2W3B; 2W3M; 3EIG; 3F8Y; 3F8Z; 3F91; 3FS6; 3GHC; 3GHV; 3GHW; 3GI2; 3GYF; 3L3R; 3N0H; 3NTZ; 3NU0; 3NXO; 3NXR; 3NXT; 3NXV; 3NXX; 3NXY; 3NZD; 3OAF; 3S3V; 3S7A; 4DDR; 4G95; 4KAK; 4KBN; 4KD7; 4KEB; 4KFJ; 4M6J; 4M6K; 4M6L; 4QHV; 4QJC; 5HPB; 5HQY; 5HQZ; 5HSR; 5HSU; 5HT4; 5HT5; 5HUI; 5HVB; 5HVE; 5SD6; 5SD7; 5SD8; 5SD9; 5SDA; 5SDB; 6A7C; 6A7E; 6DAV; 6DE4; 6VCJ; 7ESE; 7XI7,DHFR,DHFR,HGNC:2861,Humans,DB00205; DB00233; DB00440; DB00563; DB00642; DB00650; DB01131; DB01157; DB06813
9057,Enoyl-[acyl-carrier-protein] reductase [NADH],inhA,,,P9WGR1,INHA_MYCTU,1BVR; 1ENY; 1ENZ; 1P44; 1P45; 1ZID; 2AQ8; 2AQH; 2AQI; 2AQK; 2B35; 2B36; 2B37; 2H9I; 2IDZ; 2IE0; 2IEB; 2IED; 2NSD; 2NTJ; 2NV6; 2PR2; 2X22; 2X23; 3FNE; 3FNF; 3FNG; 3FNH; 3OEW; 3OEY; 3OF2; 4BGE; 4BGI; 4BII; 4BQP; 4BQR; 4COD; 4D0R; 4D0S; 4DQU; 4DRE; 4DTI; 4OHU; 4OIM; 4OXK; 4OXN; 4OXY; 4OYR; 4QXM; 4R9R; 4R9S; 4TRJ; 4TRM; 4TRN; 4TRO; 4TZK; 4TZT; 4U0J; 4U0K; 4UVD; 4UVE; 4UVG; 4UVH; 4UVI; 5COQ; 5CP8; 5CPB; 5CPF; 5G0S; 5G0T; 5G0U; 5G0V; 5G0W; 5JFO; 5MTP; 5MTQ; 5MTR; 5UGS; 5UGT; 5UGU,,,,Mycobacterium tuberculosis,DB00339; DB00609; DB00951; DB12667
333,Coagulation factor VII,F7,182801,M13232,P08709,FA7_HUMAN,1BF9; 1CVW; 1DAN; 1DVA; 1F7E; 1F7M; 1FAK; 1FF7; 1FFM; 1J9C; 1JBU; 1KLI; 1KLJ; 1O5D; 1QFK; 1W0Y; 1W2K; 1W7X; 1W8B; 1WQV; 1WSS; 1WTG; 1WUN; 1WV7; 1YGC; 1Z6J; 2A2Q; 2AEI; 2AER; 2B7D; 2B8O; 2BZ6; 2C4F; 2EC9; 2F9B; 2FIR; 2FLB; 2FLR; 2PUQ; 2ZP0; 2ZWL; 2ZZU; 3ELA; 3TH2; 3TH3; 3TH4; 4IBL; 4ISH; 4ISI; 4JYU; 4JYV; 4JZD; 4JZE; 4JZF; 4NA9; 4NG9; 4NGA; 4X8S; 4X8T; 4X8U; 4X8V; 4YLQ; 4YT6; 4YT7; 4Z6A; 4ZMA; 4ZXX; 4ZXY; 5I46; 5L0S; 5L2Y; 5L2Z; 5L30; 5PA8; 5PA9; 5PAA; 5PAB; 5PAC; 5PAE; 5PAF; 5PAG; 5PAI; 5PAJ; 5PAK; 5PAM; 5PAN; 5PAO; 5PAQ; 5PAR; 5PAS; 5PAT; 5PAU; 5PAV; 5PAW; 5PAX; 5PAY; 5PB0; 5PB1; 5PB2; 5PB3; 5PB4; 5PB5; 5PB6; 5TQE; 5TQF; 5TQG; 5U6J,F7,F7,HGNC:3544,Humans,DB00100; DB13151; DB13152; DB13933
334,Urease subunit alpha,ureC,149337,M36068,P18314,URE1_ENTAE,1A5K; 1A5L; 1A5M; 1A5N; 1A5O; 1EF2; 1EJR; 1EJS; 1EJT; 1EJU; 1EJV; 1EJW; 1EJX; 1FWA; 1FWB; 1FWC; 1FWD; 1FWE; 1FWF; 1FWG; 1FWH; 1FWI; 1FWJ; 1KRA; 1KRB; 1KRC; 2KAU; 4EP8; 4EPB; 4EPD; 4EPE,,,,Enterobacter aerogenes,DB00551
337,Transthyretin,TTR,189582,K02091,P02766,TTHY_HUMAN,1BM7; 1BMZ; 1BZ8; 1BZD; 1BZE; 1DVQ; 1DVS; 1DVT; 1DVU; 1DVX; 1DVY; 1DVZ; 1E3F; 1E4H; 1E5A; 1ETA; 1ETB; 1F41; 1F86; 1FH2; 1FHN; 1G1O; 1GKO; 1ICT; 1III; 1IIK; 1IJN; 1QAB; 1QWH; 1RLB; 1SOK; 1SOQ; 1THA; 1THC; 1TLM; 1TSH; 1TT6; 1TTA; 1TTB; 1TTC; 1TTR; 1TYR; 1TZ8; 1U21; 1X7S; 1X7T; 1Y1D; 1Z7J; 1ZCR; 1ZD6; 2B14; 2B15; 2B16; 2B77; 2B9A; 2F7I; 2F8I; 2FBR; 2FLM; 2G3X; 2G3Z; 2G4E; 2G4G; 2G5U; 2G9K; 2GAB; 2H4E; 2M5N; 2NBO; 2NBP; 2NOY; 2PAB; 2QEL; 2QGB; 2QGC; 2QGD; 2QGE; 2ROX; 2ROY; 2TRH; 2TRY; 2WQA; 3A4D; 3A4E; 3A4F; 3B56; 3BSZ; 3BT0; 3CBR; 3CFM; 3CFN; 3CFQ; 3CFT; 3CN0; 3CN1; 3CN2; 3CN3; 3CN4; 3CXF; 3D2T; 3D7P; 3DGD; 3DID; 3DJR; 3DJS; 3DJT; 3DJZ; 3DK0; 3DK2; 3DO4; 3ESN; 3ESO; 3ESP; 3FC8; 3FCB; 3GLZ; 3GPS; 3GRB; 3GRG; 3GS0; 3GS4; 3GS7; 3HJ0; 3I9A; 3I9I; 3I9P; 3IMR; 3IMS; 3IMT; 3IMU; 3IMV; 3IMW; 3IPB; 3IPE; 3KGS; 3KGT; 3KGU; 3M1O; 3NEE; 3NEO; 3NES; 3NEX; 3NG5; 3OZK; 3OZL; 3P3R; 3P3S; 3P3T; 3P3U; 3SSG; 3TCT; 3TFB; 3U2I; 3U2J; 3W3B; 4ABQ; 4ABU; 4ABV; 4ABW; 4AC2; 4AC4; 4ACT; 4ANK; 4D7B; 4DER; 4DES; 4DET; 4DEU; 4DEW; 4FI6; 4FI7; 4FI8; 4HIQ; 4HIS; 4HJS; 4HJT; 4HJU; 4I85; 4I87; 4I89; 4IIZ; 4IK6; 4IK7; 4IKI; 4IKJ; 4IKK; 4IKL; 4KY2; 4L1S; 4L1T; 4MAS; 4MRB; 4MRC; 4N85; 4N86; 4N87; 4PM1; 4PME; 4PMF; 4PVL; 4PVM; 4PVN; 4PWE; 4PWF; 4PWG; 4PWH; 4PWI; 4PWJ; 4PWK; 4QRF; 4QXV; 4QYA; 4TKW; 4TL4; 4TL5; 4TLK; 4TLS; 4TLT; 4TLU; 4TM9; 4TNE; 4TNF; 4TNG; 4TQ8; 4TQH; 4TQI; 4TQP; 4WNJ; 4WNS; 4WO0; 4Y9B; 4Y9C; 4Y9E; 4Y9F; 4Y9G; 4YDM; 4YDN; 5A6I; 5AKS; 5AKT; 5AKV; 5AL0; 5AL8; 5AYT; 5BOJ; 5CLX; 5CLY; 5CLZ; 5CM1; 5CN3; 5CNH; 5CR1; 5DEJ; 5DWP; 5E23; 5E4A; 5E4O; 5EN3; 5EZP; 5FO2; 5FW6; 5FW7; 5FW8; 5H0V; 5H0W; 5H0X; 5H0Y; 5H0Z; 5HJG; 5IHH; 5JID; 5JIM; 5JIQ; 5K1J; 5K1N; 5L4F; 5L4I; 5L4J; 5L4M; 5LLL; 5LLV; 5N5Q; 5N62; 5N7C; 5NFE; 5NFW; 5OQ0; 5TTR; 5TZL; 5U48; 5U49; 5U4A; 5U4B; 5U4C; 5U4D; 5U4E; 5U4F; 5U4G; 6D0W; 6E6Z; 6E70; 6E71; 6E72; 6E73; 6E74; 6E75; 6E76; 6E77; 6E78; 6EOY; 6EP1; 6FFT; 6FWD; 6FXU; 6FZL; 6GR7; 6GRP; 6IMX; 6IMY; 6KGB; 6R66; 6R67; 6R68; 6R6I; 6SDZ; 6SUG; 6SUH; 6TI9; 6TJN; 6TXV; 6TXW; 6U0Q; 6XTK; 7ACU; 7DT3; 7DT5; 7DT6; 7DT8; 7EJQ; 7EJR; 7ERH; 7ERI; 7ERJ; 7ERK; 7OB4; 7Q3I; 7Q9L; 7Q9N; 7Q9O; 7QC5; 7THA; 7W9Q; 7W9R; 7WL6; 7Y1I; 7Y6J; 7YBR; 7YCQ; 7Z60; 8ADE; 8AWI; 8AWW; 8C85; 8C86; 8E7D; 8E7E; 8E7H; 8E7I; 8E7J; 8G9R; 8GBR; 8HEJ; 8HY4; 8I00; 8I0O; 8IG1; 8II1; 8II2; 8II3; 8II4; 8JNU; 8JOK; 8JQW; 8PKE; 8PKF; 8PKG; 8PM8; 8PM9; 8PMA; 8PMO; 8T5X; 8TDN; 8TDO; 8VE0; 8VE1; 8VE2; 8VE3; 8VE4; 8VE5; 8VE6; 8W1N; 8W2W; 8W42; 8W43; 8W44; 8W45; 8W46; 8W47; 8W48; 8WGS; 8WGT; 8WGU,TTR,TTR,HGNC:12405,Humans,DB11644; DB14713
342,Alpha-2C adrenergic receptor,ADRA2C,178194,J03853,P18825,ADA2C_HUMAN,6KUW,ADRA2C,ADRA2C,HGNC:283,Humans,DB00368; DB00484; DB00575; DB00924; DB01392; DB01577; DB04855; DB06262; DB06714; DB06764; DB08950; DB09242; DB11124; DB11738; DB13345
343,DNA polymerase catalytic subunit,UL54,1780831,X17403,P08546,DPOL_HCMVA,1YYP,,,,HHV-5,DB00369; DB00529
344,"Steroid 17-alpha-hydroxylase/17,20 lyase",CYP17A1,181342,M14564,P05093,CP17A_HUMAN,3RUK; 3SWZ; 4NKV; 4NKW; 4NKX; 4NKY; 4NKZ; 5IRQ; 5IRV; 5UYS; 6CHI; 6CIR; 6CIZ; 6WR0; 6WR1; 6WW0; 8FDA,CYP17A1,CYP17A1,HGNC:2593,Humans,DB01026; DB05667; DB05812; DB08943
345,Prolactin receptor,PRLR,190362,M31661,P16471,PRLR_HUMAN,1BP3; 2LFG; 2N7I; 3D48; 3MZG; 3N06; 3N0P; 3NCB; 3NCC; 3NCE; 3NCF; 4I18,PRLR,PRLR,HGNC:9446,Humans,DB00052; DB16220
346,"Glutamate receptor ionotropic, kainate 1",GRIK1,455448,L19058,P39086,GRIK1_HUMAN,2ZNS; 2ZNT; 2ZNU; 3FUZ; 3FV1; 3FV2; 3FVG; 3FVK; 3FVN; 3FVO; 4MF3,GRIK1,GRIK1,HGNC:4579,Humans,DB00273
349,Potassium-transporting ATPase alpha chain 1,ATP4A,561634,J05451,P20648,ATP4A_HUMAN,,ATP4A,ATP4A,HGNC:819,Humans,DB00213; DB00338; DB00448; DB00736; DB01129; DB05351
354,Adenosine receptor A3,ADORA3,349449,L20463,P0DMS8,AA3R_HUMAN,8X16; 8X17,ADORA3,ADORA3,HGNC:268,Humans,DB00201; DB00640; DB01223; DB07776
356,Voltage-dependent P/Q-type calcium channel subunit alpha-1A,CACNA1A,2213913,AF004884,O00555,CAC1A_HUMAN,3BXK; 8X90; 8X91; 8X93,CACNA1A,CACNA1A,HGNC:1388,Humans,DB01244; DB04841
358,Calcineurin subunit B type 1,PPP3R1,180705,M30773,P63098,CANB1_HUMAN,1AUI; 1M63; 1MF8; 2P6B; 3LL8; 4F0Z; 4OR9; 4ORA; 4ORC; 5SVE; 6NUC; 6NUF; 6NUU; 7U0T,PPP3R1,PPP3R1,HGNC:9317,Humans,DB11693
359,ALK tyrosine kinase receptor,ALK,2454168,U62540,Q9UM73,ALK_HUMAN,2KUP; 2KUQ; 2XB7; 2XBA; 2XP2; 2YFX; 2YHV; 2YJR; 2YJS; 2YS5; 2YT2; 3AOX; 3L9P; 3LCS; 3LCT; 4ANL; 4ANQ; 4ANS; 4CCB; 4CCU; 4CD0; 4CLI; 4CLJ; 4CMO; 4CMT; 4CMU; 4CNH; 4CTB; 4CTC; 4DCE; 4FNW; 4FNX; 4FNY; 4FNZ; 4FOB; 4FOC; 4FOD; 4JOA; 4MKC; 4TT7; 4Z55; 5A9U; 5AA8; 5AA9; 5AAA; 5AAB; 5AAC; 5FTO; 5FTQ; 5IMX; 5IUG; 5IUH; 5IUI; 5KZ0; 5VZ5; 6AT9; 6CDT; 6E0R; 6EBW; 6EDL; 6MX8; 7BTT; 7JY4; 7JYR; 7JYS; 7JYT; 7LRZ; 7LS0; 7MZW; 7MZY; 7N00; 7NWZ; 7NX3; 7NX4; 7R7K; 7R7R; 8ARJ,ALK,ALK,HGNC:427,Humans,DB08865; DB09063; DB11363; DB11986; DB12130; DB12141; DB12267
364,Coagulation factor IX,F9,182609,K02402,P00740,FA9_HUMAN,1CFH; 1CFI; 1EDM; 1IXA; 1MGX; 1NL0; 1RFN; 2WPH; 2WPI; 2WPJ; 2WPK; 2WPL; 2WPM; 3KCG; 3LC3; 3LC5; 4WM0; 4WMA; 4WMB; 4WMI; 4WMK; 4WN2; 4WNH; 4YZU; 4Z0K; 4ZAE; 5EGM; 5F84; 5F85; 5F86; 5JB8; 5JB9; 5JBA; 5JBB; 5JBC; 5TNO; 5TNT; 5VYG; 6MV4; 6RFK; 6X5J; 6X5L; 6X5P; 7AHV; 8EPC; 8EPH; 8EPK; 8OL9,F9,F9,HGNC:3551,Humans,DB00025; DB09109; DB13150; DB13192; DB13923; DB13998; DB13999; DB14738; DB16662; DB16791
365,"Glutamate receptor ionotropic, NMDA 1",GRIN1,219920,D13515,Q05586,NMDZ1_HUMAN,2HQW; 2NR1; 3BYA; 5H8F; 5H8H; 5H8N; 5H8Q; 5I2K; 5I2N; 5KCJ; 5KDT; 5TP9; 5TPA; 6IRA; 6IRF; 6IRG; 6IRH; 7EOQ; 7EOR; 7EOS; 7EOT; 7EOU; 7EU7; 7EU8; 7YFF; 7YFL; 7YFM; 7YFO; 7YFR; 8E92; 8E93; 8E94; 8E96; 8E97; 8E98; 8E99; 8JIZ; 8JJ0; 8JJ1; 8JJ2; 8UUE,GRIN1,GRIN1,HGNC:4584,Humans,DB00128; DB00260; DB01173; DB03929
366,DNA gyrase subunit A,gyrA,1574722,L42023,P43700,GYRA_HAEIN,,,,,Haemophilus influenzae (strain ATCC 51907 / DSM 11121 / KW20 / Rd),DB00218; DB00365; DB00467; DB00487; DB00537; DB00685; DB00827; DB00978; DB01059; DB01137; DB01155; DB01165; DB01208; DB06771; DB09047; DB12924
368,Prostaglandin E2 receptor EP2 subtype,PTGER2,632650,U19487,P43116,PE2R2_HUMAN,7CX2; 7CX3; 7CX4,PTGER2,PTGER2,HGNC:9594,Humans,DB00374; DB00688; DB00770; DB00917; DB00929; DB01088; DB11629; DB12789; DB15071
369,Vascular endothelial growth factor receptor 2,KDR,2655412,AF035121,P35968,VGFR2_HUMAN,1VR2; 1Y6A; 1Y6B; 1YWN; 2M59; 2MET; 2MEU; 2OH4; 2P2H; 2P2I; 2QU5; 2QU6; 2RL5; 2X1W; 2X1X; 2XIR; 3B8Q; 3B8R; 3BE2; 3C7Q; 3CJF; 3CJG; 3CP9; 3CPB; 3CPC; 3DTW; 3EFL; 3EWH; 3KVQ; 3S35; 3S36; 3S37; 3U6J; 3V2A; 3V6B; 3VHE; 3VHK; 3VID; 3VNT; 3VO3; 3WZD; 3WZE; 4AG8; 4AGC; 4AGD; 4ASD; 4ASE; 5EW3; 5OYJ; 6GQO; 6GQP; 6GQQ; 6XVJ; 6XVK,KDR,KDR,HGNC:6307,Humans,DB00398; DB01268; DB05294; DB05578; DB06589; DB06595; DB06626; DB08875; DB08896; DB09078; DB09079; DB11679; DB11800; DB11828; DB14840
370,Riboflavin kinase,RFK,7023634,AK002011,Q969G6,RIFK_HUMAN,1NB0; 1NB9; 1P4M; 1Q9S,RFK,RFK,HGNC:30324,Humans,DB00140
374,Amidophosphoribosyltransferase,PPAT,219459,D13757,Q06203,PUR1_HUMAN,,PPAT,PPAT,HGNC:9238,Humans,DB00993
375,Sodium- and chloride-dependent creatine transporter 1,SLC6A8,493132,L31409,P48029,SC6A8_HUMAN,,SLC6A8,SLC6A8,HGNC:11055,Humans,DB00148
377,"Hydroxyacyl-coenzyme A dehydrogenase, mitochondrial",HADH,1483511,X96752,Q16836,HCDH_HUMAN,1F0Y; 1F12; 1F14; 1F17; 1IL0; 1LSJ; 1LSO; 1M75; 1M76; 2HDH; 3HAD; 3RQS,HADH,HADH,HGNC:4799,Humans,DB09568
379,Guided entry of tail-anchored proteins factor CAMLG,CAMLG,619670,U18242,P49069,CAMLG_HUMAN,6SO5; 8CR1,CAMLG,CAMLG,HGNC:1471,Humans,DB00091; DB11693
380,Vitamin K-dependent protein C,PROC,190334,M11228,P04070,PROC_HUMAN,1AUT; 1LQV; 3F6U; 3JTC; 4DT7; 6M3B; 6M3C; 8JRU; 8JRV,PROC,PROC,HGNC:9451,Humans,DB00464; DB13149
381,Gamma-aminobutyric acid receptor subunit alpha-2,GABRA2,386422,S62907,P47869,GBRA2_HUMAN,,GABRA2,GABRA2,HGNC:4076,Humans,DB00241; DB00306; DB00312; DB00371; DB00418; DB00599; DB00794; DB00849; DB01198; DB01205; DB01346; DB01351; DB01353; DB02530
382,"Dihydroorotate dehydrogenase (quinone), mitochondrial",DHODH,555594,M94065,Q02127,PYRD_HUMAN,1D3G; 1D3H; 2B0M; 2BXV; 2FPT; 2FPV; 2FPY; 2FQI; 2PRH; 2PRL; 2PRM; 2WV8; 3F1Q; 3FJ6; 3FJL; 3G0U; 3G0X; 3KVJ; 3KVK; 3KVL; 3KVM; 3U2O; 3W7R; 3ZWS; 3ZWT; 4IGH; 4JGD; 4JS3; 4JTS; 4JTT; 4JTU; 4LS0; 4LS1; 4LS2; 4OQV; 4RK8; 4RKA; 4RLI; 4RR4; 4YLW; 4ZL1; 4ZMG; 5H2Z; 5H73; 5HIN; 5HQE; 5K9C; 5K9D; 5MUT; 5MVC; 5MVD; 5TCE; 5ZF4; 5ZF7; 5ZF8; 5ZF9; 5ZFA; 5ZFB; 6CJF; 6CJG; 6ET4; 6FMD; 6GK0; 6IDJ; 6J3B; 6J3C; 6JMD; 6JME; 6LP6; 6LP7; 6LP8; 6LZL; 6M2B; 6OC0; 6OC1; 6QU7; 6SYP; 6VND; 7K2U; 7Z6C; 8DHF; 8DHG; 8DHH; 8K4F; 8RAK; 8VHL; 8VHM; 8YHR; 9BKM; 9BKN; 9BKO,DHODH,DHODH,HGNC:2867,Humans,DB01097
384,Substance-P receptor,TACR1,8176544,S62045,P25103,NK1R_HUMAN,2KS9; 2KSA; 2KSB; 6E59; 6HLL; 6HLO; 6HLP; 7P00; 7P02; 7RMG; 7RMH; 7RMI; 8U26,TACR1,TACR1,HGNC:11526,Humans,DB00673; DB01037; DB06717; DB09048; DB09291; DB14019
385,Interferon alpha/beta receptor 2,IFNAR2,995300,L42243,P48551,INAR2_HUMAN,1N6U; 1N6V; 2HYM; 2KZ1; 2LAG; 3S8W; 3S9D; 3SE3; 3SE4,IFNAR2,IFNAR2,HGNC:5433,Humans,DB00008; DB00011; DB00018; DB00022; DB00034; DB00060; DB00068; DB00069; DB00105; DB06152
387,Follicle-stimulating hormone receptor,FSHR,182771,M65085,P23945,FSHR_HUMAN,1XWD; 4AY9; 4MQW; 8I2G; 8I2H,FSHR,FSHR,HGNC:3969,Humans,DB00032; DB00066; DB00094; DB00097; DB09066
389,D(4) dopamine receptor,DRD4,291946,L12398,P21917,DRD4_HUMAN,5WIU; 5WIV,DRD4,DRD4,HGNC:3025,Humans,DB00413; DB00589; DB00714; DB00988; DB01186; DB01235; DB01267; DB04908; DB05271; DB11160
390,Synaptosomal-associated protein 25,SNAP25,307426,L19760,P60880,SNP25_HUMAN,1KIL; 1XTG; 2N1T; 3DDA; 3DDB; 3RK2; 3RK3; 3RL0; 3ZUR; 5W7I; 5W7J; 6JLH; 8BAN; 8BAV,SNAP25,SNAP25,HGNC:11132,Humans,DB00083; DB16820; DB17929
393,5-hydroxytryptamine receptor 2B,HTR2B,475198,X77307,P41595,5HT2B_HUMAN,4IB4; 4NC3; 5TUD; 5TVN; 6DRX; 6DRY; 6DRZ; 6DS0; 7SRQ; 7SRR; 7SRS,HTR2B,HTR2B,HGNC:5294,Humans,DB00247; DB00508; DB00805; DB01242; DB09185; DB11274; DB13520
394,Neutrophil elastase,ELANE,296665,Y00477,P08246,ELNE_HUMAN,1B0F; 1H1B; 1HNE; 1PPF; 1PPG; 2RG3; 2Z7F; 3Q76; 3Q77; 4NZL; 4WVP; 5A09; 5A0A; 5A0B; 5A0C; 5A8X; 5A8Y; 5A8Z; 5ABW; 6E69; 6F5M; 6SMA; 7CBK; 7WHU; 8D4Q; 8D4U; 8D7I; 8D7K; 8G24; 8G25; 8G26; 9ASS; 9ASX; 9ATK; 9ATU,ELANE,ELA2,HGNC:3309,Humans,DB00058
396,"Glutamate receptor ionotropic, NMDA 2D",GRIN2D,2444026,U77783,O15399,NMDE4_HUMAN,7YFF; 7YFL; 7YFM; 7YFO; 7YFR; 8E96,GRIN2D,GRIN2D,HGNC:4588,Humans,DB01173
398,Envelope glycoprotein,gp41,62732120,AJ964940,Q53I07,Q53I07_9HIV1,,,,,Human immunodeficiency virus 1,DB00109
399,Ferritin heavy chain,FTH1,28435,X00318,P02794,FRIH_HUMAN,1FHA; 2CEI; 2CHI; 2CIH; 2CLU; 2CN6; 2CN7; 2FHA; 2IU2; 2Z6M; 3AJO; 3AJP; 3AJQ; 3ERZ; 3ES3; 4DYX; 4DYY; 4DYZ; 4DZ0; 4OYN; 4Y08; 4YKH; 4ZJK; 5CMQ; 5CMR; 5GN8; 5GOU; 5JKK; 5JKL; 5JKM; 5N26; 5N27; 5UP7; 5UP8; 5UP9; 5VTD; 5XB1; 5YI5; 5ZND; 6B8F; 6B8G; 6FTV; 6GSR; 6H5I; 6H6T; 6H6U; 6IPC; 6IPO; 6IPP; 6IPQ; 6J4A; 6J7G; 6JOB; 6JPS; 6KE2; 6KE4; 6M52; 6M54; 6WYF; 6WYG; 6WYH; 6Z6U; 6Z9E; 6Z9F; 7A6A; 7A6B; 7CK8; 7CK9; 7JGK; 7JGL; 7JGM; 7JGN; 7JGO; 7JGP; 7JGQ; 7K26; 7K3V; 7K3W; 7KE3; 7KE5; 7PF1; 7R5O; 7RRP; 7V66; 7VD8; 7ZG7; 8A2L; 8A2M; 8A5N; 8AAV; 8B7O; 8CPM; 8CPS; 8CPT; 8CPU; 8CPV; 8CPW; 8CPX; 8DHX; 8DNP; 8F49; 8F4L; 8HHS; 8J9L; 8J9M; 8JAI; 8KFD; 8PP2; 8PP3; 8PP5; 8QU9,FTH1,FTH1,HGNC:3976,Humans,DB00893; DB13995
400,All-trans-retinol dehydrogenase [NAD(+)] ADH1B,ADH1B,178098,M24317,P00325,ADH1B_HUMAN,1DEH; 1HDX; 1HDY; 1HDZ; 1HSZ; 1HTB; 1U3U; 1U3V; 3HUD,ADH1B,ADH1B,HGNC:250,Humans,DB01213
402,Cholecystokinin receptor type A,CCKAR,306491,L13605,P32238,CCKAR_HUMAN,1D6G; 1HZN; 7EZH; 7EZK; 7EZM; 7F8U; 7F8X; 7F8Y; 7MBX; 7MBY; 7XOU; 7XOV; 9BKJ; 9BKK,CCKAR,CCKAR,HGNC:1570,Humans,DB00403; DB08862; DB09142
403,Vitamin K-dependent gamma-carboxylase,GGCX,184028,M81592,P38435,VKGC_HUMAN,,GGCX,GGCX,HGNC:4247,Humans,DB00170; DB01022; DB01125
404,Ornithine decarboxylase,ODC1,29893806,M16650,P11926,DCOR_HUMAN,1D7K; 2ON3; 2OO0; 4ZGY; 5BWA; 7S3F; 7S3G; 7U6P; 7U6U,ODC1,ODC1,HGNC:8109,Humans,DB06243
405,Muscarinic acetylcholine receptor M4,CHRM4,61970253,M16405,P08173,ACM4_HUMAN,5DSG; 6D9H; 6KP6; 7LD3; 7LD4; 7TRK; 7TRP; 7TRQ; 7TRS; 7V68; 7V69; 7V6A; 8E9X; 8FX5; 8IYH; 8IYW; 8JER; 8JHN,CHRM4,CHRM4,HGNC:1953,Humans,DB00387; DB00572; DB00725; DB00747; DB00809; DB00986; DB01036; DB01231; DB08897; DB09089; DB09167; DB11181; DB13262; DB15357
406,"Carnitine O-palmitoyltransferase 1, liver isoform",CPT1A,755646,L39211,P50416,CPT1A_HUMAN,2LE3,CPT1A,CPT1A,HGNC:2328,Humans,DB01074
409,"5-aminolevulinate synthase, non-specific, mitochondrial",ALAS1,28583,X56351,P13196,HEM1_HUMAN,,ALAS1,ALAS1,HGNC:396,Humans,DB03404; DB15066
410,"Creatine kinase S-type, mitochondrial",CKMT2,338237,J05401,P17540,KCRS_HUMAN,4Z9M,CKMT2,CKMT2,HGNC:1996,Humans,DB00148
411,Neuronal acetylcholine receptor subunit alpha-10,CHRNA10,12053839,AJ278118,Q9GZZ6,ACH10_HUMAN,,CHRNA10,CHRNA10,HGNC:13800,Humans,DB01090; DB01116
412,Retinoic acid receptor RXR-alpha,RXRA,35885,X52773,P19793,RXRA_HUMAN,1BY4; 1DSZ; 1FBY; 1FM6; 1FM9; 1G1U; 1G5Y; 1K74; 1MV9; 1MVC; 1MZN; 1R0N; 1RDT; 1RXR; 1XLS; 1XV9; 1XVP; 1YNW; 2ACL; 2NLL; 2P1T; 2P1U; 2P1V; 2ZXZ; 2ZY0; 3DZU; 3DZY; 3E00; 3E94; 3FAL; 3FC6; 3FUG; 3H0A; 3KWY; 3NSP; 3NSQ; 3OAP; 3OZJ; 3PCU; 3R29; 3R2A; 3R5M; 3UVV; 4CN2; 4CN3; 4CN5; 4CN7; 4J5W; 4J5X; 4K4J; 4K6I; 4M8E; 4M8H; 4N5G; 4N8R; 4NQA; 4OC7; 4POH; 4POJ; 4PP3; 4PP5; 4RFW; 4RMC; 4RMD; 4RME; 4ZO1; 4ZSH; 5EC9; 5JI0; 5LYQ; 5MJ5; 5MK4; 5MKJ; 5MKU; 5MMW; 5TBP; 5UAN; 5Z12; 5ZQU; 6A5Y; 6A5Z; 6A60; 6FBQ; 6FBR; 6HN6; 6JNO; 6JNR; 6L6K; 6LB4; 6LB5; 6LB6; 6SJM; 6STI; 6XWG; 6XWH; 7A77; 7B88; 7B9O; 7BK4; 7CFO; 7NKE; 7UW2; 7UW4; 8HBM; 8PP0,RXRA,RXRA,HGNC:10477,Humans,DB00210; DB00307; DB00459; DB00523; DB03756
414,Glycine receptor subunit alpha-3,GLRA3,3342792,AF017724,O75311,GLRA3_HUMAN,5CFB; 5TIN; 5TIO; 5VDH; 5VDI,GLRA3,GLRA3,HGNC:4328,Humans,DB01956
415,Intermediate conductance calcium-activated potassium channel protein 4,KCNN4,2584866,AF000972,O15554,KCNN4_HUMAN,6CNM; 6CNN; 6CNO; 6D42,KCNN4,KCNN4,HGNC:6293,Humans,DB00257
416,Interleukin-11 receptor subunit alpha,IL11RA,995654,Z38102,Q14626,I11RA_HUMAN,6O4P; 8DPS; 8DPT; 8DPU; 8QY4,IL11RA,IL11RA,HGNC:5967,Humans,DB00038
417,"Glutamate receptor ionotropic, NMDA 2B",GRIN2B,1899202,U90278,Q13224,NMDE2_HUMAN,5EWJ; 5EWL; 5EWM; 7EU8; 7KL0; 7KL1; 7KL2; 7UIS; 7UJP; 7UJQ; 7UJR; 7UJS; 7UJT,GRIN2B,GRIN2B,HGNC:4586,Humans,DB00128; DB00949; DB01956; DB11823
419,Solute carrier family 12 member 3,SLC12A3,1172161,U44128,P55017,S12A3_HUMAN,7Y6I; 7YG0; 7YG1; 8FHN; 8FHO; 8FHP; 8FHQ; 8FHR; 8FHT,SLC12A3,SLC12A3,HGNC:10912,Humans,DB00436; DB00524; DB00562; DB00808; DB00880; DB00999; DB01021; DB01324; DB01325
420,Delta-type opioid receptor,OPRD1,27545517,U07882,P41143,OPRD_HUMAN,4N6H; 4RWA; 4RWD; 6PT2; 6PT3; 8F7S,OPRD1,OPRD1,HGNC:8153,Humans,DB00295; DB00318; DB00327; DB00333; DB00497; DB00611; DB00647; DB00704; DB00813; DB00844; DB00956; DB01183; DB06230; DB09099; DB09272; DB11130; DB11691
422,Annexin A1,ANXA1,12654863,BC001275,P04083,ANXA1_HUMAN,1AIN; 1BO9; 1QLS; 5VFW,ANXA1,ANXA1,HGNC:533,Humans,DB00591; DB00741; DB06781; DB14539; DB14540; DB14541; DB14542; DB14543; DB14544
425,L-lactate dehydrogenase A chain,LDHA,34313,X02152,P00338,LDHA_HUMAN,1I10; 4AJP; 4JNK; 4L4R; 4L4S; 4M49; 4OJN; 4OKN; 4QO7; 4QO8; 4QSM; 4QT0; 4R68; 4R69; 4RLS; 4ZVV; 5IXS; 5IXY; 5W8H; 5W8I; 5W8J; 5W8K; 5W8L; 5ZJD; 5ZJE; 5ZJF; 6BAD; 6BAG; 6BAX; 6BAZ; 6BB0; 6BB1; 6BB2; 6BB3; 6MV8; 6MVA; 6Q0D; 6Q13; 6SBU; 6SBV; 6ZZR; 7M2N; 8FW6; 9BK2; 9BK3,LDHA,LDHA,HGNC:6535,Humans,DB09118; DB17635
426,Acetylcholinesterase,ACHE,177975,M55040,P22303,ACES_HUMAN,1B41; 1F8U; 1VZJ; 2X8B; 3LII; 4BDT; 4EY4; 4EY5; 4EY6; 4EY7; 4EY8; 4M0E; 4M0F; 4PQE; 5FOQ; 5FPQ; 5HF5; 5HF6; 5HF8; 5HF9; 5HFA; 5HQ3; 6CQT; 6CQU; 6CQV; 6CQW; 6CQX; 6CQY; 6CQZ; 6F25; 6NEA; 6NTG; 6NTH; 6NTK; 6NTL; 6NTM; 6NTN; 6NTO; 6O4W; 6O4X; 6O50; 6O52; 6O5R; 6O5S; 6O5V; 6O66; 6O69; 6U34; 6U37; 6U3P; 6WUV; 6WUY; 6WUZ; 6WV1; 6WVC; 6WVO; 6WVP; 6WVQ; 6ZWE; 7D9O; 7D9P; 7D9Q; 7E3D; 7E3H; 7RB5; 7RB6; 7RB7; 7XN1; 8AEN; 8AEV; 8DT2; 8DT4; 8DT5; 8DT7,ACHE,ACHE,HGNC:108,Humans,DB00382; DB00483; DB00545; DB00674; DB00677; DB00733; DB00772; DB00805; DB00843; DB00944; DB00981; DB00989; DB01010; DB01057; DB01122; DB01400; DB04864; DB19353
428,RAC-alpha serine/threonine-protein kinase,AKT1,190828,M63167,P31749,AKT1_HUMAN,1H10; 1UNP; 1UNQ; 1UNR; 2UVM; 2UZR; 2UZS; 3CQU; 3CQW; 3MV5; 3MVH; 3O96; 3OCB; 3OW4; 3QKK; 3QKL; 3QKM; 4EJN; 4EKK; 4EKL; 4GV1; 5KCV; 6BUU; 6CCY; 6HHF; 6HHG; 6HHH; 6HHI; 6HHJ; 6NPZ; 6S9W; 6S9X; 7APJ; 7MYX; 7NH4; 7NH5; 8JOW; 8UVY; 8UW2; 8UW7; 8UW9,AKT1,AKT1,HGNC:391,Humans,DB12218
429,DNA topoisomerase 4 subunit A,parC,1574370,L42023,P43702,PARC_HAEIN,,,,,Haemophilus influenzae (strain ATCC 51907 / DSM 11121 / KW20 / Rd),DB00218; DB00365; DB00467; DB00487; DB00537; DB00685; DB00978; DB01059; DB01137; DB01155; DB01165; DB01208; DB06771; DB09047
430,Voltage-dependent L-type calcium channel subunit alpha-1C,CACNA1C,,M92270,Q13936,CAC1C_HUMAN,1T0J; 2BE6; 2F3Y; 2F3Z; 2LQC; 3G43; 3OXQ; 5V2P; 5V2Q; 6C0A; 6DAD; 6DAE; 6DAF; 6U39; 6U3A; 6U3B; 6U3D; 7L8V; 8EOG; 8EOI; 8FD7; 8FHS; 8WE6; 8WE7; 8WE8; 8WE9; 8WEA,CACNA1C,CACNA1C,HGNC:1390,Humans,DB00270; DB00308; DB00343; DB00381; DB00393; DB00401; DB00568; DB00622; DB00661; DB00898; DB01023; DB01054; DB01115; DB04855; DB04920; DB06712; DB09237; DB09238; DB12278
431,Calcitonin receptor,CALCR,179880,L00587,P30988,CALCR_HUMAN,5II0; 5UZ7; 6NIY; 6PFO; 6PGQ; 7TYF; 7TYH; 7TYI; 7TYL; 7TYN; 7TYO; 7TYW; 7TYX; 7TYY; 7TZF; 8F0J; 8F0K; 8F2A; 8F2B; 9AUC,CALCR,CALCR,HGNC:1440,Humans,DB00017; DB01278
433,Glycine receptor subunit alpha-1,GLRA1,31851,X52009,P23415,GLRA1_HUMAN,1MOT; 1VRY; 2M6B; 2M6I; 4X5T; 8DN2; 8DN3; 8DN4; 8DN5,GLRA1,GLRA1,HGNC:4326,Humans,DB00228; DB00753; DB00898; DB01028; DB01189; DB01236; DB01956; DB03929
434,Serine/threonine-protein kinase A-Raf,ARAF,1340152,X04790,P10398,ARAF_HUMAN,1WXM; 2MSE; 9AXM,ARAF,ARAF,HGNC:646,Humans,DB15266
436,"cGMP-inhibited 3',5'-cyclic phosphodiesterase 3A",PDE3A,38201493,M91667,Q14432,PDE3A_HUMAN,7EG0; 7EG1; 7EG4; 7KWE; 7L27; 7L28; 7L29; 7LRC; 7LRD,PDE3A,PDE3A,HGNC:8778,Humans,DB00235; DB00261; DB00277; DB01166; DB01223; DB01303; DB01427; DB04880
439,Integrin alpha-IIb,ITGA2B,190068,J02764,P08514,ITA2B_HUMAN,1DPK; 1DPQ; 1KUP; 1KUZ; 1M8O; 1S4W; 1TYE; 2K1A; 2K9J; 2KNC; 2MTP; 2N9Y; 2VC2; 2VDK; 2VDL; 2VDM; 2VDN; 2VDO; 2VDP; 2VDQ; 2VDR; 3FCS; 3FCU; 3NID; 3NIF; 3NIG; 3T3M; 3T3P; 3ZDX; 3ZDY; 3ZDZ; 3ZE0; 3ZE1; 3ZE2; 4CAK; 4Z7N; 4Z7O; 4Z7Q; 5HDB; 6V4P; 7KN0; 7L8P; 7LA4; 7SC4; 7SFT; 7TCT; 7TD8; 7THO; 7TMZ; 7TPD; 7U60; 7U9F; 7U9V; 7UBR; 7UCY; 7UDG; 7UDH; 7UE0; 7UFH; 7UH8; 7UJE; 7UJK; 7UK9; 7UKO; 7UKP; 7UKT; 8GCD; 8GCE; 8T2U; 8T2V,ITGA2B,ITGA2B,HGNC:6138,Humans,DB00054; DB00063; DB00775; DB09526
442,Histamine H1 receptor,HRH1,510296,Z34897,P35367,HRH1_HUMAN,3RZE; 7DFL,HRH1,HRH1,HGNC:5182,Humans,DB00283; DB00341; DB00342; DB00354; DB00366; DB00392; DB00405; DB00427; DB00434; DB00455; DB00477; DB00557; DB00568; DB00637; DB00719; DB00737; DB00748; DB00751; DB00768; DB00777; DB00792; DB00835; DB00885; DB00902; DB00912; DB00920; DB00950; DB00967; DB00972; DB00985; DB01069; DB01075; DB01084; DB01106; DB01114; DB01142; DB01146; DB01173; DB01176; DB01237; DB01239; DB01246; DB01619; DB01620; DB04837; DB04890; DB05381; DB06282; DB06691; DB06698; DB06766; DB08799; DB08801; DB08936; DB09016; DB09167; DB09195; DB09488; DB09555; DB11235; DB11591; DB11614; DB12523; DB12877
451,5-hydroxytryptamine receptor 2A,HTR2A,36431,S42168,P28223,5HT2A_HUMAN,6A93; 6A94; 6WGT; 6WH4; 6WHA; 7RAN; 7VOD; 7VOE; 7WC4; 7WC5; 7WC6; 7WC7; 7WC8; 7WC9; 8JT8; 8UWL; 8V6U; 8ZMG,HTR2A,HTR2A,HGNC:5293,Humans,DB00246; DB00247; DB00321; DB00334; DB00363; DB00370; DB00408; DB00434; DB00477; DB00540; DB00589; DB00604; DB00656; DB00679; DB00696; DB00734; DB00805; DB00875; DB00924; DB00933; DB01149; DB01151; DB01224; DB01238; DB01239; DB01242; DB01267; DB01621; DB04908; DB04946; DB05316; DB06077; DB06144; DB06216; DB06288; DB08815; DB09016; DB09167; DB09195; DB09225; DB13520; DB14185
452,Somatostatin receptor type 1,SSTR1,307434,M81829,P30872,SSR1_HUMAN,8XIO; 8XIP,SSTR1,SSTR1,HGNC:11330,Humans,DB06663; DB09099; DB13985; DB15494
453,Mast/stem cell growth factor receptor Kit,KIT,34085,X06182,P10721,KIT_HUMAN,1PKG; 1T45; 1T46; 2E9W; 2EC8; 2IUH; 2VIF; 3G0E; 3G0F; 4HVS; 4K94; 4K9E; 4PGZ; 4U0I; 6GQJ; 6GQK; 6GQL; 6GQM; 6HH1; 6ITT; 6ITV; 6KLA; 6MOB; 6XV9; 6XVA; 6XVB; 7KHG; 7KHJ; 7KHK; 7ZW8; 7ZY6; 8DFM; 8DFP; 8DFQ; 8PQ9; 8PQA; 8PQB; 8PQC; 8PQD; 8PQE; 8PQF; 8PQG,KIT,KIT,HGNC:6342,Humans,DB00398; DB00619; DB01254; DB01268; DB06589; DB08896; DB09078; DB09103; DB11800; DB12978; DB14840
455,4-hydroxyphenylpyruvate dioxygenase,HPD,3860238,U29895,P32754,HPPD_HUMAN,3ISQ; 5EC3; 8IM2; 8IM3,HPD,HPD,HGNC:5147,Humans,DB00348
458,Thymidine kinase,TK,8100965,AF243477,Q9QNF7,KITH_HHV1,,,,,HHV-1,DB00194; DB00577; DB01004
460,5-hydroxytryptamine receptor 1F,HTR1F,307420,L05597,P30939,5HT1F_HUMAN,7EXD,HTR1F,HTR1F,HGNC:5292,Humans,DB00216; DB00315; DB00320; DB00669; DB00952; DB11732; DB13520
461,DNA-directed RNA polymerase subunit alpha,rpoA,147715,J01685,P0A7Z4,RPOA_ECOLI,1BDF; 1COO; 1LB2; 1XS9; 3IYD; 3K4G; 3LU0; 3N4M; 3N97; 4JK1; 4JK2; 4KMU; 4KN4; 4KN7; 4MEX; 4MEY; 4S20; 4XSX; 4XSY; 4XSZ; 4YG2; 4YLN; 4YLO; 4YLP; 4ZH2; 4ZH3; 4ZH4; 5BYH,,,,Escherichia coli (strain K12),DB00615; DB11753
464,Neurotensin receptor type 2,NTSR2,3901028,Y10148,O95665,NTR2_HUMAN,,NTSR2,NTSR2,HGNC:8040,Humans,DB01106
465,Alcohol dehydrogenase 1C,ADH1C,28404,X04299,P00326,ADH1G_HUMAN,1HT0; 1U3W,ADH1C,ADH1C,HGNC:251,Humans,DB01213
9058,Catalase-peroxidase,katG,,,P9WIE5,KATG_MYCTU,1SFZ; 1SJ2; 2CCA; 2CCD; 4C50; 4C51,,,,Mycobacterium tuberculosis,DB00951
467,Interferon gamma receptor 2,IFNGR2,463550,U05875,P38484,INGR2_HUMAN,5EH1; 6E3K; 6E3L,IFNGR2,IFNGR2,HGNC:5440,Humans,DB00033
468,UDP-N-acetylglucosamine 1-carboxyvinyltransferase,murA,146902,M92358,P0A749,MURA_ECOLI,1A2N; 1UAE; 2Z2C; 3ISS; 3KQJ; 3KR6; 3SWD,,,,Escherichia coli (strain K12),DB00828
469,ATP-binding cassette sub-family C member 9,ABCC9,3127176,AF061323,O60706,ABCC9_HUMAN,,ABCC9,ABCC9,HGNC:60,Humans,DB00222; DB00912; DB01124; DB09220
471,Gamma-aminobutyric acid receptor subunit alpha-5,GABRA5,182916,L08485,P31644,GBRA5_HUMAN,5O8F; 5OJM; 6A96; 8BEJ; 8BGI; 8BHA; 8BHB; 8BHG; 8BHI; 8BHK; 8BHM; 8BHO; 8BHQ; 8BHR; 8BHS,GABRA5,GABRA5,HGNC:4079,Humans,DB00241; DB00306; DB00312; DB00371; DB00395; DB00418; DB00599; DB00794; DB00849; DB01198; DB01205; DB01351; DB01353; DB02530
472,Putative gonadotropin-releasing hormone II receptor,GNRHR2,16589056,AF403014,Q96P88,GNRR2_HUMAN,,GNRHR2,GNRHR2,HGNC:16341,Humans,DB00644; DB00666; DB01406
474,Thioredoxin reductase,trxB,14246533,BA000017,P66010,TRXB_STAAM,,,,,Staphylococcus aureus (strain Mu50 / ATCC 700699),DB00548
475,Prostacyclin receptor,PTGIR,495043,L29016,P43119,PI2R_HUMAN,8X79; 8X7A,PTGIR,PTGIR,HGNC:9602,Humans,DB00374; DB00929; DB01088; DB01160; DB01240; DB11362; DB11629
476,5-hydroxytryptamine receptor 1E,HTR1E,177774,M91467,P28566,5HT1E_HUMAN,7E33; 8UGY; 8UH3,HTR1E,HTR1E,HGNC:5291,Humans,DB13520
477,Ceramide glucosyltransferase,UGCG,1325917,D50840,Q16739,CEGT_HUMAN,,UGCG,UGCG,HGNC:12524,Humans,DB00419; DB09039
478,Gamma-aminobutyric acid receptor subunit alpha-4,GABRA4,905393,U30461,P48169,GBRA4_HUMAN,7QN5; 7QN7; 7QN9; 7QNA; 7QNC,GABRA4,GABRA4,HGNC:4078,Humans,DB00241; DB00306; DB00312; DB00371; DB00418; DB00599; DB00794; DB00849; DB01351; DB01353
479,"Aldehyde dehydrogenase X, mitochondrial",ALDH1B1,1263008,M63967,P30837,AL1B1_HUMAN,7MJC; 7MJD; 7RAD,ALDH1B1,ALDH1B1,HGNC:407,Humans,DB09116
483,Voltage-dependent T-type calcium channel subunit alpha-1G,CACNA1G,6625659,AF134986,O43497,CAC1G_HUMAN,,,CACNA1G,HGNC:1394,Humans,DB00347; DB00568; DB00593; DB00617; DB00909; DB04841; DB05246
486,Sodium-dependent noradrenaline transporter,SLC6A2,189258,M65105,P23975,SC6A2_HUMAN,8HFE; 8HFF; 8HFG; 8HFI; 8HFL; 8I3V; 8WGR; 8WGX; 8WTU; 8WTV; 8WTW; 8WTX; 8WTY; 8XB2; 8XB3; 8XB4; 8Y8Z; 8Y90; 8Y91; 8Y92; 8Y93; 8Y94; 8Y95; 8YR2; 8Z1L,SLC6A2,SLC6A2,HGNC:11048,Humans,DB00191; DB00193; DB00226; DB00234; DB00285; DB00289; DB00316; DB00321; DB00344; DB00458; DB00476; DB00540; DB00543; DB00579; DB00726; DB00830; DB00852; DB00907; DB00934; DB00937; DB01105; DB01142; DB01149; DB01151; DB01156; DB01170; DB01173; DB01576; DB01577; DB01579; DB04840; DB04896; DB06204; DB06700; DB06701; DB06704; DB08918; DB09167; DB09185; DB09225; DB13931; DB16629
487,"3',5'-cyclic-AMP phosphodiesterase 4B",PDE4B,347122,L20966,Q07343,PDE4B_HUMAN,1F0J; 1RO6; 1RO9; 1ROR; 1TB5; 1XLX; 1XLZ; 1XM4; 1XM6; 1XMU; 1XMY; 1XN0; 1XOS; 1XOT; 1Y2H; 1Y2J; 2CHM; 2QYL; 3D3P; 3FRG; 3G45; 3GWT; 3HC8; 3HDZ; 3HMV; 3KKT; 3LY2; 3O0J; 3O56; 3O57; 3W5E; 3WD9; 4KP6; 4MYQ; 4NW7; 4WZI; 4X0F; 5K6J; 5LAQ; 5OHJ; 6BOJ; 8OEG,PDE4B,PDE4B,HGNC:8781,Humans,DB00277; DB00651; DB00824; DB01113; DB05219
488,Penicillin-binding protein 1B,mrcB,42468,X02163,P02919,PBPB_ECOLI,3FWL; 3VMA,,,,Escherichia coli (strain K12),DB00274; DB00303; DB00430; DB00438; DB00689; DB01053; DB01327; DB01328; DB01329; DB01331; DB01332; DB01413; DB01415; DB01598; DB06211; DB16335
490,Thyrotropin receptor,TSHR,903760,M73747,P16473,TSHR_HUMAN,2XWT; 3G04; 7T9I; 7T9M; 7T9N; 7UTZ; 7XW5; 7XW6; 7XW7,TSHR,TSHR,HGNC:12373,Humans,DB00024
494,Choline-phosphate cytidylyltransferase B,PCYT1B,3153239,AF052510,Q9Y5K3,PCY1B_HUMAN,,PCYT1B,PCYT1B,HGNC:8755,Humans,DB04540
495,Amiloride-sensitive sodium channel subunit delta,SCNN1D,1066457,U38254,P51172,SCNND_HUMAN,,SCNN1D,SCNN1D,HGNC:10601,Humans,DB00594
497,Amiloride-sensitive sodium channel subunit gamma,SCNN1G,1004273,X87160,P51170,SCNNG_HUMAN,6BQN; 6WTH,SCNN1G,SCNN1G,HGNC:10602,Humans,DB00384; DB00594
498,DNA polymerase I,polA,42461,V00317,P00582,DPO1_ECOLI,1D8Y; 1D9D; 1D9F; 1DPI; 1KFD; 1KFS; 1KLN; 1KRP; 1KSP; 1QSL; 2KFN; 2KFZ; 2KZM; 2KZZ,,,,Escherichia coli (strain K12),DB00548
501,Alpha-1A adrenergic receptor,ADRA1A,433201,D25235,P35348,ADA1A_HUMAN,7YM8; 7YMH; 7YMJ; 8HN1; 8THK; 8THL,ADRA1A,ADRA1A,HGNC:277,Humans,DB00211; DB00298; DB00346; DB00368; DB00388; DB00449; DB00450; DB00457; DB00477; DB00590; DB00610; DB00668; DB00679; DB00696; DB00699; DB00706; DB00723; DB00797; DB00831; DB00852; DB00865; DB00925; DB00935; DB00964; DB01136; DB01162; DB01253; DB01364; DB01579; DB04855; DB06207; DB06262; DB06694; DB06706; DB06707; DB06711; DB11124; DB12278
502,Solute carrier family 12 member 1,SLC12A1,1373425,U58130,Q13621,S12A1_HUMAN,,SLC12A1,SLC12A1,HGNC:10910,Humans,DB00214; DB00310; DB00436; DB00534; DB00695; DB00774; DB00887; DB00903; DB01021; DB01325; DB02925
503,NADH-ubiquinone oxidoreductase chain 1,MT-ND1,13004,V00662,P03886,NU1M_HUMAN,5XTC; 5XTD,MT-ND1,MT-ND1,HGNC:7455,Humans,DB01189
507,Thyroid peroxidase,TPO,339867,J02969,P07202,PERT_HUMAN,,TPO,TPO,HGNC:12015,Humans,DB00389; DB00550; DB00763; DB11496
509,Extracellular calcium-sensing receptor,CASR,599820,X81086,P41180,CASR_HUMAN,5FBH; 5FBK; 5K5S; 5K5T; 7DTT; 7DTU; 7DTV; 7DTW; 7E6T; 7E6U; 7M3E; 7M3F; 7M3G; 7M3J; 7SIL; 7SIM; 7SIN; 8SZF; 8SZG; 8SZH; 8SZI; 8WPG; 8WPU; 9ASB; 9AVG; 9AVL; 9AXF; 9AYF,CASR,CASR,HGNC:1514,Humans,DB01012; DB12865
511,Receptor tyrosine-protein kinase erbB-2,ERBB2,553282,M11767,P04626,ERBB2_HUMAN,1MFG; 1MFL; 1MW4; 1N8Z; 1QR1; 1S78; 2A91; 2JWA; 2KS1; 2L4K; 2N2A; 3BE1; 3H3B; 3MZW; 3N85; 3PP0; 3RCD; 3WLW; 3WSQ; 4GFU; 4HRL; 4HRM; 4HRN; 4NND; 5K33; 5KWG; 5MY6; 5O4G; 5OB4; 5TQS; 6ATT; 6BGT; 6J71; 6LBX; 6OGE; 7JXH; 7MN5; 7MN6; 7MN8; 7PCD; 7QVK; 8FFJ; 8HGO; 8HGP; 8JYQ; 8JYR; 8PWH; 8Q6J; 8U4K; 8U4L; 8U8X,ERBB2,ERBB2,HGNC:3430,Humans,DB00072; DB00179; DB01259; DB05773; DB06366; DB08916; DB11652; DB11828; DB11963; DB14967; DB15471
514,Thymidine kinase,TK,330210,J02224,P06478,KITH_HHV1C,,,,,,DB00299
515,Melatonin receptor type 1A,MTNR1A,602130,U14108,P48039,MTR1A_HUMAN,6ME2; 6ME3; 6ME4; 6ME5; 7DB6; 7VGY; 7VGZ,MTNR1A,MTNR1A,HGNC:7463,Humans,DB00980; DB01065; DB06594; DB09071
516,Integrin alpha-L,ITGAL,31422,Y00796,P20701,ITAL_HUMAN,1CQP; 1DGQ; 1LFA; 1MJN; 1MQ8; 1MQ9; 1MQA; 1RD4; 1T0P; 1XDD; 1XDG; 1XUO; 1ZON; 1ZOO; 1ZOP; 2ICA; 2K8O; 2M3E; 2O7N; 3BN3; 3BQM; 3BQN; 3E2M; 3EOA; 3EOB; 3F74; 3F78; 3HI6; 3M6F; 3TCX; 4IXD; 5E6R; 5E6S; 5E6U; 6BXB; 6BXF; 6BXJ; 6CKB; 7KC3; 7KC5; 7KC6,ITGAL,ITGAL,HGNC:6148,Humans,DB00095; DB00098; DB11611
521,Endothelin-1 receptor,EDNRA,238636,S63938,P25101,EDNRA_HUMAN,8HCQ; 8XVI; 8XVJ; 8XVK; 8XVL,EDNRA,EDNRA,HGNC:3179,Humans,DB00559; DB06268; DB06403; DB08932; DB12548; DB15059
523,Gamma-aminobutyric acid receptor subunit alpha-3,GABRA3,386424,S62908,P34903,GBRA3_HUMAN,,GABRA3,GABRA3,HGNC:4077,Humans,DB00241; DB00306; DB00312; DB00371; DB00395; DB00418; DB00599; DB00794; DB00849; DB01198; DB01205; DB01351; DB01353; DB02530
526,Nicotinate-nucleotide pyrophosphorylase [carboxylating],QPRT,1060907,D78177,Q15274,NADC_HUMAN,2JBM; 4KWV; 4KWW; 5AYX; 5AYY; 5AYZ,QPRT,QPRT,HGNC:9755,Humans,DB00627
527,Glucagon receptor,GCGR,439690,U03469,P47871,GLR_HUMAN,2A83; 3CZF; 4ERS; 4L6R; 4LF3; 5EE7; 5XEZ; 6LMK; 6LML; 6WHC; 6WPW; 7V35; 8FU6; 8JIQ; 8JIT; 8JIU; 8JRU; 8JRV; 8WG8; 8YW5,GCGR,GCGR,HGNC:4192,Humans,DB00040; DB15226
530,Albumin,ALB,28590,V00494,P02768,ALBU_HUMAN,1AO6; 1BJ5; 1BKE; 1BM0; 1E78; 1E7A; 1E7B; 1E7C; 1E7E; 1E7F; 1E7G; 1E7H; 1E7I; 1GNI; 1GNJ; 1H9Z; 1HA2; 1HK1; 1HK2; 1HK3; 1HK4; 1HK5; 1N5U; 1O9X; 1TF0; 1UOR; 1YSX; 2BX8; 2BXA; 2BXB; 2BXC; 2BXD; 2BXE; 2BXF; 2BXG; 2BXH; 2BXI; 2BXK; 2BXL; 2BXM; 2BXN; 2BXO; 2BXP; 2BXQ; 2ESG; 2I2Z; 2I30; 2N0X; 2VDB; 2VUE; 2VUF; 2XSI; 2XVQ; 2XVU; 2XVV; 2XVW; 2XW0; 2XW1; 2YDF; 3A73; 3B9L; 3B9M; 3CX9; 3JQZ; 3JRY; 3LU6; 3LU7; 3LU8; 3SQJ; 3TDL; 3UIV; 4BKE; 4E99; 4EMX; 4G03; 4G04; 4HGK; 4HGM; 4IW1; 4IW2; 4K2C; 4K71; 4L8U; 4L9K; 4L9Q; 4LA0; 4LB2; 4LB9; 4N0F; 4N0U; 4S1Y; 4Z69; 5FUO; 5GIX; 5GIY; 5ID7; 5IFO; 5IJF; 5UJB; 5VNW; 5X52; 5YB1; 5YOQ; 5Z0B; 6A7P; 6EZQ; 6JE7; 6L4K; 6M4R; 6M58; 6M5D; 6M5E; 6QIO; 6QIP; 6R7S; 6WUW; 6XV0; 6YG9; 6ZL1; 7A9C; 7AAE; 7AAI; 7D6J; 7DJN; 7DL4; 7EEK; 7FFR; 7FFS; 7JWN; 7QFE; 7VR0; 7VR9; 7WKZ; 7WLF; 7WOJ; 7WOK; 7WZ9; 7X7X; 7Y2D; 7Z57; 8A9Q; 8CKS; 8EW4; 8EW7; 8EY5; 8H0O; 8ISM; 8ITR; 8ITT; 8J8E; 8K1Y; 8OI2; 8Q3F; 8RCO; 8RCP; 8RGK; 8RGL; 8VAC; 8VAE; 8VAF; 8YXA; 8YXB; 8Z8V; 9CSG,ALB,ALB,HGNC:399,Humans,DB00743; DB03585; DB04711; DB06705; DB13967
533,5-hydroxytryptamine receptor 2C,HTR2C,338028,M81778,P28335,5HT2C_HUMAN,6BQG; 6BQH; 8DPF; 8DPG; 8DPH; 8DPI; 8ZMF,HTR2C,HTR2C,HGNC:5295,Humans,DB00246; DB00247; DB00370; DB00434; DB00502; DB00574; DB00589; DB00656; DB00805; DB01149; DB01242; DB01267; DB04871; DB06144; DB06594; DB09185; DB09195; DB13520
534,"Glutamate receptor ionotropic, NMDA 3B",GRIN3B,3025446,AC004528,O60391,NMD3B_HUMAN,,GRIN3B,GRIN3B,HGNC:16768,Humans,DB01173
535,Carbonic anhydrase 4,CA4,179791,M83670,P22748,CAH4_HUMAN,1ZNC; 3F7B; 3F7U; 3FW3; 5IPZ; 5JN8; 5JN9; 5JNA; 5JNC; 5KU6,CA4,CA4,HGNC:1375,Humans,DB00119; DB00273; DB00703; DB00819; DB00869; DB00936; DB01144; DB03255; DB06795; DB09154; DB11672; DB14086; DB14502
538,Fibrinogen alpha chain,FGA,13591824,AF361104,P02671,FIBA_HUMAN,1BBR; 1DM4; 1FPH; 1FZA; 1FZB; 1FZC; 1FZD; 1FZE; 1FZF; 1FZG; 1LT9; 1LTJ; 1N86; 1N8E; 1RE3; 1RE4; 1RF0; 1RF1; 1YCP; 2A45; 2FFD; 2H43; 2HLO; 2HOD; 2HPC; 2OYH; 2OYI; 2Q9I; 2XNX; 2XNY; 2Z4E; 3AT0; 3BVH; 3E1I; 3GHG; 3H32; 3HUS; 4F27; 5CFA,FGA,FGA,HGNC:3661,Humans,DB00009; DB00015; DB00029; DB11300; DB11311; DB11571; DB11572; DB13151
539,3-oxo-5-alpha-steroid 4-dehydrogenase 1,SRD5A1,177767,M32313,P18405,S5A1_HUMAN,,SRD5A1,SRD5A1,HGNC:11284,Humans,DB00367; DB00548; DB01126; DB01216; DB09389
542,Glyceraldehyde-3-phosphate dehydrogenase,GAPDH,31645,X01677,P04406,G3P_HUMAN,1U8F; 1ZNQ; 3GPD; 4WNC; 4WNI; 6ADE; 6IQ6; 6M61; 6YND; 6YNE; 6YNF; 6YNH; 8DNS; 8G12; 8G13; 8G14; 8G15; 8G16; 8G17; 8P5F,GAPDH,GAPDH,HGNC:4141,Humans,DB09092
546,DNA polymerase alpha catalytic subunit,POLA1,35568,X06745,P09884,DPOLA_HUMAN,1K0P; 1K18; 1N5G; 4Q5V; 4QCL; 4Y97; 5EXR; 5IUD; 6AS7; 7N2M; 7OPL; 7U5C; 8B9D; 8D0B; 8D0K; 8D96; 8D9D; 8QJ7; 8VY3; 9C8V,POLA1,POLA1,HGNC:9173,Humans,DB00242; DB00631; DB01073; DB01280
548,Fumarate reductase flavoprotein subunit,frdA,145263,J01611,P00363,FRDA_ECOLI,1KF6; 1KFY; 1L0V; 2B76; 3CIR; 3P4P; 3P4Q; 3P4R; 3P4S; 4KX6,,,,Escherichia coli (strain K12),DB00730
553,Calcium-activated potassium channel subunit alpha-1,KCNMA1,537439,U13913,Q12791,KCMA1_HUMAN,2K44; 3MT5; 3NAF; 6ND0; 6V22; 6V35; 6V38; 6V3G; 6V5A; 7YO3; 8GH9; 8GHF; 8GHG; 8Z3S,KCNMA1,KCNMA1,HGNC:6284,Humans,DB00356; DB00436; DB00999
554,Aldehyde dehydrogenase 1A1,ALDH1A1,178372,M31994,P00352,AL1A1_HUMAN,4WB9; 4WJ9; 4WP7; 4WPN; 4X4L; 5AC2; 5L2M; 5L2N; 5L2O; 5TEI; 6DUM; 7JWS; 7JWT; 7JWU; 7JWV; 7JWW; 7UM9; 8D46; 8DNO; 8ENE; 8PVH; 8T0N; 8T0T; 8WFQ,ALDH1A1,ALDH1A1,HGNC:402,Humans,DB09116
555,Protein P,P,59427,X69798,Q05486,DPOL_HBVF1,,,,,HBV-F,DB00709; DB01265
556,Atrial natriuretic peptide receptor 1,NPR1,28230,X15357,P16066,ANPRA_HUMAN,8TG9; 8TGA,NPR1,NPR1,HGNC:7943,Humans,DB00325; DB00883; DB01612; DB01613; DB04899
557,Progesterone receptor,PGR,35652,X51730,P06401,PRGR_HUMAN,1A28; 1E3K; 1SQN; 1SR7; 1ZUC; 2C7A; 2OVH; 2OVM; 2W8Y; 3D90; 3G8O; 3HQ5; 3KBA; 3ZR7; 3ZRA; 3ZRB; 4A2J; 4APU; 4OAR; 5CC0,PGR,PGR,HGNC:8910,Humans,DB00294; DB00304; DB00351; DB00367; DB00378; DB00396; DB00603; DB00717; DB00823; DB00834; DB00957; DB01395; DB01406; DB06713; DB08867; DB09123; DB09124; DB09389; DB11619; DB14583; DB19378
559,"Isocitrate dehydrogenase [NAD] subunit beta, mitochondrial",IDH3B,2737886,U49283,O43837,IDH3B_HUMAN,6KDE; 6KDF; 6KDY; 6KE3; 7CE3; 8GRB; 8GRD; 8GRU; 8GS5,IDH3B,IDH3B,HGNC:5385,Humans,DB13874; DB17097
560,Muscarinic acetylcholine receptor M2,CHRM2,177990,M16404,P08172,ACM2_HUMAN,3UON; 4MQS; 4MQT; 5YC8; 5ZK3; 5ZK8; 5ZKB; 5ZKC; 6OIK; 6U1N; 7T8X; 7T90; 7T94; 7T96; 8J8R; 8J97; 8JAF,CHRM2,CHRM2,HGNC:1951,Humans,DB00332; DB00383; DB00387; DB00411; DB00424; DB00462; DB00483; DB00508; DB00517; DB00572; DB00725; DB00728; DB00747; DB00785; DB00809; DB00986; DB01036; DB01062; DB01085; DB01148; DB01231; DB04834; DB06709; DB08801; DB08897; DB09089; DB09167; DB11181; DB11315; DB12278; DB13262; DB15357
563,Bifunctional dihydrofolate reductase-thymidylate synthase,,160260,M22159,P13922,DRTS_PLAFK,1J3I; 1J3J; 1J3K; 3DG8; 3DGA,,,,Plasmodium falciparum (isolate K1 / Thailand),DB00205
565,Interleukin-1 receptor type 1,IL1R1,33801,X16896,P14778,IL1R1_HUMAN,1G0Y; 1IRA; 1ITB; 4DEP; 4GAF,IL1R1,IL1R1,HGNC:5993,Humans,DB00026
567,Guanidinoacetate N-methyltransferase,GAMT,1212946,Z49878,Q14353,GAMT_HUMAN,3ORH,GAMT,GAMT,HGNC:4136,Humans,DB00148
568,Glutamate carboxypeptidase 2,FOLH1,190664,M99487,Q04609,FOLH1_HUMAN,1Z8L; 2C6C; 2C6G; 2C6P; 2CIJ; 2JBJ; 2JBK; 2OOT; 2OR4; 2PVV; 2PVW; 2XEF; 2XEG; 2XEI; 2XEJ; 3BHX; 3BI0; 3BI1; 3BXM; 3D7D; 3D7F; 3D7G; 3D7H; 3IWW; 3RBU; 3SJE; 3SJF; 3SJG; 3SJX; 4JYW; 4JZ0; 4LQG; 4MCP; 4MCQ; 4MCR; 4MCS; 4NGM; 4NGN; 4NGP; 4NGQ; 4NGR; 4NGS; 4NGT; 4OC0; 4OC1; 4OC2; 4OC3; 4OC4; 4OC5; 4OME; 4P44; 4P45; 4P4B; 4P4D; 4P4E; 4P4F; 4P4I; 4P4J; 4W9Y; 4X3R; 5D29; 5ELY; 5F09; 5O5R; 5O5T; 5O5U; 5OF0; 6ETY; 6EZ9; 6F5L; 6FE5; 6H7Y; 6H7Z; 6HKJ; 6HKZ; 6RBC; 6RTI; 6S1X; 6SGP; 6SKH; 7BFZ; 8BO8; 8BOL; 8BOW,FOLH1,FOLH1,HGNC:3788,Humans,DB00089; DB14805; DB16019; DB17851
572,Alpha-2B adrenergic receptor,ADRA2B,178198,M34041,P18089,ADA2B_HUMAN,6K41; 6K42,ADRA2B,ADRA2B,HGNC:282,Humans,DB00292; DB00368; DB00484; DB00575; DB00668; DB00935; DB01392; DB01577; DB04855; DB06262; DB06694; DB08950; DB09242; DB11124
574,3-hydroxy-3-methylglutaryl-coenzyme A reductase,HMGCR,306865,M11058,P04035,HMDH_HUMAN,1DQ8; 1DQ9; 1DQA; 1HW8; 1HW9; 1HWI; 1HWJ; 1HWK; 1HWL; 2Q1L; 2Q6B; 2Q6C; 2R4F; 3BGL; 3CCT; 3CCW; 3CCZ; 3CD0; 3CD5; 3CD7; 3CDA; 3CDB,HMGCR,HMGCR,HGNC:5006,Humans,DB00175; DB00227; DB00439; DB00641; DB00945; DB01076; DB01095; DB01098; DB08860; DB08880; DB11629
575,Alpha-1B adrenergic receptor,ADRA1B,,M99589,P35368,ADA1B_HUMAN,,ADRA1B,ADRA1B,HGNC:278,Humans,DB00211; DB00298; DB00346; DB00368; DB00388; DB00457; DB00477; DB00668; DB00679; DB00696; DB01162; DB01577; DB04855; DB06207; DB06262; DB06707; DB11124
576,Penicillin-binding protein 1A,pbpA,18145626,BA000016,Q8XJ01,PBPA_CLOPE,,,,,Clostridium perfringens (strain 13 / Type A),DB00229; DB00267; DB00301; DB00417; DB00447; DB00456; DB00713; DB00833; DB00948; DB01061; DB01066; DB01112; DB01139; DB01604; DB01605
577,Squalene monooxygenase,SQLE,2443316,D78130,Q14534,ERG1_HUMAN,6C6N; 6C6P; 6C6R,SQLE,SQLE,HGNC:11279,Humans,DB00525; DB00735; DB01091
581,D(3) dopamine receptor,DRD3,927342,U32499,P35462,DRD3_HUMAN,3PBL; 7CMU; 7CMV; 8IRT,DRD3,DRD3,HGNC:3024,Humans,DB00268; DB00413; DB00589; DB00714; DB00988; DB01100; DB01184; DB01186; DB01200; DB01235; DB01239; DB01267; DB05271; DB06016; DB06288; DB08868; DB11274
584,Neuraminidase,NA,60811,X15281,P11485,NRAM_I83A1,,,,,Influenza A virus (strain A/Chile/1/1983 H1N1),DB00198
585,3-oxo-5-alpha-steroid 4-dehydrogenase 2,SRD5A2,338469,M74047,P31213,S5A2_HUMAN,7BW1,SRD5A2,SRD5A2,HGNC:11285,Humans,DB00548; DB01126; DB01216
588,Penicillin-binding protein 1A,mrcA,581194,X02164,P02918,PBPA_ECOLI,,,,,Escherichia coli (strain K12),DB00274; DB00303; DB00430; DB00438; DB01053; DB01327; DB01328; DB01329; DB01331; DB01332; DB01333; DB01413; DB01415; DB01598; DB06211; DB16335
590,Integrin alpha-4,ITGA4,33946,X16983,P13612,ITA4_HUMAN,3V4P; 3V4V; 4HKC; 5C7Z; 5FPI,ITGA4,ITGA4,HGNC:6140,Humans,DB00108; DB02530; DB09033
9059,Probable arabinosyltransferase C,embC,,,P9WNL5,EMBC_MYCTU,3PTY,,,,Mycobacterium tuberculosis,DB00330
592,Aldo-keto reductase family 1 member C3,AKR1C3,4261711,S68288,P42330,AK1C3_HUMAN,1RY0; 1RY8; 1S1P; 1S1R; 1S2A; 1S2C; 1XF0; 1ZQ5; 2F38; 2FGB; 3R43; 3R58; 3R6I; 3R7M; 3R8G; 3R8H; 3R94; 3UFY; 3UG8; 3UGR; 3UWE; 4DBS; 4DBU; 4DBW; 4DZ5; 4FA3; 4FAL; 4FAM; 4H7C; 4HMN; 4WDT; 4WDU; 4WDW; 4WDX; 4WRH; 4XVD; 4XVE; 4YVV; 4YVX; 4ZFC; 5HNT; 5HNU; 6A7B; 6F2U; 6F78; 6GXK; 7C7F; 7C7G; 7C7H; 7WQM; 7WQR; 7WQS; 7X3L; 7X3M; 7X3O; 8BBS; 8I0C; 8JP1; 8RB6; 9FFD,AKR1C3,AKR1C3,HGNC:386,Humans,DB01698; DB02266
594,Envelope glycoprotein GP350,,1334868,V01555,P03200,GP350_EBVB9,,,,,HHV-4,DB00632
595,Flavin reductase (NADPH),BLVRB,1384068,D26308,P30043,BLVRB_HUMAN,1HDO; 1HE2; 1HE3; 1HE4; 1HE5; 5OOG; 5OOH; 6OPL; 7ER6; 7ER7; 7ER8; 7ER9; 7ERA; 7ERB; 7ERC; 7ERD; 7ERE; 8ELL; 8ELM,BLVRB,BLVRB,HGNC:1063,Humans,DB00140
599,ADP/ATP translocase 1,SLC25A4,339920,J02966,P12235,ADT1_HUMAN,,SLC25A4,SLC25A4,HGNC:10990,Humans,DB00720
600,Aldehyde dehydrogenase family 3 member A2,ALDH3A2,1082036,L47162,P51648,AL3A2_HUMAN,4QGK,ALDH3A2,ALDH3A2,HGNC:403,Humans,DB00822; DB14174
601,Solute carrier family 12 member 4,SLC12A4,1399212,U55054,Q9UP95,S12A4_HUMAN,6KKR; 6KKT; 6KKU; 7AIP; 7AIQ; 7AIR; 7TTH; 7TTI,SLC12A4,SLC12A4,HGNC:10913,Humans,DB00887
610,Prostaglandin F2-alpha receptor,PTGFR,456564,L24470,P43088,PF2R_HUMAN,8IQ4; 8IQ6; 8IUK; 8IUL; 8IUM; 8XJK; 8XJL; 8XJM,PTGFR,PTGFR,HGNC:9600,Humans,DB00287; DB00429; DB00654; DB00905; DB00917; DB01160; DB08819; DB11629; DB11660; DB12789
612,"Dihydroorotate dehydrogenase (quinone), mitochondrial",,46362265,CR382398,Q08210,PYRD_PLAF7,1TV5; 3I65; 3I68; 3I6R; 3O8A; 3SFK; 4CQ8; 4CQ9; 4CQA; 4ORM; 4RX0; 5BOO; 5DEL,,,,Plasmodium falciparum (isolate 3D7),DB01097; DB01117; DB08880
614,Tyrosine 3-monooxygenase,TH,37127,Y00414,P07101,TY3H_HUMAN,2XSN; 4J6S; 6ZN2; 6ZVP; 6ZZU; 7A2G; 7PIM,TH,TH,HGNC:11782,Humans,DB00120; DB00135; DB00360; DB00765
619,Potassium-transporting ATPase subunit beta,ATP4B,184105,M75110,P51164,ATP4B_HUMAN,,ATP4B,ATP4B,HGNC:820,Humans,DB00213; DB00338; DB00736; DB05351
621,Oxygen-insensitive NADPH nitroreductase,nfsA,609324,U18655,P17117,NFSA_ECOLI,1F5V,,,,Escherichia coli (strain K12),DB00698
622,Aldo-keto reductase family 1 member C2,AKR1C2,531160,U05598,P52895,AK1C2_HUMAN,1IHI; 1J96; 1XJB; 2HDJ; 2IPJ; 4JQ1; 4JQ2; 4JQ3; 4JQ4; 4JQA; 4JTQ; 4JTR; 4L1W; 4L1X; 4XO6; 4XO7,AKR1C2,AKR1C2,HGNC:385,Humans,DB01586
623,Tyrosine-protein phosphatase non-receptor type 1,PTPN1,190742,M31724,P18031,PTN1_HUMAN,1A5Y; 1AAX; 1BZC; 1BZH; 1BZJ; 1C83; 1C84; 1C85; 1C86; 1C87; 1C88; 1ECV; 1EEN; 1EEO; 1G1F; 1G1G; 1G1H; 1G7F; 1G7G; 1GFY; 1I57; 1JF7; 1KAK; 1KAV; 1L8G; 1LQF; 1NL9; 1NNY; 1NO6; 1NWE; 1NWL; 1NZ7; 1OEM; 1OEO; 1OES; 1OET; 1OEU; 1OEV; 1ONY; 1ONZ; 1PA1; 1PH0; 1PTT; 1PTU; 1PTV; 1PTY; 1PXH; 1PYN; 1Q1M; 1Q6J; 1Q6M; 1Q6N; 1Q6P; 1Q6S; 1Q6T; 1QXK; 1SUG; 1T48; 1T49; 1T4J; 1WAX; 1XBO; 2AZR; 2B07; 2B4S; 2BGD; 2BGE; 2CM2; 2CM3; 2CM7; 2CM8; 2CMA; 2CMB; 2CMC; 2CNE; 2CNF; 2CNG; 2CNH; 2CNI; 2F6F; 2F6T; 2F6V; 2F6W; 2F6Y; 2F6Z; 2F70; 2F71; 2FJM; 2FJN; 2H4G; 2H4K; 2HB1; 2HNP; 2HNQ; 2NT7; 2NTA; 2QBP; 2QBQ; 2QBR; 2QBS; 2VEU; 2VEV; 2VEW; 2VEX; 2VEY; 2ZMM; 2ZN7; 3A5J; 3A5K; 3CWE; 3D9C; 3EAX; 3EB1; 3EU0; 3I7Z; 3I80; 3QKP; 3QKQ; 3SME; 3ZMP; 3ZMQ; 3ZV2; 4BJO; 4I8N; 4QAH; 4QAP; 4QBE; 4QBW; 4Y14; 4ZRT; 5K9V; 5K9W; 5KA0; 5KA1; 5KA2; 5KA3; 5KA4; 5KA7; 5KA8; 5KA9; 5KAA; 5KAB; 5KAC; 5KAD; 5QDE; 5QDF; 5QDG; 5QDH; 5QDI; 5QDJ; 5QDK; 5QDL; 5QDM; 5QDN; 5QDO; 5QDP; 5QDQ; 5QDR; 5QDS; 5QDT; 5QDU; 5QDV; 5QDW; 5QDX; 5QDY; 5QDZ; 5QE0; 5QE1; 5QE2; 5QE3; 5QE4; 5QE5; 5QE6; 5QE7; 5QE8; 5QE9; 5QEA; 5QEB; 5QEC; 5QED; 5QEE; 5QEF; 5QEG; 5QEH; 5QEI; 5QEJ; 5QEK; 5QEL; 5QEM; 5QEN; 5QEO; 5QEP; 5QEQ; 5QER; 5QES; 5QET; 5QEU; 5QEV; 5QEW; 5QEX; 5QEY; 5QEZ; 5QF0; 5QF1; 5QF2; 5QF3; 5QF4; 5QF5; 5QF6; 5QF7; 5QF8; 5QF9; 5QFA; 5QFB; 5QFC; 5QFD; 5QFE; 5QFF; 5QFG; 5QFH; 5QFI; 5QFJ; 5QFK; 5QFL; 5QFM; 5QFN; 5QFO; 5QFP; 5QFQ; 5QFR; 5QFS; 5QFT; 5QFU; 5QFV; 5QFW; 5QFX; 5QFY; 5QFZ; 5QG0; 5QG1; 5QG2; 5QG3; 5QG4; 5QG5; 5QG6; 5QG7; 5QG8; 5QG9; 5QGA; 5QGB; 5QGC; 5QGD; 5QGE; 5QGF; 5T19; 6B8E; 6B8T; 6B8X; 6B8Z; 6B90; 6B95; 6BAI; 6CWU; 6CWV; 6NTP; 6OL4; 6OLQ; 6OLV; 6OMY; 6PFW; 6PG0; 6PGT; 6PHA; 6PHS; 6PM8; 6W30; 6XE8; 6XEA; 6XED; 6XEE; 6XEF; 6XEG; 7FQM; 7FQN; 7FQO; 7FQP; 7FQQ; 7FQR; 7FQS; 7FQT; 7FQU; 7FQV; 7FQW; 7FQX; 7FQY; 7FQZ; 7FRE; 7FRF; 7FRG; 7FRH; 7FRI; 7FRJ; 7FRK; 7FRL; 7FRM; 7FRN; 7FRO; 7FRP; 7FRQ; 7FRR; 7FRS; 7FRT; 7FRU; 7GS7; 7GS8; 7GS9; 7GSA; 7GSB; 7GSC; 7GSD; 7GSE; 7GSF; 7GSG; 7GSH; 7GSI; 7GSJ; 7GSK; 7GSL; 7GSM; 7GSN; 7GSO; 7GSQ; 7GSR; 7GST; 7GSU; 7GSV; 7GSW; 7GSX; 7GSY; 7GSZ; 7GT0; 7GT1; 7GT2; 7GT3; 7GT4; 7GT5; 7GT6; 7GT7; 7GT8; 7GT9; 7GTA; 7GTB; 7GTC; 7GTD; 7GTE; 7GTF; 7GTG; 7GTH; 7GTI; 7GTJ; 7GTK; 7GTL; 7GTM; 7GTN; 7GTO; 7GTP; 7GTQ; 7GTR; 7GTS; 7GTT; 7GTU; 7GTV; 7GTW; 7GTX; 7GTY; 7GTZ; 7GU0; 7GU1; 7GU2; 7GU3; 7GU4; 7GU5; 7GU6; 7GU7; 7GU8; 7GU9; 7GUA; 7GUB; 7GUC; 7KEN; 7KEY; 7KLX; 7L0C; 7L0H; 7LFO; 7MKZ; 7MM1; 7MN7; 7MN9; 7MNA; 7MNB; 7MNC; 7MND; 7MNE; 7MNF; 7MOU; 7MOV; 7MOW; 7RIN; 7S4F; 8DU7; 8EXI; 8EXJ; 8EXK; 8EXM; 8EXN; 8EYA; 8EYB; 8EYC; 8F88; 8G65; 8G67; 8G68; 8G69; 8G6A; 8SKL; 8U1E; 8XOY; 9C66; 9CYO; 9CYP; 9CYQ; 9CYR,PTPN1,PTPN1,HGNC:9642,Humans,DB09158; DB11091
624,ADP/ATP translocase 3,SLC25A6,339723,J03592,P12236,ADT3_HUMAN,,SLC25A6,SLC25A6,HGNC:10992,Humans,DB00720
625,Growth hormone-releasing hormone receptor,GHRHR,183173,L01406,Q02643,GHRHR_HUMAN,2XDG; 7CZ5,GHRHR,GHRHR,HGNC:4266,Humans,DB00010; DB08869
628,Granulocyte-macrophage colony-stimulating factor receptor subunit alpha,CSF2RA,32089,X17648,P15509,CSF2R_HUMAN,4NKQ; 4RS1,CSF2RA,CSF2RA,HGNC:2435,Humans,DB00020; DB10772
629,Hemoglobin subunit beta,HBB,455997,U01317,P68871,HBB_HUMAN,1A00; 1A01; 1A0U; 1A0Z; 1A3N; 1A3O; 1ABW; 1ABY; 1AJ9; 1B86; 1BAB; 1BBB; 1BIJ; 1BUW; 1BZ0; 1BZ1; 1BZZ; 1C7B; 1C7C; 1C7D; 1CBL; 1CBM; 1CH4; 1CLS; 1CMY; 1COH; 1DKE; 1DXT; 1DXU; 1DXV; 1FN3; 1G9V; 1GBU; 1GBV; 1GLI; 1GZX; 1HAB; 1HAC; 1HBA; 1HBB; 1HBS; 1HCO; 1HDB; 1HGA; 1HGB; 1HGC; 1HHO; 1IRD; 1J3Y; 1J3Z; 1J40; 1J41; 1J7S; 1J7W; 1J7Y; 1JY7; 1K0Y; 1K1K; 1KD2; 1LFL; 1LFQ; 1LFT; 1LFV; 1LFY; 1LFZ; 1LJW; 1M9P; 1MKO; 1NEJ; 1NIH; 1NQP; 1O1I; 1O1J; 1O1K; 1O1L; 1O1M; 1O1N; 1O1O; 1O1P; 1QI8; 1QSH; 1QSI; 1QXD; 1QXE; 1R1X; 1R1Y; 1RPS; 1RQ3; 1RQ4; 1RQA; 1RVW; 1SDK; 1SDL; 1THB; 1UIW; 1VWT; 1XXT; 1XY0; 1XYE; 1XZ2; 1XZ4; 1XZ5; 1XZ7; 1XZU; 1XZV; 1Y09; 1Y0A; 1Y0C; 1Y0D; 1Y0T; 1Y0W; 1Y22; 1Y2Z; 1Y31; 1Y35; 1Y45; 1Y46; 1Y4B; 1Y4F; 1Y4G; 1Y4P; 1Y4Q; 1Y4R; 1Y4V; 1Y5F; 1Y5J; 1Y5K; 1Y7C; 1Y7D; 1Y7G; 1Y7Z; 1Y83; 1Y85; 1Y8W; 1YDZ; 1YE0; 1YE1; 1YE2; 1YEN; 1YEO; 1YEQ; 1YEU; 1YEV; 1YFF; 1YG5; 1YGD; 1YGF; 1YH9; 1YHE; 1YHR; 1YIE; 1YIH; 1YVQ; 1YVT; 1YZI; 2D5Z; 2D60; 2DN1; 2DN2; 2DN3; 2DXM; 2H35; 2HBC; 2HBD; 2HBE; 2HBF; 2HBS; 2HCO; 2HHB; 2HHD; 2HHE; 2M6Z; 2W6V; 2W72; 2YRS; 3B75; 3D17; 3D7O; 3DUT; 3HHB; 3HXN; 3IC0; 3IC2; 3KMF; 3NL7; 3NMM; 3ODQ; 3ONZ; 3OO4; 3OO5; 3P5Q; 3QJB; 3QJC; 3QJD; 3QJE; 3R5I; 3S65; 3S66; 3SZK; 3W4U; 3WCP; 3WHM; 4FC3; 4HHB; 4IJ2; 4L7Y; 4M4A; 4M4B; 4MQC; 4MQG; 4MQH; 4MQI; 4N7N; 4N7O; 4N7P; 4N8T; 4NI0; 4NI1; 4ROL; 4ROM; 4WJG; 4X0L; 4XS0; 5E29; 5E6E; 5E83; 5EE4; 5HU6; 5HY8; 5JDO; 5KDQ; 5KSI; 5KSJ; 5NI1; 5SW7; 5U3I; 5UCU; 5UFJ; 5URC; 5VMM; 5WOG; 5WOH; 5X2R; 5X2S; 5X2T; 5X2U; 6BB5; 6BNR; 6BWP; 6BWU; 6DI4; 6FQF; 6HAL; 6HBW; 6HK2; 6KA9; 6KAE; 6KAH; 6KAI; 6KAO; 6KAP; 6KAQ; 6KAR; 6KAS; 6KAT; 6KAU; 6KAV; 6KYE; 6L5V; 6L5W; 6L5X; 6L5Y; 6LCW; 6LCX; 6NBC; 6NBD; 6NQ5; 6TB2; 6XD9; 6XDT; 6XE7; 7AET; 7AEU; 7AEV; 7CUE; 7DY3; 7DY4; 7JJQ; 7JXZ; 7JY0; 7JY1; 7JY3; 7K4M; 7PCF; 7PCH; 7PCQ; 7UD7; 7UD8; 7UF6; 7UF7; 7UVB; 7VDE; 7XGY; 8DOV; 8EGI; 8FDK; 8FDL; 8FDM; 8FDN; 8VYL; 8WJ0; 8WJ1; 8WJ2; 8WXZ,HBB,HBB,HGNC:4827,Humans,DB00893; DB06154; DB09112; DB09517; DB13995
630,Matrix protein 2,M,324265,M23978,P21430,M2_I60A0,,,,,Influenza A virus (strain A/Ann Arbor/6/1960 H2N2),DB00478; DB00915
631,"cAMP and cAMP-inhibited cGMP 3',5'-cyclic phosphodiesterase 10A",PDE10A,4958858,AB020593,Q9Y233,PDE10_HUMAN,2OUN; 2OUP; 2OUQ; 2OUR; 2OUS; 2OUU; 2OUV; 2OUY; 2WEY; 2Y0J; 2ZMF; 3SN7; 3SNI; 3SNL; 3UI7; 3UUO; 3WI2; 3WS8; 3WS9; 3WYK; 3WYL; 3WYM; 4AEL; 4AJD; 4AJF; 4AJG; 4AJM; 4BBX; 4DDL; 4DFF; 4FCB; 4FCD; 4HEU; 4HF4; 4LKQ; 4LLJ; 4LLK; 4LLP; 4LLX; 4LM0; 4LM1; 4LM2; 4LM3; 4LM4; 4MRW; 4MRZ; 4MS0; 4MSA; 4MSC; 4MSE; 4MSH; 4MSN; 4MUW; 4MVH; 4P0N; 4P1R; 4PHW; 4TPM; 4TPP; 4WN1; 4XY2; 4YQH; 4YS7; 4ZO5; 5AXP; 5AXQ; 5B4K; 5B4L; 5C1W; 5C28; 5C29; 5C2A; 5C2E; 5C2H; 5DH4; 5DH5; 5EDE; 5EDG; 5EDH; 5EDI; 5I2R; 5K9R; 5SDU; 5SDV; 5SDW; 5SDX; 5SDY; 5SDZ; 5SE0; 5SE1; 5SE2; 5SE3; 5SE4; 5SE5; 5SE6; 5SE7; 5SE8; 5SE9; 5SEA; 5SEB; 5SEC; 5SED; 5SEE; 5SEF; 5SEG; 5SEH; 5SEI; 5SEJ; 5SEK; 5SEL; 5SEM; 5SEN; 5SEO; 5SEP; 5SEQ; 5SER; 5SES; 5SET; 5SEU; 5SEV; 5SEW; 5SEX; 5SEY; 5SEZ; 5SF0; 5SF1; 5SF2; 5SF3; 5SF4; 5SF5; 5SF6; 5SF7; 5SF8; 5SF9; 5SFA; 5SFB; 5SFC; 5SFD; 5SFE; 5SFF; 5SFG; 5SFH; 5SFI; 5SFJ; 5SFK; 5SFL; 5SFM; 5SFN; 5SFO; 5SFP; 5SFQ; 5SFR; 5SFS; 5SFT; 5SFU; 5SFV; 5SFW; 5SFX; 5SFY; 5SFZ; 5SG0; 5SG1; 5SG2; 5SG3; 5SG4; 5SG5; 5SG6; 5SG7; 5SG8; 5SG9; 5SGB; 5SGC; 5SGD; 5SGE; 5SGF; 5SGG; 5SGH; 5SGI; 5SGJ; 5SGK; 5SGL; 5SGM; 5SGN; 5SGO; 5SGP; 5SGQ; 5SGR; 5SGS; 5SGT; 5SGU; 5SGV; 5SGW; 5SGX; 5SGY; 5SGZ; 5SH0; 5SH1; 5SH2; 5SH3; 5SH4; 5SH5; 5SH6; 5SH7; 5SH8; 5SH9; 5SHA; 5SHB; 5SHC; 5SHD; 5SHE; 5SHF; 5SHG; 5SHH; 5SHI; 5SHJ; 5SHK; 5SHL; 5SHM; 5SHN; 5SHO; 5SHP; 5SHQ; 5SHR; 5SHS; 5SHT; 5SHU; 5SHV; 5SHW; 5SHX; 5SHY; 5SHZ; 5SI0; 5SI1; 5SI2; 5SI3; 5SI4; 5SI5; 5SI6; 5SI7; 5SI8; 5SI9; 5SIA; 5SIB; 5SID; 5SIE; 5SIF; 5SIG; 5SIH; 5SII; 5SIJ; 5SIK; 5SIL; 5SIM; 5SIN; 5SIO; 5SIP; 5SIQ; 5SIR; 5SIS; 5SIT; 5SIU; 5SIV; 5SIW; 5SIX; 5SIY; 5SIZ; 5SJ0; 5SJ1; 5SJ2; 5SJ3; 5SJ4; 5SJ5; 5SJ6; 5SJ7; 5SJ8; 5SJ9; 5SJA; 5SJB; 5SJC; 5SJD; 5SJE; 5SJF; 5SJG; 5SJH; 5SJI; 5SJJ; 5SJK; 5SJL; 5SJM; 5SJN; 5SJO; 5SJP; 5SJQ; 5SJR; 5SJS; 5SJT; 5SJU; 5SJV; 5SJW; 5SJX; 5SJY; 5SJZ; 5SK0; 5SK1; 5SK2; 5SK3; 5SK4; 5SK5; 5SK6; 5SK7; 5SK8; 5SK9; 5SKA; 5SKB; 5SKC; 5SKD; 5SKE; 5SKF; 5SKG; 5SKH; 5SKI; 5SKJ; 5SKK; 5SKL; 5SKM; 5SKN; 5SKO; 5SKP; 5SKQ; 5SKR; 5SKS; 5SKT; 5SKU; 5SKV; 5UWF; 5XUI; 5XUJ; 5ZNL; 6IJH; 6IJI; 6KDX; 6KDZ; 6KE0; 6KO0; 6KO1; 6KZE; 6MSA; 6MSC; 7BPI; 7QPF; 7QPM; 7QPQ; 7QPV; 7QQ4; 8DI4,PDE10A,PDE10A,HGNC:8772,Humans,DB00975; DB08814
632,Kappa-type opioid receptor,OPRK1,532060,U11053,P41145,OPRK_HUMAN,4DJH; 6B73; 6VI4; 7T10; 7T11; 7UL2; 7UL3; 7UL5; 7Y1F; 7YIT; 7YMJ; 8DZP; 8DZQ; 8DZR; 8DZS; 8F7W; 8FEG; 8HNN; 8K2W,OPRK1,OPRK1,HGNC:8154,Humans,DB00295; DB00318; DB00327; DB00454; DB00497; DB00611; DB00647; DB00652; DB00704; DB00844; DB00921; DB01183; DB01209; DB01243; DB04815; DB06230; DB09209; DB09272; DB11130; DB11691; DB11938
633,DNA polymerase catalytic subunit,,60016,X04370,P09252,DPOL_VZVD,,,,,HHV-3,DB00787
634,Serine/threonine-protein kinase B-raf,BRAF,41387220,M95712,P15056,BRAF_HUMAN,1UWH; 1UWJ; 2FB8; 2L05; 3C4C; 3D4Q; 3IDP; 3II5; 3NY5; 3OG7; 3PPJ; 3PPK; 3PRF; 3PRI; 3PSB; 3PSD; 3Q4C; 3Q96; 3SKC; 3TV4; 3TV6; 4CQE; 4DBN; 4E26; 4E4X; 4EHE; 4EHG; 4FC0; 4FK3; 4G9C; 4G9R; 4H58; 4JVG; 4KSP; 4KSQ; 4MBJ; 4MNE; 4MNF; 4PP7; 4R5Y; 4RZV; 4RZW; 4WO5; 4XV1; 4XV2; 4XV3; 4XV9; 4YHT; 5C9C; 5CSW; 5CSX; 5CT7; 5FD2; 5HI2; 5HID; 5HIE; 5ITA; 5J17; 5J18; 5J2R; 5JRQ; 5JSM; 5JT2; 5VAL; 5VAM; 5VR3; 5VYK; 6B8U; 6CAD; 6N0P; 6N0Q; 6NSQ; 6NYB; 6P3D; 6P7G; 6PP9; 6Q0J; 6Q0K; 6Q0T; 6U2G; 6U2H; 6UAN; 6UUO; 6V2U; 6V2W; 6V34; 6XAG; 6XFP; 6XLO; 7K0V; 7M0T; 7M0U; 7M0V; 7M0W; 7M0X; 7M0Y; 7M0Z; 7MFD; 7MFE; 7MFF; 7P3V; 7SHV; 7ZR0; 7ZR5; 7ZR6; 8C7X; 8C7Y; 8DGS; 8DGT; 8F7O; 8F7P; 8QQG; 9AXX; 9AXY; 9BFB,BRAF,BRAF,HGNC:1097,Humans,DB00398; DB08881; DB08896; DB08912; DB11718; DB14840; DB15266
635,Hydroxycarboxylic acid receptor 2,HCAR2,28975188,AY148884,Q8TDS4,HCAR2_HUMAN,7XK2; 7ZL9; 7ZLY; 8H2G; 8I7V; 8I7W; 8IHB; 8IHF; 8IHH; 8IHI; 8IJ3; 8IJA; 8IJB; 8IJD; 8IY9; 8IYH; 8IYW; 8J6I; 8J6J; 8J6L; 8J6P; 8J6Q; 8J6R; 8JER; 8JHN; 8JHY; 8JII; 8JIL; 8JIM; 8JZ7; 8K5B; 8K5C; 8K5D,HCAR2,GPR109A,HGNC:24827,Humans,DB00627; DB08949
640,Glutamate receptor 1,GRIA1,183281,M64752,P42261,GRIA1_HUMAN,6X5Q,GRIA1,GRIA1,HGNC:4571,Humans,DB00753; DB01028; DB01189; DB01236; DB08883
641,"Glutamate receptor ionotropic, NMDA 3A",GRIN3A,20372905,AJ416950,Q8TCU5,NMD3A_HUMAN,8USW; 8USX; 8UUE,GRIN3A,GRIN3A,HGNC:16767,Humans,DB00392; DB00514; DB00721; DB00898; DB00915; DB01173; DB01221
644,ATP-sensitive inward rectifier potassium channel 1,KCNJ1,529313,U12541,P48048,KCNJ1_HUMAN,,KCNJ1,KCNJ1,HGNC:6255,Humans,DB00217; DB00222; DB00350; DB00414; DB01382
647,Sodium-dependent dopamine transporter,SLC6A3,553260,M96670,Q01959,SC6A3_HUMAN,8VBY; 8Y2C; 8Y2D; 8Y2E; 8Y2F; 8Y2G; 9EO4,SLC6A3,SLC6A3,HGNC:11049,Humans,DB00182; DB00191; DB00245; DB00422; DB00579; DB00721; DB00745; DB00830; DB00852; DB00907; DB00937; DB00988; DB01105; DB01156; DB01576; DB01577; DB06413; DB06701; DB08824; DB16629
648,"Glutathione reductase, mitochondrial",GSR,31825,X15722,P00390,GSHR_HUMAN,1ALG; 1BWC; 1DNC; 1GRA; 1GRB; 1GRE; 1GRF; 1GRG; 1GRH; 1GRT; 1GSN; 1K4Q; 1XAN; 2AAQ; 2GH5; 2GRT; 3DJG; 3DJJ; 3DK4; 3DK8; 3DK9; 3GRS; 3GRT; 3SQP; 4GR1; 4GRT; 5GRT,GSR,GSR,HGNC:4623,Humans,DB00262; DB03147
650,5-hydroxytryptamine receptor 7,HTR7,1857143,U68487,P34969,5HT7R_HUMAN,7XTC,HTR7,HTR7,HGNC:5302,Humans,DB00247; DB06288; DB09068; DB09225; DB11274
651,Interleukin-2 receptor subunit beta,IL2RB,307048,M26062,P14784,IL2RB_HUMAN,2B5I; 2ERJ; 3QAZ; 4GS7; 5M5E; 6E8K; 7S2S,IL2RB,IL2RB,HGNC:6009,Humans,DB00004; DB00041; DB18740
654,Erythropoietin receptor,EPOR,182245,M60459,P19235,EPOR_HUMAN,1CN4; 1EBA; 1EBP; 1EER; 1ERN; 2JIX; 2MV6; 4Y5V; 4Y5X; 4Y5Y; 6E2Q; 6I4X; 6MOE; 6MOF; 6MOH; 6MOI; 6MOJ; 6MOK; 6MOL; 8VUI; 8VVM; 8VVO,EPOR,EPOR,HGNC:3416,Humans,DB00012; DB00016; DB00678; DB08894; DB09107
658,Interleukin-2 receptor subunit alpha,IL2RA,33813,X01057,P01589,IL2RA_HUMAN,1Z92; 2B5I; 2ERJ; 3IU3; 3NFP; 6VWU; 6YIO; 7F9W; 7ZMZ,IL2RA,IL2RA,HGNC:6008,Humans,DB00004; DB00041; DB00074
659,5-hydroxytryptamine receptor 1D,HTR1D,177772,M89955,P28221,5HT1D_HUMAN,7E32,HTR1D,HTR1D,HGNC:5289,Humans,DB00216; DB00246; DB00315; DB00320; DB00574; DB00669; DB00696; DB00918; DB00952; DB00953; DB00998; DB13520
661,Interferon alpha/beta receptor 1,IFNAR1,306914,J03171,P17181,INAR1_HUMAN,3S98; 3SE3; 3SE4; 4PO6,IFNAR1,IFNAR1,HGNC:5432,Humans,DB00008; DB00011; DB00018; DB00022; DB00034; DB00060; DB00068; DB00069; DB00105; DB11976; DB14999
663,Retinoic acid receptor alpha,RARA,36157,X06614,P10276,RARA_HUMAN,1DKF; 1DSZ; 3A9E; 3KMR; 3KMZ; 4DQM; 5K13; 6XWG; 7AOS; 7APO; 7QAA; 7WQQ,RARA,RARA,HGNC:9864,Humans,DB00459; DB00523; DB00755; DB00799
664,HIV-1 protease,HIV-1 protease,4377614,AJ010714,O90777,O90777_9PLVG,,,,,Human Immunodeficiency Virus,DB00220
665,Activin receptor type-1B,ACVR1B,402189,Z22536,P36896,ACV1B_HUMAN,7MRZ; 7OLY,ACVR1B,ACVR1B,HGNC:172,Humans,DB12118
666,Neuron-specific vesicular protein calcyon,CALY,6980076,AF225903,Q9NYX4,CALY_HUMAN,,CALY,DRD1IP,HGNC:17938,Humans,DB00831
668,Mineralocorticoid receptor,NR3C2,307166,M16801,P08235,MCR_HUMAN,1Y9R; 1YA3; 2A3I; 2AA2; 2AA5; 2AA6; 2AA7; 2AAX; 2AB2; 2ABI; 2OAX; 3VHU; 3VHV; 3WFF; 3WFG; 4PF3; 4TNT; 4UDA; 4UDB; 5HCV; 5L7E; 5L7G; 5L7H; 5MWP; 5MWY; 6GEV; 6GG8; 6GGG; 6L88,NR3C2,NR3C2,HGNC:7979,Humans,DB00396; DB00421; DB00687; DB00700; DB01395; DB16165
672,Potassium voltage-gated channel subfamily KQT member 1,KCNQ1,2465531,AF000571,P51787,KCNQ1_HUMAN,3BJ4; 3HFC; 3HFE; 4UMO; 4V0C; 6MIE; 6UZZ; 6V00; 6V01; 7VUO; 7VVD; 7VVH; 7XNI; 7XNK; 7XNL; 7XNN; 8SIK; 8SIM; 8SIN,KCNQ1,KCNQ1,HGNC:6294,Humans,DB00808; DB04855; DB06815
674,Myeloid cell surface antigen CD33,CD33,180098,M23197,P20138,CD33_HUMAN,5IHB; 5J06; 5J0B; 6D48; 6D49; 6D4A; 6TL8; 7AW6,CD33,CD33,HGNC:1659,Humans,DB00056
677,5'-AMP-activated protein kinase catalytic subunit alpha-1,PRKAA1,4115829,AB022017,Q13131,AAPK1_HUMAN,4RED; 4RER; 4REW; 5EZV; 6C9F; 6C9G; 6C9H; 6C9J; 7JHG; 7JHH; 7JIJ; 7M74,PRKAA1,PRKAA1,HGNC:9376,Humans,DB00914
679,Voltage-dependent calcium channel gamma-1 subunit,CACNG1,306473,L07738,Q06432,CCG1_HUMAN,,CACNG1,CACNG1,HGNC:1405,Humans,DB00343; DB00528
681,RNA-directed RNA polymerase L,L,61991,X57559,P26676,L_PI2HT,,,,,HPIV-2,DB00811
683,Pancreatic triacylglycerol lipase,PNLIP,339597,J05125,P16233,LIPP_HUMAN,1GPL; 1LPA; 1LPB; 1N8S,PNLIP,PNLIP,HGNC:9155,Humans,DB00788; DB01083; DB06219
685,Sex hormone-binding globulin,SHBG,296673,X16349,P04278,SHBG_HUMAN,1D2S; 1F5F; 1KDK; 1KDM; 1LHN; 1LHO; 1LHU; 1LHV; 1LHW; 6PYA; 6PYB; 6PYF; 6ULB,SHBG,SHBG,HGNC:10839,Humans,DB00675
686,Fusion glycoprotein F0,F,222565,D00334,P13843,FUS_HRSV1,,,,,Human respiratory syncytial virus B (strain 18537),DB00110; DB16258
687,Thyroid hormone receptor alpha,THRA,825639,X55074,P10827,THA_HUMAN,1NAV; 2H77; 2H79; 3HZF; 3ILZ; 3JZB; 4LNW; 4LNX; 7QDT,THRA,THRA,HGNC:11796,Humans,DB00279; DB00451; DB00509; DB01583; DB09100
688,Free fatty acid receptor 1,FFAR1,2612946,AF024687,O14842,FFAR1_HUMAN,4PHU; 5KW2; 5TZR; 5TZY; 8EIT; 8EJC; 8EJK; 8T3V,FFAR1,FFAR1,HGNC:4498,Humans,DB00132; DB00159
689,Fibroblast growth factor 1,FGF1,181942,M13361,P05230,FGF1_HUMAN,1AXM; 1DJS; 1DZC; 1DZD; 1E0O; 1EVT; 1HKN; 1JQZ; 1JT3; 1JT4; 1JT5; 1JT7; 1JTC; 1JY0; 1K5U; 1K5V; 1M16; 1NZK; 1P63; 1PZZ; 1Q03; 1Q04; 1RG8; 1RML; 1RY7; 1YTO; 1Z2V; 1Z4S; 2AFG; 2AQZ; 2AXM; 2ERM; 2HW9; 2HWA; 2HWM; 2HZ9; 2K43; 2K4A; 2K8R; 2KI4; 2KI6; 2NTD; 2Q9X; 2RQ9; 3B9U; 3BA4; 3BA5; 3BA7; 3BAD; 3BAG; 3BAH; 3BAO; 3BAQ; 3BAU; 3BAV; 3BB2; 3CQA; 3CRG; 3CRH; 3CRI; 3CU1; 3FGM; 3FJ8; 3FJ9; 3FJA; 3FJB; 3FJC; 3FJD; 3FJE; 3FJF; 3FJH; 3FJI; 3FJJ; 3FJK; 3HOM; 3JUT; 3K1X; 3O3Q; 3OJ2; 3OJM; 3OJV; 3UD7; 3UD8; 3UD9; 3UDA; 4J23; 4Q91; 4Q9G; 4Q9P; 4QAL; 4QBC; 4QBV; 4QC4; 4QO3; 4XKI; 4YOL,FGF1,FGF1,HGNC:3665,Humans,DB00686; DB10772
690,Lanosterol 14-alpha demethylase,ERG11,755693,L40389,P50859,CP51_CANGA,,,,,,DB01026; DB06636; DB06820; DB09040; DB11633
691,Voltage-dependent calcium channel subunit alpha-2/delta-1,CACNA2D1,179762,M76559,P54289,CA2D1_HUMAN,7MIX; 7MIY; 7UHF; 7UHG; 7VFS; 7VFU; 7VFV; 7VFW; 7XLQ; 7YG5; 8E59; 8E5A; 8E5B; 8EPL; 8EPM; 8FHS; 8HLP; 8HMA; 8HMB; 8IF3; 8IF4; 8WE6; 8WE7; 8WE8; 8WE9; 8WEA; 8X90; 8X91; 8X93,CACNA2D1,CACNA2D1,HGNC:1399,Humans,DB00230; DB00270; DB00343; DB00381; DB00401; DB00528; DB00622; DB00996; DB01023; DB01054; DB06712
693,"Indoleamine 2,3-dioxygenase 1",IDO1,306956,M34455,P14902,I23O1_HUMAN,2D0T; 2D0U; 4PK5; 4PK6; 4U72; 4U74; 5EK2; 5EK3; 5EK4; 5ETW; 5WHR; 5WMU; 5WMV; 5WMW; 5WMX; 5WN8; 5XE1; 6AZU; 6AZV; 6AZW; 6CXU; 6CXV; 6DPQ; 6DPR; 6E35; 6E40; 6E41; 6E42; 6E43; 6E44; 6E45; 6E46; 6F0A; 6KOF; 6KPS; 6KW7; 6MQ6; 6O3I; 6PU7; 6PZ1; 6R63; 6UBP; 6V52; 6WJY; 6WPE; 6X5Y; 7A62; 7AH4; 7AH5; 7AH6; 7B1O; 7E0O; 7E0P; 7E0Q; 7E0S; 7E0T; 7E0U; 7M63; 7M7D; 7NGE; 7P0N; 7P0R; 7RRB; 7RRC; 7RRD; 7YXT; 7Z2L; 7ZV3; 8ABX; 8FUR; 8I7L,IDO1,INDO,HGNC:6059,Humans,DB00150
694,Beta-2 adrenergic receptor,ADRB2,29371,Y00106,P07550,ADRB2_HUMAN,1GQ4; 2R4R; 2R4S; 2RH1; 3D4S; 3KJ6; 3NY8; 3NY9; 3NYA; 3P0G; 3PDS; 3SN6; 4GBR; 4LDE; 4LDL; 4LDO; 4QKX; 5D5A; 5D5B; 5D6L; 5JQH; 5X7D; 6E67; 6KR8; 6MXT; 6N48; 6NI3; 6OBA; 6PRZ; 6PS0; 6PS1; 6PS2; 6PS3; 6PS4; 6PS5; 6PS6; 7BZ2; 7DHI; 7DHR; 7XK9; 7XKA; 8GDZ; 8GE1; 8GE2; 8GE3; 8GE4; 8GE5; 8GE6; 8GE7; 8GE8; 8GE9; 8GEA; 8GEB; 8GEC; 8GED; 8GEE; 8GEF; 8GEG; 8GEH; 8GEI; 8GEJ; 8GFV; 8GFW; 8GFX; 8GFY; 8GFZ; 8GG0; 8GG1; 8GG2; 8GG3; 8GG4; 8GG5; 8GG6; 8GG7; 8GG8; 8GG9; 8GGA; 8GGB; 8GGC; 8GGE; 8GGF; 8GGI; 8GGJ; 8GGK; 8GGL; 8GGM; 8GGN; 8GGO; 8GGP; 8GGQ; 8GGR; 8GGS; 8GGT; 8GGU; 8GGV; 8GGW; 8GGX; 8GGY; 8GGZ; 8GH0; 8GH1; 8JJ8; 8JJL; 8JJO; 8UHB; 8UNL; 8UNM; 8UNN; 8UNO; 8UNP; 8UNQ; 8UNR; 8UNS; 8UNT; 8UNU; 8UNV; 8UNW; 8UNX; 8UNY; 8UNZ; 8UO0; 8UO1; 8UO2; 8UO3; 8UO4; 8W1V; 8ZBE; 8ZCJ,ADRB2,ADRB2,HGNC:286,Humans,DB00368; DB00373; DB00449; DB00489; DB00521; DB00598; DB00668; DB00816; DB00867; DB00871; DB00938; DB00960; DB00983; DB01001; DB01064; DB01210; DB01214; DB01274; DB01288; DB01291; DB01359; DB01364; DB01366; DB01407; DB04846; DB05039; DB06262; DB06814; DB09080; DB09082; DB11124; DB11587; DB13139
695,Peptidyl-prolyl cis-trans isomerase FKBP1A,FKBP1A,182628,M34539,P62942,FKB1A_HUMAN,1A7X; 1B6C; 1BKF; 1BL4; 1D6O; 1D7H; 1D7I; 1D7J; 1EYM; 1F40; 1FAP; 1FKB; 1FKD; 1FKF; 1FKG; 1FKH; 1FKI; 1FKJ; 1FKR; 1FKS; 1FKT; 1J4H; 1J4I; 1J4R; 1NSG; 1QPF; 1QPL; 2DG3; 2DG4; 2DG9; 2FAP; 2FKE; 2ND5; 2PPN; 2PPO; 2PPP; 2RSE; 3FAP; 3H9R; 3MDY; 4DH0; 4FAP; 4IPX; 4N19; 4ODP; 4ODQ; 4ODR; 5I7P; 5I7Q; 6I1S; 6M4U; 6OQA; 6VCU; 6YF0; 6YF1; 6YF2; 6YF3; 7EPD; 7U0T; 7U8D; 8CHI; 8CHJ; 8CHK; 8CHL; 8CHM; 8ER6; 8ER7; 8ERA; 8JCU; 8JCV; 8JCW; 8JCX; 8JCY; 8JCZ; 8JD0; 8JD1; 8JD2; 8JD4; 8JGA; 8PDF; 8POD; 8PPZ; 8X6P; 8XI9,FKBP1A,FKBP1A,HGNC:3711,Humans,DB00864
700,"Folylpolyglutamate synthase, mitochondrial",FPGS,292029,M98045,Q05932,FOLC_HUMAN,,FPGS,FPGS,HGNC:3824,Humans,DB06813
702,Acetyl-CoA carboxylase 2,ACACB,2138330,U89344,O00763,ACACB_HUMAN,2DN8; 2HJW; 2KCC; 3FF6; 3GID; 3GLK; 3JRW; 3JRX; 3TDC; 4HQ6; 5KKN,ACACB,ACACB,HGNC:85,Humans,DB00331
704,Tumor necrosis factor,TNF,339741,M16441,P01375,TNFA_HUMAN,1A8M; 1TNF; 2AZ5; 2E7A; 2TUN; 2ZJC; 2ZPX; 3ALQ; 3IT8; 3L9J; 3WD5; 4G3Y; 4TSV; 4TWT; 4Y6O; 5M2I; 5M2J; 5M2M; 5MU8; 5TSW; 5UUI; 5WUX; 5YOY; 6OOY; 6OOZ; 6OP0; 6RMJ; 6X81; 6X82; 6X83; 6X85; 6X86; 7ASY; 7AT7; 7ATB; 7JRA; 7KP9; 7KPA; 7KPB; 7QLF; 7TA3; 7TA6; 8Z8M,TNF,TNF,HGNC:11892,Humans,DB00005; DB00051; DB00065; DB00480; DB00806; DB01041; DB02325; DB06674; DB08904; DB08910; DB10772; DB13751
705,Cysteinyl leukotriene receptor 1,CYSLTR1,5353887,AF119711,Q9Y271,CLTR1_HUMAN,6RZ4; 6RZ5,CYSLTR1,CYSLTR1,HGNC:17451,Humans,DB00471; DB00549; DB00716
707,Retinoic acid receptor RXR-gamma,RXRG,1053069,U38480,P48443,RXRG_HUMAN,2GL8; 7A79,RXRG,RXRG,HGNC:10479,Humans,DB00162; DB00210; DB00307; DB00459; DB00523; DB00755; DB03756
708,ATP-sensitive inward rectifier potassium channel 11,KCNJ11,1088445,D50582,Q14654,KCJ11_HUMAN,6C3O; 6C3P; 7S5T; 7S5X; 7S5Y; 7S5Z; 7S60; 7S61,KCNJ11,KCNJ11,HGNC:6257,Humans,DB00222; DB00922; DB01119; DB01154
709,ADP/ATP translocase 2,SLC25A5,178661,M57424,P05141,ADT2_HUMAN,,SLC25A5,SLC25A5,HGNC:10991,Humans,DB00720
710,High affinity immunoglobulin gamma Fc receptor I,FCGR1A,31332,X14356,P12314,FCGR1_HUMAN,3RJD; 4W4O; 4X4M; 4ZNE; 8DIN; 8DIR; 8DJ7,FCGR1A,FCGR1A,HGNC:3613,Humans,DB00028; DB06607; DB14962
711,Interferon gamma receptor 1,IFNGR1,306915,J03143,P15260,INGR1_HUMAN,1FG9; 1FYH; 1JRH; 6E3K; 6E3L,IFNGR1,IFNGR1,HGNC:5439,Humans,DB00033
713,Vitamin K epoxide reductase complex subunit 1,VKORC1,40217983,AY423044,Q9BQB6,VKOR1_HUMAN,6WV3; 6WV4; 6WV5; 6WV6; 6WV7; 6WVH,VKORC1,VKORC1,HGNC:23663,Humans,DB00170; DB00266; DB00498; DB00682; DB00946; DB01418
714,Creatine kinase M-type,CKM,180576,M14780,P06732,KCRM_HUMAN,1I0E; 7BF2,CKM,CKM,HGNC:1994,Humans,DB00148
715,Alpha-1D adrenergic receptor,ADRA1D,177807,M76446,P25100,ADA1D_HUMAN,,ADRA1D,ADRA1D,HGNC:280,Humans,DB00298; DB00346; DB00368; DB00388; DB00457; DB00590; DB00696; DB01162; DB04855; DB06207; DB06262; DB06413; DB06707; DB08950; DB09205; DB11124
717,Urokinase plasminogen activator surface receptor,PLAUR,37605,X51675,Q03405,UPAR_HUMAN,1YWH; 2FD6; 2I9B; 3BT1; 3BT2; 3U73; 3U74; 4K24; 4QTI; 7E17; 7V63,PLAUR,PLAUR,HGNC:9053,Humans,DB00013; DB08877
719,T-cell surface antigen CD2,CD2,180081,M19806,P06729,CD2_HUMAN,1CDB; 1GYA; 1HNF; 1L2Z; 1QA9; 2J6O; 2J7I,CD2,CD2,HGNC:1639,Humans,DB00092
722,Inosine-5'-monophosphate dehydrogenase 2,IMPDH2,307066,J04208,P12268,IMDH2_HUMAN,1B3O; 1NF7; 1NFB; 6I0M; 6I0O; 6U8E; 6U8N; 6U8R; 6U8S; 6U9O; 6UA2; 6UA4; 6UA5; 6UAJ; 6UC2; 6UDO; 6UDP; 6UDQ; 8FOZ; 8FUZ; 8G8F; 8G9B,IMPDH2,IMPDH2,HGNC:6053,Humans,DB00688; DB01024
731,"Cytochrome P450 11B1, mitochondrial",CYP11B1,181333,M32879,P15538,C11B1_HUMAN,6M7X; 7E7F,CYP11B1,CYP11B1,HGNC:2591,Humans,DB00648; DB01011; DB05667; DB11837
732,Sodium/potassium-transporting ATPase subunit alpha-1,ATP1A1,219942,D00099,P05023,AT1A1_HUMAN,7E1Z; 7E20; 7E21,ATP1A1,ATP1A1,HGNC:799,Humans,DB00390; DB00511; DB00903; DB01021; DB01078; DB01092; DB01158; DB01161; DB01188; DB01370; DB01396; DB01430; DB06697; DB06708
733,D-alanine--D-alanine ligase A,ddlA,145722,M58467,P0A6J8,DDLA_ECOLI,,,,,Escherichia coli (strain K12),DB00260
734,Methionine synthase,MTR,1923221,U71285,Q99707,METH_HUMAN,2O2K; 4CCZ,MTR,MTR,HGNC:7468,Humans,DB00115; DB00200; DB03614
735,Heme oxygenase 1,HMOX1,35173,X06985,P09601,HMOX1_HUMAN,1N3U; 1N45; 1NI6; 1OYK; 1OYL; 1OZE; 1OZL; 1OZR; 1OZW; 1S13; 1S8C; 1T5P; 1TWN; 1TWR; 1XJZ; 1XK0; 1XK1; 1XK2; 1XK3; 3CZY; 3HOK; 3K4F; 3TGM; 4WD4; 5BTQ; 6EHA,HMOX1,HMOX1,HGNC:5013,Humans,DB02325
736,Translocator protein,TSPO,306883,M36035,P30536,TSPO_HUMAN,,TSPO,TSPO,HGNC:1158,Humans,DB00186; DB00231; DB00402; DB00404; DB00475; DB00628; DB00683; DB00690; DB00801; DB00829; DB00842; DB00897; DB01178; DB01205; DB01215; DB01544; DB01559; DB01588; DB01589; DB12537
738,Neuronal acetylcholine receptor subunit alpha-2,CHRNA2,1458110,U62431,Q15822,ACHA2_HUMAN,5FJV,CHRNA2,CHRNA2,HGNC:1956,Humans,DB00122; DB00411; DB00416; DB00504; DB00565; DB00657; DB00728; DB00732; DB01135; DB01199; DB01226; DB01245; DB01336; DB01337; DB01338; DB01339; DB06402
739,Ryanodine receptor 1,RYR1,337722,J05200,P21817,RYR1_HUMAN,6UHI; 6UHS,RYR1,RYR1,HGNC:10483,Humans,DB01219; DB09085
741,Biliverdin reductase A,BLVRA,1246749,X93086,P53004,BIEA_HUMAN,2H63,BLVRA,BLVRA,HGNC:1062,Humans,DB01586
742,DNA topoisomerase 2-alpha,TOP2A,292830,J04088,P11388,TOP2A_HUMAN,1ZXM; 1ZXN; 4FM9; 4R1F; 5GWK; 5NNE; 6ZY5; 6ZY6; 6ZY7; 6ZY8; 8W50,TOP2A,TOP2A,HGNC:11989,Humans,DB00276; DB00380; DB00385; DB00444; DB00467; DB00487; DB00694; DB00773; DB00779; DB00817; DB00827; DB00978; DB00997; DB01051; DB01177; DB01179; DB01204; DB01208; DB06193; DB09047
743,50S ribosomal protein L10,rplJ,24054563,AE005674,P0A7J6,RL10_SHIFL,,,,,Shigella flexneri,DB00778; DB01211; DB01369
744,D-alanyl-D-alanine carboxypeptidase DacB,dacB,41216,X59460,P24228,DACB_ECOLI,2EX2; 2EX6; 2EX8; 2EX9; 2EXA; 2EXB,,,,Escherichia coli (strain K12),DB00303; DB00760; DB01328; DB01329; DB01331; DB14879; DB16335
745,Glycine receptor subunit alpha-2,GLRA2,31849,X52008,P23416,GLRA2_HUMAN,5BKF; 5BKG; 7KUY; 7L31,GLRA2,GLRA2,HGNC:4327,Humans,DB00898; DB01956
747,Aldo-keto reductase family 1 member B1,AKR1B1,178487,J04795,P15121,ALDR_HUMAN,1ABN; 1ADS; 1AZ1; 1AZ2; 1EF3; 1EL3; 1IEI; 1MAR; 1PWL; 1PWM; 1T40; 1T41; 1US0; 1X96; 1X97; 1X98; 1XGD; 1Z3N; 1Z89; 1Z8A; 2ACQ; 2ACR; 2ACS; 2ACU; 2AGT; 2DUX; 2DUZ; 2DV0; 2F2K; 2FZ8; 2FZ9; 2FZB; 2FZD; 2HV5; 2HVN; 2HVO; 2I16; 2I17; 2IKG; 2IKH; 2IKI; 2IKJ; 2INE; 2INZ; 2IPW; 2IQ0; 2IQD; 2IS7; 2ISF; 2J8T; 2NVC; 2NVD; 2PD5; 2PD9; 2PDB; 2PDC; 2PDF; 2PDG; 2PDH; 2PDI; 2PDJ; 2PDK; 2PDL; 2PDM; 2PDN; 2PDP; 2PDQ; 2PDU; 2PDW; 2PDX; 2PDY; 2PEV; 2PF8; 2PFH; 2PZN; 2QXW; 2R24; 3BCJ; 3DN5; 3G5E; 3GHR; 3GHS; 3GHT; 3GHU; 3LBO; 3LD5; 3LEN; 3LEP; 3LQG; 3LQL; 3LZ3; 3LZ5; 3M0I; 3M4H; 3M64; 3MB9; 3MC5; 3ONB; 3ONC; 3P2V; 3Q65; 3Q67; 3RX2; 3RX3; 3RX4; 3S3G; 3T42; 3U2C; 3V35; 3V36; 4GCA; 4GQ0; 4IGS; 4JIR; 4LAU; 4LAZ; 4LB3; 4LB4; 4LBR; 4LBS; 4NKC; 4PR4; 4PRR; 4PRT; 4PUU; 4PUW; 4Q7B; 4QBX; 4QR6; 4QX4; 4QXI; 4RPQ; 4XZH; 4XZI; 4YS1; 4YU1; 5HA7; 5OU0; 5OUJ; 5OUK; 6F7R; 6F81; 6F82; 6F84; 6F8O; 6SYW; 6T27; 6T3P; 6T5G; 6T7Q; 6TD8; 6TUC; 6TUF; 6TXP; 6XUM; 6Y03; 6Y1P; 8A4N; 8AE9; 8AQG; 8AQP; 8AUU; 8B34; 8B3N; 8B3R; 8B66; 8BJL; 8CNF; 8CNP; 8FH5; 8FH6; 8FH7; 8FH8; 8FH9; 8OZ2; 8P2R,AKR1B1,AKR1B1,HGNC:381,Humans,DB00605; DB04272
748,Fibroblast growth factor receptor 2,FGFR2,31374,X52832,P21802,FGFR2_HUMAN,1DJS; 1E0O; 1EV2; 1GJO; 1II4; 1IIL; 1NUN; 1OEC; 1WVZ; 2FDB; 2PSQ; 2PVF; 2PVY; 2PWL; 2PY3; 2PZ5; 2PZP; 2PZR; 2Q0B; 3B2T; 3CAF; 3CLY; 3CU1; 3DAR; 3EUU; 3OJ2; 3OJM; 3RI1; 4J23; 4J95; 4J96; 4J97; 4J98; 4J99; 4WV1,,FGFR2,HGNC:3689,Humans,DB00039; DB08896; DB09078; DB09079; DB11886; DB12147; DB15102; DB15149
749,Sodium-dependent serotonin transporter,SLC6A4,36433,X70697,P31645,SC6A4_HUMAN,5I6X; 5I6Z; 5I71; 5I73; 5I74; 5I75; 6AWN; 6AWO; 6AWP; 6AWQ; 6DZV; 6DZW; 6DZY; 6DZZ; 6VRH; 6VRK; 6VRL; 6W2B; 6W2C; 7LI6; 7LI7; 7LI8; 7LI9; 7LIA; 7LWD; 7MGW; 7TXT,SLC6A4,SLC6A4,HGNC:11050,Humans,DB00176; DB00191; DB00193; DB00215; DB00285; DB00316; DB00321; DB00344; DB00458; DB00472; DB00476; DB00540; DB00543; DB00574; DB00579; DB00656; DB00715; DB00726; DB00852; DB00907; DB00937; DB01104; DB01105; DB01142; DB01149; DB01151; DB01156; DB01175; DB01191; DB01242; DB01577; DB04832; DB04896; DB06077; DB06684; DB06700; DB08918; DB09016; DB09068; DB09167; DB09195; DB09225
753,Phenylalanine-4-hydroxylase,PAH,189937,K03020,P00439,PH4H_HUMAN,1DMW; 1J8T; 1J8U; 1KW0; 1LRM; 1MMK; 1MMT; 1PAH; 1TDW; 1TG2; 2PAH; 3PAH; 4ANP; 4PAH; 5FII; 5PAH; 6HPO; 6HYC; 6N1K; 6PAH,PAH,PAH,HGNC:8582,Humans,DB00360; DB12839
756,D(2) dopamine receptor,DRD2,181432,M30625,P14416,DRD2_HUMAN,5AER; 6CM4; 6LUQ; 6VMS; 7DFP; 7JVR; 8IRS; 8TZQ; 8U02,DRD2,DRD2,HGNC:3023,Humans,DB00246; DB00248; DB00268; DB00298; DB00320; DB00334; DB00363; DB00372; DB00388; DB00391; DB00408; DB00409; DB00413; DB00420; DB00433; DB00450; DB00477; DB00490; DB00502; DB00508; DB00589; DB00610; DB00623; DB00662; DB00679; DB00692; DB00714; DB00734; DB00797; DB00831; DB00850; DB00852; DB00875; DB00915; DB00925; DB00933; DB00968; DB00988; DB01063; DB01100; DB01184; DB01186; DB01200; DB01224; DB01233; DB01235; DB01238; DB01239; DB01253; DB01267; DB01364; DB01365; DB01403; DB01577; DB01618; DB01621; DB01623; DB01624; DB04821; DB04842; DB04946; DB05271; DB06016; DB06077; DB06144; DB06216; DB06288; DB06711; DB06808; DB08815; DB09097; DB09225; DB11160; DB11274; DB12313; DB12710; DB14185
759,Thromboxane A2 receptor,TBXA2R,533326,D38081,P21731,TA2R_HUMAN,8XJN; 8XJO,TBXA2R,TBXA2R,HGNC:11608,Humans,DB00770; DB11629; DB12789
760,"Glutamate receptor ionotropic, NMDA 2A",GRIN2A,558749,U09002,Q12879,NMDE1_HUMAN,3NFL; 5H8F; 5H8H; 5H8N; 5H8Q; 5I2K; 5I2N; 5KCJ; 5KDT; 5TP9; 5TPA; 6IRA; 6IRF; 6IRG; 6IRH; 7EOQ; 7EOR; 7EOS; 7EOT; 7EOU; 7EU7; 8E99; 8JIZ; 8JJ0; 8JJ1; 8JJ2,GRIN2A,GRIN2A,HGNC:4585,Humans,DB00128; DB00145; DB00949
761,Inosine-5'-monophosphate dehydrogenase 1,IMPDH1,307067,J05272,P20839,IMDH1_HUMAN,1JCN; 7RER; 7RES; 7RFE; 7RFF; 7RFG; 7RFH; 7RFI; 7RGD; 7RGI; 7RGL; 7RGM; 7RGQ; 8U7M; 8U7Q; 8U7V; 8U8O; 8U8Y,IMPDH1,IMPDH1,HGNC:6052,Humans,DB00688; DB00811; DB01024; DB01033
764,Gamma-aminobutyric acid receptor subunit alpha-6,GABRA6,1470364,S81944,Q16445,GBRA6_HUMAN,,GABRA6,GABRA6,HGNC:4080,Humans,DB00241; DB00306; DB00312; DB00371; DB00418; DB00599; DB00794; DB00849; DB01351; DB01353
765,Chloride channel protein 2,CLCN2,2570864,AF026004,P51788,CLCN2_HUMAN,7XF5; 7XJA; 8GQU; 8TA2; 8TA3; 8TA4; 8TA5; 8TA6,CLCN2,CLCN2,HGNC:2020,Humans,DB01046
767,Epidermal growth factor receptor,EGFR,757924,X00588,P00533,EGFR_HUMAN,1IVO; 1M14; 1M17; 1MOX; 1NQL; 1XKK; 1YY9; 1Z9I; 2EB2; 2EB3; 2GS2; 2GS6; 2GS7; 2ITN; 2ITO; 2ITP; 2ITQ; 2ITT; 2ITU; 2ITV; 2ITW; 2ITX; 2ITY; 2ITZ; 2J5E; 2J5F; 2J6M; 2JIT; 2JIU; 2JIV; 2KS1; 2M0B; 2M20; 2N5S; 2RF9; 2RFD; 2RFE; 2RGP; 3B2U; 3B2V; 3BEL; 3BUO; 3C09; 3G5V; 3G5Y; 3GOP; 3GT8; 3IKA; 3LZB; 3NJP; 3OB2; 3OP0; 3P0Y; 3PFV; 3POZ; 3QWQ; 3UG1; 3UG2; 3VJN; 3VJO; 3VRP; 3VRR; 3W2O; 3W2P; 3W2Q; 3W2R; 3W2S; 3W32; 3W33; 4G5J; 4G5P; 4HJO; 4I1Z; 4I20; 4I21; 4I22; 4I23; 4I24; 4JQ7; 4JQ8; 4JR3; 4JRV; 4KRL; 4KRM; 4KRO; 4KRP; 4LI5; 4LL0; 4LQM; 4LRM; 4R3P; 4R3R; 4R5S; 4RIW; 4RIX; 4RIY; 4RJ4; 4RJ5; 4RJ6; 4RJ7; 4RJ8; 4TKS; 4UIP; 4UV7; 4WD5; 4WKQ; 4WRG; 4ZAU; 4ZJV; 4ZSE; 5C8K; 5C8M; 5C8N; 5CAL; 5CAN; 5CAO; 5CAP; 5CAQ; 5CAS; 5CAU; 5CAV; 5CNN; 5CNO; 5CZH; 5CZI; 5D41; 5EDP; 5EDQ; 5EDR; 5EM5; 5EM6; 5EM7; 5EM8; 5FED; 5FEE; 5FEQ; 5GMP; 5GNK; 5GTY; 5GTZ; 5HCX; 5HCY; 5HCZ; 5HG5; 5HG7; 5HG8; 5HG9; 5HIB; 5HIC; 5J9Y; 5J9Z; 5JEB; 5LV6; 5SX4; 5SX5; 5U8L; 5UG8; 5UG9; 5UGA; 5UGB; 5UGC; 5UWD; 5WB7; 5WB8; 5X26; 5X27; 5X28; 5X2A; 5X2C; 5X2F; 5X2K; 5XDK; 5XDL; 5XGM; 5XGN; 5XWD; 5Y25; 5Y9T; 5YU9; 5ZTO; 5ZWJ; 6ARU; 6B3S; 6D8E; 6DUK; 6JRJ; 6JRK; 6JRX; 6JWL; 6JX0; 6JX4; 6JXT; 6JZ0; 6LUB; 6LUD; 6P1D; 6P1L; 6P8Q; 6S89; 6S8A; 6S9B; 6S9C; 6S9D; 6TFU; 6TFV; 6TFW; 6TFY; 6TFZ; 6TG0; 6TG1; 6V5N; 6V5P; 6V66; 6V6K; 6V6O; 6VH4; 6VHN; 6VHP; 6WA2; 6WAK; 6WXN; 6XL4; 6Z4B; 6Z4D; 7A2A; 7A6I; 7A6J; 7A6K; 7AEI; 7AEM; 7B85; 7ER2; 7JXI; 7JXK; 7JXL; 7JXM; 7JXP; 7JXQ; 7JXW; 7K1H; 7K1I; 7KXZ; 7KY0; 7LEN; 7LFR; 7LFS; 7LG8; 7LGS; 7LTX; 7OM4; 7OXB; 7SI1; 7SYD; 7SYE; 7SZ0; 7SZ1; 7SZ5; 7SZ7; 7T4I; 7T4J; 7TVD; 7U98; 7U99; 7U9A; 7UKV; 7UKW; 7VRA; 7VRE; 7ZYM; 7ZYN; 7ZYP; 7ZYQ; 8A27; 8A2A; 8A2B; 8A2D; 8D73; 8D76; 8DSW; 8EME; 8F1H; 8F1W; 8F1X; 8F1Y; 8F1Z; 8FV3; 8FV4; 8G63; 8GB4; 8GK5; 8H7X; 8HGO; 8HGP; 8HGS; 8HV1; 8HV2; 8HV3; 8HV4; 8HV5; 8HV6; 8HV7; 8HV8; 8HV9; 8HVA; 8HY7; 8KFQ; 8PNZ; 8PO0; 8PO1; 8PO2; 8PO3; 8PO4; 8S1M; 8SC7; 8TJL; 8TO3; 8TO4; 8UKV; 8UKW; 8UKX; 8WD4,EGFR,EGFR,HGNC:3236,Humans,DB00002; DB00317; DB00398; DB00530; DB00727; DB01259; DB01269; DB05294; DB08916; DB09330; DB09559; DB10772; DB11828; DB11963; DB12267; DB16216; DB16390; DB16695
770,Mu-type opioid receptor,OPRM1,452073,L25119,P35372,OPRM_HUMAN,8EF5; 8EF6; 8EFB; 8EFL; 8EFO; 8EFQ; 8F7Q; 8F7R; 8K9K; 8K9L,OPRM1,OPRM1,HGNC:8156,Humans,DB00193; DB00295; DB00318; DB00327; DB00333; DB00497; DB00504; DB00611; DB00647; DB00652; DB00704; DB00708; DB00802; DB00813; DB00836; DB00844; DB00854; DB00899; DB00913; DB00921; DB00956; DB01081; DB01183; DB01192; DB01209; DB01227; DB01452; DB01501; DB01551; DB06204; DB06230; DB06274; DB06800; DB09049; DB09089; DB09099; DB09209; DB09272; DB11130; DB11691; DB12543; DB14881; DB15465
771,"Isocitrate dehydrogenase [NAD] subunit gamma, mitochondrial",IDH3G,1167849,Z68907,P51553,IDH3G_HUMAN,5GRE; 5GRF; 5GRH; 5GRI; 5GRL; 5YVT; 6L57; 6L59; 7CE3; 8GRG; 8GRH; 8GS5,IDH3G,IDH3G,HGNC:5386,Humans,DB13874; DB17097
773,Vasopressin V1b receptor,AVPR1B,563982,D31833,P47901,V1BR_HUMAN,,AVPR1B,AVPR1B,HGNC:896,Humans,DB00035; DB00067; DB00107; DB02638; DB14642
775,Heparin cofactor 2,SERPIND1,183910,M12849,P05546,HEP2_HUMAN,1JMJ; 1JMO; 2NAT; 2NCU; 2NCV; 2NCW; 6J12; 6KBO; 6KBV,SERPIND1,SERPIND1,HGNC:4838,Humans,DB00407; DB06271
776,Farnesyl pyrophosphate synthase,FDPS,182399,J05262,P14324,FPPS_HUMAN,1YQ7; 1YV5; 1ZW5; 2F7M; 2F89; 2F8C; 2F8Z; 2F92; 2F94; 2F9K; 2OPM; 2OPN; 2QIS; 2RAH; 2VF6; 3B7L; 3CP6; 3N1V; 3N1W; 3N3L; 3N45; 3N46; 3N49; 3N5H; 3N5J; 3N6K; 3RYE; 3S4J; 4DEM; 4GA3; 4H5C; 4H5D; 4H5E; 4JVJ; 4KFA; 4KPD; 4KPJ; 4KQ5; 4KQS; 4KQU; 4L2X; 4LFV; 4LPG; 4LPH; 4N1Z; 4N9U; 4NFI; 4NFJ; 4NFK; 4NG6; 4NKE; 4NKF; 4NUA; 4OGU; 4P0V; 4P0W; 4P0X; 4PVX; 4PVY; 4Q23; 4QPF; 4QXS; 4RXA; 4XQR; 4XQS; 4XQT; 5CG5; 5CG6; 5DGM; 5DGN; 5DGS; 5DIQ; 5DJP; 5DJR; 5DJV; 5JA0; 5JUZ; 5JV0; 5JV1; 5JV2; 5KSX; 5YGI; 6N7Y; 6N7Z; 6N82; 6N83; 6OAG; 6OAH,FDPS,FDPS,HGNC:3631,Humans,DB00282; DB00399; DB00630; DB00710; DB00884; DB04160
777,"Methylmalonyl-CoA mutase, mitochondrial",MMUT,187452,M65131,P22033,MUTA_HUMAN,2XIJ; 2XIQ; 3BIC; 8DYJ; 8DYL; 8GJU,MMUT,MUT,HGNC:7526,Humans,DB00115; DB00200
779,Vitamin D3 receptor,VDR,340203,J03258,P11473,VDR_HUMAN,1DB1; 1IE8; 1IE9; 1KB2; 1KB4; 1KB6; 1S0Z; 1S19; 1TXI; 1YNW; 2HAM; 2HAR; 2HAS; 2HB7; 2HB8; 3A2I; 3A2J; 3A3Z; 3A40; 3A78; 3AUQ; 3AUR; 3AX8; 3AZ1; 3AZ2; 3AZ3; 3B0T; 3CS4; 3CS6; 3KPZ; 3M7R; 3OGT; 3P8X; 3TKC; 3VHW; 3W0A; 3W0C; 3W0Y; 3WGP; 3WWR; 3X31; 3X36; 4G2I; 4ITE; 4ITF; 5GT4; 5V39; 5YSY; 5YT2; 7QPP; 8IQN; 8IQT,VDR,VDR,HGNC:12679,Humans,DB00136; DB00146; DB00153; DB00169; DB00910; DB01070; DB01436; DB02300
780,"Malate dehydrogenase, mitochondrial",MDH2,2906146,AF047470,P40926,MDHM_HUMAN,2DFD; 4WLE; 4WLF; 4WLN; 4WLO; 4WLU; 4WLV,MDH2,MDH2,HGNC:6971,Humans,DB09092
781,Potassium voltage-gated channel subfamily A member 1,KCNA1,186663,L02750,Q09470,KCNA1_HUMAN,,KCNA1,KCNA1,HGNC:6218,Humans,DB00753; DB01028; DB01189; DB06637; DB11640
783,Nicotinamide N-methyltransferase,NNMT,494989,U08021,P40261,NNMT_HUMAN,2IIP; 3ROD; 5YJF; 6CHH; 6ORR; 6PVE; 6PVS; 7BKG; 7BLE; 7EGU; 7EHZ; 7EI2; 7ET7; 7EU5; 7NBJ; 7NBM; 7NBQ; 7RKK; 7RKL; 7SOK; 7WMC; 7WMT,NNMT,NNMT,HGNC:7861,Humans,DB00627
785,Multidrug resistance-associated protein 1,ABCC1,1835659,L05628,P33527,MRP1_HUMAN,2CBZ; 4C3Z,ABCC1,ABCC1,HGNC:51,Humans,DB01138
790,Penicillin-binding protein 3,pbpC,790944,D38161,P42971,PBPC_BACSU,,,,,Bacillus subtilis (strain 168),DB00355; DB00493; DB04570
792,Estrogen receptor beta,ESR2,2911152,AB006590,Q92731,ESR2_HUMAN,1L2J; 1NDE; 1QKM; 1U3Q; 1U3R; 1U3S; 1U9E; 1X76; 1X78; 1X7B; 1X7J; 1YY4; 1YYE; 1ZAF; 2FSZ; 2GIU; 2I0G; 2JJ3; 2NV7; 2QTU; 2YJD; 2YLY; 2Z4B; 3OLL; 3OLS; 3OMO; 3OMP; 3OMQ; 4J24; 4J26; 4ZI1; 5TOA; 7XVY; 7XVZ; 7XWP; 7XWQ; 7XWR,ESR2,ESR2,HGNC:3468,Humans,DB00255; DB00286; DB00481; DB00675; DB00783; DB01108; DB01196; DB04813; DB06202; DB06249; DB13952; DB13953; DB13954; DB13955; DB13956
793,Granulocyte colony-stimulating factor receptor,CSF3R,31697,X55721,Q99062,CSF3R_HUMAN,2D9Q,CSF3R,CSF3R,HGNC:2439,Humans,DB00019; DB00099; DB13144; DB13200; DB15001; DB18704
794,Glucocorticoid receptor,NR3C1,31680,X03225,P04150,GCR_HUMAN,1M2Z; 1NHZ; 1P93; 3BQD; 3CLD; 3E7C; 3H52; 3K22; 3K23; 4CSJ; 4HN5; 4HN6; 4LSJ; 4MDD; 4P6W; 4P6X; 4UDC; 4UDD; 5CBX; 5CBY; 5CBZ; 5CC1; 5E69; 5E6A; 5E6B; 5E6C; 5E6D; 5EMC; 5EMP; 5EMQ; 5G3J; 5G5W; 5NFP; 5NFT; 5UC1; 5UC3; 5VA0; 5VA7; 6BQU; 6CFN; 6DXK; 6EL6; 6EL7; 6EL9; 6X6D; 6X6E; 6YMO; 6YO8; 6YOS; 7KRJ; 7KW7; 7PRV; 7PRW; 7PRX; 8A9G; 8FFV; 8FFW; 8VKZ,NR3C1,NR3C1,HGNC:7978,Humans,DB00180; DB00223; DB00240; DB00253; DB00288; DB00324; DB00394; DB00443; DB00547; DB00588; DB00591; DB00596; DB00620; DB00635; DB00663; DB00741; DB00769; DB00834; DB00838; DB00846; DB00860; DB00896; DB00959; DB01013; DB01047; DB01130; DB01222; DB01234; DB01260; DB01380; DB01410; DB06781; DB08867; DB08906; DB09091; DB09095; DB09383; DB11619; DB11921; DB13158; DB13867; DB14512; DB14539; DB14540; DB14541; DB14542; DB14543; DB14544; DB14596; DB14631; DB14649; DB14669; DB15114; DB15566
795,Gamma-aminobutyric acid receptor subunit alpha-1,GABRA1,31631,X13584,P14867,GBRA1_HUMAN,6CDU; 6D1S; 6D6T; 6D6U; 6HUG; 6HUJ; 6HUK; 6HUO; 6HUP; 6I53; 6X3S; 6X3T; 6X3U; 6X3V; 6X3W; 6X3X; 6X3Z; 6X40; 7PBD; 7PBZ; 7PC0; 7QNE; 7T0W; 7T0Z; 8DD2; 8DD3; 8SGO; 8SI9; 8SID; 8VQY; 8VRN,GABRA1,GABRA1,HGNC:4075,Humans,DB00189; DB00237; DB00241; DB00273; DB00292; DB00306; DB00312; DB00349; DB00371; DB00395; DB00402; DB00418; DB00425; DB00474; DB00599; DB00753; DB00794; DB00849; DB00898; DB00962; DB01028; DB01107; DB01154; DB01174; DB01198; DB01205; DB01346; DB01351; DB01353; DB01437; DB01595; DB02530; DB07776; DB11859
797,5-hydroxytryptamine receptor 1B,HTR1B,219679,D10995,P28222,5HT1B_HUMAN,4IAQ; 4IAR; 5V54; 6G79; 7C61,HTR1B,HTR1B,HGNC:5287,Humans,DB00216; DB00315; DB00320; DB00623; DB00669; DB00696; DB00952; DB00953; DB00998; DB09068; DB13520
798,DNA topoisomerase 4 subunit A,parC,147106,M58408,P0AFI2,PARC_ECOLI,1ZVT; 1ZVU; 4MN4,,,,Escherichia coli (strain K12),DB00817; DB11943; DB12924
799,DNA gyrase subunit B,gyrB,41646,X04341,P0AES6,GYRB_ECOLI,1AJ6; 1EI1; 1KZN; 3G7E; 3NUH; 4DUH; 4HYP; 4KFG; 4PRV; 4PRX; 4PU9; 4WUB; 4WUC; 4WUD; 4XTJ; 4ZVI,,,,Escherichia coli (strain K12),DB00817
802,NPC1-like intracellular cholesterol transporter 1,NPC1L1,6643036,AF192522,Q9UHC9,NPCL1_HUMAN,3QNT; 7DF8; 7DFW; 7DFZ; 7N4U; 7N4V; 7N4X,NPC1L1,NPC1L1,HGNC:7898,Humans,DB00973
803,Dihydropteroate synthase,folP,41273,X68776,P0AC13,DHPS_ECOLI,1AJ0; 1AJ2; 1AJZ,,,,Escherichia coli (strain K12),DB00027; DB00080; DB00259; DB00263; DB00359; DB00576; DB00634; DB00664; DB00781; DB00803; DB00891; DB01015; DB01111; DB01298; DB01299; DB01581; DB01582; DB04911; DB05245; DB06211; DB06729; DB06821; DB14033; DB14189
804,Isoleucine--tRNA ligase,ileS,437916,X74219,P41972,SYI1_STAAU,1FFY; 1QU2; 1QU3,,,,Staphylococcus aureus,DB00410
806,Alanine racemase,alr,6708455,AF214487,Q9L888,ALR_MYCAV,,,,,Mycobacterium avium,DB00260
829,Glutamate receptor 2,GRIA2,493134,L20814,P42262,GRIA2_HUMAN,2WJW; 2WJX; 2XHD; 3R7X; 3RN8; 3RNN; 3UA8; 5H8S; 5YBF; 5YBG; 5ZG0; 5ZG1; 5ZG2; 5ZG3; 7F3O; 8I0B,GRIA2,GRIA2,HGNC:4572,Humans,DB08883
830,Glutamate receptor 4,GRIA4,790538,U16129,P48058,GRIA4_HUMAN,,GRIA4,GRIA4,HGNC:4574,Humans,DB08883
831,Glutamate receptor 3,GRIA3,507829,U10302,P42263,GRIA3_HUMAN,,GRIA3,GRIA3,HGNC:4573,Humans,DB08883
836,Hydroxycarboxylic acid receptor 3,HCAR3,219867,D10923,P49019,HCAR3_HUMAN,8IHJ; 8IHK,HCAR3,GPR109B,HGNC:16824,Humans,DB00627; DB08949
837,Maltase-glucoamylase,MGAM,17648144,AF016833,O43451,MGA_HUMAN,2QLY; 2QMJ; 3CTT; 3L4T; 3L4U; 3L4V; 3L4W; 3L4X; 3L4Y; 3L4Z; 3TON; 3TOP,MGAM,MGAM,HGNC:7043,Humans,DB00284; DB00491
838,Proto-oncogene tyrosine-protein kinase Src,SRC,10635153,AL133293,P12931,SRC_HUMAN,1A07; 1A08; 1A09; 1A1A; 1A1B; 1A1C; 1A1E; 1FMK; 1HCS; 1HCT; 1KSW; 1O41; 1O42; 1O43; 1O44; 1O45; 1O46; 1O47; 1O48; 1O49; 1O4A; 1O4B; 1O4C; 1O4D; 1O4E; 1O4F; 1O4G; 1O4H; 1O4I; 1O4J; 1O4K; 1O4L; 1O4M; 1O4N; 1O4O; 1O4P; 1O4Q; 1O4R; 1SHD; 1Y57; 1YI6; 1YOJ; 1YOL; 1YOM; 2BDF; 2BDJ; 2H8H; 2SRC; 3VRO; 3ZMP; 3ZMQ; 4F59; 4F5A; 4F5B; 4HXJ; 4K11; 4MXO; 4MXX; 4MXY; 4MXZ; 6ATE; 6C4S; 6E6E; 6EHJ; 7NG7; 7OTE; 7T1U; 7YQE; 8GWH; 8HAQ; 8JF3; 8JN8; 8JN9,SRC,SRC,HGNC:11283,Humans,DB01254; DB06137; DB06616
839,Tyrosine-protein kinase Fyn,FYN,338228,M14333,P06241,FYN_HUMAN,1A0N; 1AOT; 1AOU; 1AVZ; 1AZG; 1EFN; 1FYN; 1G83; 1M27; 1NYF; 1NYG; 1SHF; 1ZBJ; 2DQ7; 2MQI; 2MRJ; 2MRK; 3H0F; 3H0H; 3H0I; 3UA6; 3UA7; 4D8D; 4EIK; 4U17; 4U1P; 4ZNX; 5ZAU; 6EDF; 6IPY; 6IPZ; 7A2J; 7A2K; 7A2L; 7A2M; 7A2N; 7A2O; 7A2P; 7A2Q; 7A2R; 7A2S; 7A2T; 7A2U; 7A2V; 7A2W; 7A2X; 7A2Y; 7A2Z; 7UD6; 8KDX,FYN,FYN,HGNC:4037,Humans,DB01254
840,Tyrosine-protein kinase Yes,YES1,181268,M15990,P07947,YES_HUMAN,2HDA,YES1,YES1,HGNC:12841,Humans,DB01254
841,Ephrin type-A receptor 2,EPHA2,181944,M59371,P29317,EPHA2_HUMAN,1MQB; 2E8N; 2K9Y; 2KSO; 2X10; 2X11; 3C8X; 3CZU; 3FL7; 3HEI; 3HPN; 3KKA; 3MBW; 3MX0; 3SKJ; 4P2K; 4PDO; 4TRL; 5EK7; 5I9U; 5I9V; 5I9W; 5I9X; 5I9Y; 5I9Z; 5IA0; 5IA1; 5IA2; 5IA3; 5IA4; 5IA5; 5NJZ; 5NK0; 5NK1; 5NK2; 5NK3; 5NK4; 5NK5; 5NK6; 5NK7; 5NK8; 5NK9; 5NKA; 5NKB; 5NKC; 5NKD; 5NKE; 5NKF; 5NKG; 5NKH; 5NKI; 5NZ9; 6B9L; 6F7M; 6F7N; 6FNF; 6FNG; 6FNH; 6HES; 6HET; 6HEU; 6HEV; 6HEW; 6HEX; 6HEY; 6NJZ; 6NK0; 6NK1; 6NK2; 6NKP; 6Q7B; 6Q7C; 6Q7D; 6Q7E; 6Q7F; 6Q7G; 6RW2; 7B7N; 7CZE; 7CZF; 7KJA; 7KJB; 7KJC; 8BIN; 8BIO; 8BK0; 8BM8; 8BOC; 8BOD; 8BOF; 8BOG; 8BOH; 8BOI; 8BOK; 8BOM; 8QQY; 8T9B; 8TRS; 8TRT; 8TRV; 8TV1; 8XPV,EPHA2,EPHA2,HGNC:3386,Humans,DB01254; DB08896
842,Tyrosine-protein kinase Lck,LCK,36808,X05027,P06239,LCK_HUMAN,1BHF; 1BHH; 1CWD; 1CWE; 1FBZ; 1H92; 1IJR; 1KIK; 1LCJ; 1LCK; 1LKK; 1LKL; 1Q68; 1Q69; 1QPC; 1QPD; 1QPE; 1QPJ; 1X27; 2IIM; 2OF2; 2OF4; 2OFU; 2OFV; 2OG8; 2PL0; 2ZM1; 2ZM4; 2ZYB; 3AC1; 3AC2; 3AC3; 3AC4; 3AC5; 3AC8; 3ACJ; 3ACK; 3AD4; 3AD5; 3AD6; 3B2W; 3BRH; 3BYM; 3BYO; 3BYS; 3BYU; 3KMM; 3KXZ; 3LCK; 3MPM; 4C3F; 4D8K; 5MTM; 5MTN; 6H6A; 6PDJ; 8X2P,LCK,LCK,HGNC:6524,Humans,DB01254
843,50S ribosomal protein L3,rplC,13621367,AE006477,Q9A1X4,RL3_STRP1,,,,,Streptococcus pyogenes serotype M1,DB01256; DB06145
844,Oxytocin receptor,OXTR,34765,X64878,P30559,OXYR_HUMAN,6TPK; 7QVM; 7RYC,OXTR,OXTR,HGNC:8529,Humans,DB00035; DB00067; DB00107; DB01282; DB09059
845,Betaine--homocysteine S-methyltransferase 1,BHMT,1522683,U50929,Q93088,BHMT1_HUMAN,1LT7; 1LT8; 4M3P; 8D45,BHMT,BHMT,HGNC:1047,Humans,DB06756
846,T-lymphocyte activation antigen CD86,CD86,439839,L25259,P42081,CD86_HUMAN,1I85; 1NCN; 5YXK; 8HXB; 8HXC,CD86,CD86,HGNC:1705,Humans,DB00098; DB01281; DB06681
847,T-lymphocyte activation antigen CD80,CD80,306916,M27533,P33681,CD80_HUMAN,1DR9; 1I8L; 7TPS; 8HXA,CD80,CD80,HGNC:1700,Humans,DB01281; DB06681
848,Adrenocorticotropic hormone receptor,MC2R,28344,X65633,Q01718,ACTHR_HUMAN,8GY7,MC2R,MC2R,HGNC:6930,Humans,DB01284; DB01285; DB09334
849,Neuronal acetylcholine receptor subunit alpha-4,CHRNA4,755648,L35901,P43681,ACHA4_HUMAN,2LLY; 5KXI; 6CNJ; 6CNK; 6UR8; 6USF; 8SSZ; 8ST0; 8ST1; 8ST2; 8ST3; 8ST4,CHRNA4,CHRNA4,HGNC:1958,Humans,DB00184; DB00416; DB01090; DB01116; DB01273
850,Neuronal acetylcholine receptor subunit beta-2,CHRNB2,32017,X53179,P17787,ACHB2_HUMAN,2K58; 2K59; 2KSR; 2LM2; 5KXI; 6CNJ; 6CNK; 6UR8; 6USF; 8SSZ; 8ST0; 8ST1; 8ST2; 8ST3; 8ST4,CHRNB2,CHRNB2,HGNC:1962,Humans,DB00184; DB00416
852,Platelet-derived growth factor receptor alpha,PDGFRA,189734,M21574,P16234,PGFRA_HUMAN,1GQ5; 5GRN; 5K5X; 6A32; 6JOI; 6JOJ; 6JOK; 6JOL; 7LBF; 7RAM; 8PQH; 8PQI; 8PQJ; 8PQK,PDGFRA,PDGFRA,HGNC:8803,Humans,DB00619; DB01268; DB06043; DB06589; DB06595; DB08896; DB09078; DB09079; DB10772; DB14840; DB15233
853,Macrophage colony-stimulating factor 1 receptor,CSF1R,553224,M25786,P07333,CSF1R_HUMAN,2I0V; 2I0Y; 2I1M; 2OGV; 3BEA; 3DPK; 3KRJ; 3KRL; 3LCD; 3LCO; 4DKD; 4HW7; 4LIQ; 4R7H; 4R7I; 4WRL; 4WRM; 6IG8; 6N33; 6T2W; 6WXJ; 7MFC; 8CGC; 8JOT; 8W1L,CSF1R,CSF1R,HGNC:2433,Humans,DB01268; DB12978; DB16388
854,Dipeptidyl peptidase 4,DPP4,535388,U13735,P27487,DPP4_HUMAN,1J2E; 1N1M; 1NU6; 1NU8; 1PFQ; 1R9M; 1R9N; 1RWQ; 1TK3; 1TKR; 1U8E; 1W1I; 1WCY; 1X70; 2AJL; 2BGN; 2BGR; 2BUB; 2FJP; 2G5P; 2G5T; 2G63; 2HHA; 2I03; 2I78; 2IIT; 2IIV; 2JID; 2OAG; 2OGZ; 2OLE; 2ONC; 2OPH; 2OQI; 2OQV; 2P8S; 2QJR; 2QKY; 2QOE; 2QT9; 2QTB; 2RGU; 2RIP; 3BJM; 3C43; 3C45; 3CCB; 3CCC; 3D4L; 3EIO; 3F8S; 3G0B; 3G0C; 3G0D; 3G0G; 3H0C; 3HAB; 3HAC; 3KWF; 3KWJ; 3NOX; 3O95; 3O9V; 3OC0; 3OPM; 3Q0T; 3Q8W; 3QBJ; 3SWW; 3SX4; 3VJK; 3VJL; 3VJM; 3W2T; 3WQH; 4A5S; 4DSA; 4DSZ; 4DTC; 4G1F; 4J3J; 4JH0; 4KR0; 4L72; 4LKO; 4N8D; 4N8E; 4PNZ; 4PV7; 4QZV; 5I7U; 5ISM; 5J3J; 5KBY; 5T4B; 5T4E; 5T4F; 5T4H; 5Y7H; 5Y7J; 5Y7K; 5ZID; 6B1E; 6B1O; 8WKU,DPP4,DPP4,HGNC:3009,Humans,DB01261; DB04876; DB06203; DB06335; DB08882
855,Complement C5,C5,179983,M57729,P01031,CO5_HUMAN,1CFA; 1KJS; 1XWE; 3CU7; 3HQA; 3HQB; 3KLS; 3KM9; 3PRX; 3PVM; 4A5W; 4E0S; 4P39; 4UU9; 5B4P; 5B71; 5HCC; 5HCD; 5HCE; 5I5K; 6H03; 6H04; 6RPT; 6RQJ; 7AD6; 7AD7; 7NYC; 7NYD; 7Y64; 8B0F; 8B0G; 8B0H; 8HK5; 8HQC; 8IA2; 8JZZ,C5,C5,HGNC:1331,Humans,DB00028; DB01257; DB11580; DB15165; DB15218; DB15636; DB16128
857,Glucagon-like peptide 1 receptor,GLP1R,405082,U01104,P43220,GLP1R_HUMAN,3C59; 3C5T; 3IOL; 4ZGM; 5E94; 5NX2; 5OTT; 5OTU; 5OTV; 5OTW; 5OTX; 5VEW; 5VEX; 6B3J; 6GB1; 6ORV; 6VCB; 6X18; 6X19; 6X1A; 6XOX; 7C2E; 7DUQ; 7DUR; 7E14; 7EVM; 7FIM; 7KI0; 7KI1; 7LCI; 7LCJ; 7LCK; 7LLL; 7LLY; 7RG9; 7RGP; 7RTB; 7S15; 7S1M; 7S3I; 7VBH; 7VBI; 7X8R; 7X8S; 8JIP; 8JIR; 8JIS; 8WG7,GLP1R,GLP1R,HGNC:4324,Humans,DB01276; DB01278; DB06655; DB09043; DB09045; DB09265; DB13928; DB15171
858,Insulin-like growth factor 1 receptor,IGF1R,804990,X04434,P08069,IGF1R_HUMAN,1IGR; 1JQH; 1K3A; 1M7N; 1P4O; 2OJ9; 2ZM3; 3D94; 3F5P; 3I81; 3LVP; 3LW0; 3NW5; 3NW6; 3NW7; 3O23; 3QQU; 4D2R; 4XSS; 5FXQ; 5FXR; 5FXS; 5HZN; 5U8Q; 5U8R; 6JK8; 6VWG; 6VWH; 6VWI; 6VWJ; 7PH8; 7S0Q; 7S8V; 7U23; 7V3P; 7XGD; 7XLC; 7YRR; 8PYI; 8PYJ; 8PYK; 8PYL; 8PYM; 8PYN; 8TAN,IGF1R,IGF1R,HGNC:5465,Humans,DB01277; DB06343; DB09098; DB14751
859,Receptor activity-modifying protein 1,RAMP1,3171910,AJ001014,O60894,RAMP1_HUMAN,2YX8; 3N7P; 3N7R; 3N7S; 4RWG; 5V6Y; 6D1U; 6E3Y; 6UMG; 6ZHO; 6ZIS; 7KNT; 7KNU; 7P0F; 7P0I; 7TYF; 7TYW; 8AX5; 8AX6; 8AX7; 9AUC,RAMP1,RAMP1,HGNC:9843,Humans,DB01278
860,Receptor activity-modifying protein 2,RAMP2,3171912,AJ001015,O60895,RAMP2_HUMAN,2XVT; 3AQE; 3AQF; 4RWF; 6UUN; 6V2E; 7TYH; 7TYX; 7TYY,RAMP2,RAMP2,HGNC:9844,Humans,DB01278
861,Receptor activity-modifying protein 3,RAMP3,3171914,AJ001016,O60896,RAMP3_HUMAN,6UUS; 6UVA; 7TZF; 8F0K; 8F2A; 8F2B,RAMP3,RAMP3,HGNC:9845,Humans,DB01278
864,Voltage-dependent T-type calcium channel subunit alpha-1H,CACNA1H,14670397,AF051946,O95180,CAC1H_HUMAN,9AYG; 9AYH; 9AYJ; 9AYK; 9AYL,CACNA1H,CACNA1H,HGNC:1395,Humans,DB00270; DB00568; DB00909; DB01244; DB01390; DB04841
867,Cocaine- and amphetamine-regulated transcript protein,CARTPT,609306,U16826,Q16568,CART_HUMAN,1HY9,CARTPT,CARTPT,HGNC:24323,Humans,DB00182
870,Dual specificity mitogen-activated protein kinase kinase 1,MAP2K1,188569,L05624,Q02750,MP2K1_HUMAN,1S9J; 2P55; 3DV3; 3DY7; 3E8N; 3EQB; 3EQC; 3EQD; 3EQF; 3EQG; 3EQH; 3EQI; 3MBL; 3ORN; 3OS3; 3PP1; 3SLS; 3V01; 3V04; 3VVH; 3W8Q; 3WIG; 3ZLS; 3ZLW; 3ZLX; 3ZLY; 3ZM4; 4AN2; 4AN3; 4AN9; 4ANB; 4ARK; 4LMN; 4MNE; 4U7Z; 4U80; 4U81; 5BX0; 5EYM; 5HZE; 5YT3; 6NYB; 6PP9; 6Q0J; 6Q0T; 6U2G; 6V2W; 6X2P; 6X2S; 6X2X; 7B3M; 7B7R; 7B94; 7B9L; 7F2X; 7M0T; 7M0U; 7M0V; 7M0W; 7M0X; 7M0Y; 7M0Z; 7MFD; 7PQV; 7UMB; 7XLP; 7XNC; 8CHF; 8DGS; 8DGT; 9AXA; 9AXC; 9AXH; 9AXM; 9AXX; 9AXY; 9AY7; 9AYA,MAP2K1,MAP2K1,HGNC:6840,Humans,DB05239; DB06616; DB08911; DB11689; DB11967
876,Lysosomal alpha-glucosidase,GAA,31608,Y00839,P10253,LYAG_HUMAN,5KZW; 5KZX; 5NN3; 5NN4; 5NN5; 5NN6; 5NN8; 7P2Z; 7P32,GAA,GAA,HGNC:4065,Humans,DB00491
879,Solute carrier family 22 member 11,SLC22A11,7707622,AB026116,Q9NSA0,S22AB_HUMAN,8WJH,SLC22A11,SLC22A11,HGNC:18120,Humans,DB01032; DB11560
881,Histone deacetylase 9,HDAC9,15590680,AY032737,Q9UKV0,HDAC9_HUMAN,8Q9N; 8Q9R,HDAC9,HDAC9,HGNC:14065,Humans,DB00313
882,Trifunctional purine biosynthetic protein adenosine-3,GART,31642,X54199,P22102,PUR2_HUMAN,1MEJ; 1MEN; 1MEO; 1NJS; 1RBM; 1RBQ; 1RBY; 1RBZ; 1RC0; 1RC1; 1ZLX; 1ZLY; 2QK4; 2V9Y; 4EW1; 4EW2; 4EW3; 4ZYT; 4ZYU; 4ZYV; 4ZYW; 4ZYX; 4ZYY; 4ZYZ; 4ZZ0; 4ZZ1; 4ZZ2; 4ZZ3; 5J9F; 7JG0; 7JG3; 7JG4; 8FDX; 8FDY; 8FDZ; 8FE0; 8FJV; 8FJW; 8FJX; 8FJY,GART,GART,HGNC:4163,Humans,DB00642
887,Cytotoxic T-lymphocyte protein 4,CTLA4,17646228,AF411058,P16410,CTLA4_HUMAN,1AH1; 1H6E; 1I85; 1I8L; 2X44; 3BX7; 3OSK; 5GGV; 5TRU; 5XJ3; 6RP8; 6RPJ; 6RQM; 6XY2; 7CIO; 7DV4; 7ELX; 7SU0; 7SU1; 8GAB; 8HIT,CTLA4,CTLA4,HGNC:2505,Humans,DB06186; DB11771
888,Acyl-CoA (8-3)-desaturase,FADS1,3169158,AC004770,O60427,FADS1_HUMAN,,FADS1,DKFZp762M2311,HGNC:3574,Humans,DB00132
892,DNA (cytosine-5)-methyltransferase 1,DNMT1,1632819,X63692,P26358,DNMT1_HUMAN,3EPZ; 3PTA; 3SWR; 4WXX; 4YOC; 4Z96; 4Z97; 5WVO; 5YDR; 6K3A; 6L1F; 6X9I; 6X9J; 6X9K; 7SFC; 7SFD; 7SFE; 7SFF; 7SFG; 7XI9; 7XIB; 8V9U,DNMT1,DNMT1,HGNC:2976,Humans,DB00928; DB01262
896,"Alkaline phosphatase, germ cell type",ALPG,178428,J03252,P10696,PPBN_HUMAN,,ALPG,ALPPL2,HGNC:441,Humans,DB01143
901,Low affinity immunoglobulin gamma Fc region receptor III-B,FCGR3B,31322,X16863,O75015,FCG3B_HUMAN,1E4J; 1E4K; 1FNL; 1T83; 1T89; 6EAQ,FCGR3B,FCGR3B,HGNC:3620,Humans,DB00028; DB06607
907,"Peroxiredoxin-5, mitochondrial",PRDX5,6523289,AJ249483,P30044,PRDX5_HUMAN,1H4O; 1HD2; 1OC3; 1URM; 2VL2; 2VL3; 2VL9; 3MNG; 4K7I; 4K7N; 4K7O; 4MMM,PRDX5,PRDX5,HGNC:9355,Humans,DB00995
911,C-C chemokine receptor type 5,CCR5,1262811,X91492,P51681,CCR5_HUMAN,2L87; 2MZX; 2RLL; 2RRS; 4MBS; 5UIW; 5YD3; 5YD4; 5YD5; 5YY4; 6FGP; 6MEO; 6MET; 7F1Q; 7F1R; 7F1S; 7NJZ; 7NW3; 7O7F; 8AS2; 8AS3,CCR5,CCR5,HGNC:1606,Humans,DB04835; DB12698
914,Sialidase-1,NEU1,2773339,AF040958,Q99519,NEUR1_HUMAN,,NEU1,NEU1,HGNC:7758,Humans,DB00482
915,Hepatocyte growth factor receptor,MET,307196,J02958,P08581,MET_HUMAN,1FYR; 1R0P; 1R1W; 1SHY; 1SSL; 2G15; 2RFN; 2RFS; 2UZX; 2UZY; 2WD1; 2WGJ; 2WKM; 3A4P; 3BUX; 3C1X; 3CCN; 3CD8; 3CE3; 3CTH; 3CTJ; 3DKC; 3DKF; 3DKG; 3EFJ; 3EFK; 3F66; 3F82; 3I5N; 3L8V; 3LQ8; 3Q6U; 3Q6W; 3QTI; 3R7O; 3RHK; 3U6H; 3U6I; 3VW8; 3ZBX; 3ZC5; 3ZCL; 3ZXZ; 3ZZE; 4AOI; 4AP7; 4DEG; 4DEH; 4DEI; 4EEV; 4GG5; 4GG7; 4IWD; 4K3J; 4KNB; 4MXC; 4O3T; 4O3U; 4R1V; 4R1Y; 4XMO; 4XYF; 5DG5; 5EOB; 5EYC; 5EYD; 5HLW; 5HNI; 5HO6; 5HOA; 5HOR; 5HTI; 5LSP; 5T3Q; 5UAB; 5UAD; 5YA5; 6GCU; 6I04; 6SD9; 6SDC; 6SDD; 6SDE; 6UBW; 6WVZ; 7B3Q; 7B3T; 7B3V; 7B3W; 7B3Z; 7B40; 7B41; 7B42; 7B43; 7B44; 7MO7; 7MO8; 7MO9; 7MOA; 7MOB; 7V3R; 7V3S; 7Y4T; 7Y4U; 8AN8; 8ANS; 8AU3; 8AU5; 8AW1; 8GVJ; 8K78; 8OUU; 8OUV; 8OV7; 8OVZ; 8OW3; 8OWG; 9C1R,MET,MET,HGNC:7029,Humans,DB08865; DB08875; DB11791; DB15133; DB16695
918,Interleukin-6,IL6,32674,X04430,P05231,IL6_HUMAN,1ALU; 1IL6; 1P9M; 2IL6; 4CNI; 4J4L; 4NI7; 4NI9; 4O9H; 4ZS7; 5FUC; 7NXZ; 8D82; 8QY5; 8QY6,IL6,IL6,HGNC:6018,Humans,DB09036; DB10772
919,C-X-C chemokine receptor type 4,CXCR4,189314,L01639,P61073,CXCR4_HUMAN,2K03; 2K04; 2K05; 2N55; 3ODU; 3OE0; 3OE6; 3OE8; 3OE9; 4RWS; 8GP3; 8I0Q; 8K3Z; 8U4N; 8U4O; 8U4P; 8U4Q; 8U4R; 8U4S; 8U4T,CXCR4,CXCR4,HGNC:2561,Humans,DB05501; DB06809; DB12698; DB14939
923,Mitogen-activated protein kinase 1,MAPK1,182191,M84489,P28482,MK01_HUMAN,1PME; 1TVO; 1WZY; 2OJG; 2OJI; 2OJJ; 2Y9Q; 3D42; 3D44; 3I5Z; 3I60; 3SA0; 3TEI; 3W55; 4FMQ; 4FUX; 4FUY; 4FV0; 4FV1; 4FV2; 4FV3; 4FV4; 4FV5; 4FV6; 4FV7; 4FV8; 4FV9; 4G6N; 4G6O; 4H3P; 4H3Q; 4IZ5; 4IZ7; 4IZA; 4N0S; 4NIF; 4O6E; 4QP1; 4QP2; 4QP3; 4QP4; 4QP6; 4QP7; 4QP8; 4QP9; 4QPA; 4QTA; 4QTE; 4XJ0; 4ZXT; 4ZZM; 4ZZN; 4ZZO; 5AX3; 5BUE; 5BUI; 5BUJ; 5BVD; 5BVE; 5BVF; 5K4I; 5LCJ; 5LCK; 5NGU; 5NHF; 5NHH; 5NHJ; 5NHL; 5NHO; 5NHP; 5NHV; 5V60; 5V61; 5V62; 5WP1; 6D5Y; 6DMG; 6G54; 6G8X; 6G91; 6G92; 6G93; 6G97; 6G9A; 6G9D; 6G9H; 6G9J; 6G9K; 6G9M; 6G9N; 6GDM; 6GDQ; 6GE0; 6GJB; 6GJD; 6NBS; 6OPG; 6OPH; 6OPI; 6Q7K; 6Q7S; 6Q7T; 6QA1; 6QA3; 6QA4; 6QAG; 6QAH; 6QAL; 6QAQ; 6QAW; 6RQ4; 6SLG; 7AUV; 7E73; 7E75; 7NQQ; 7NQW; 7NR3; 7NR5; 7NR8; 7NR9; 7OPM; 7W5O; 7X4U; 7XC1; 8AO2; 8AO3; 8AO4; 8AO5; 8AO6; 8AO7; 8AO8; 8AO9; 8AOA; 8AOB; 8AOC; 8AOD; 8AOE; 8AOF; 8AOG; 8AOH; 8AOI; 8AOJ; 8PSR; 8PST; 8PSW; 8PSY; 8PT0; 8PT1; 8PT3; 8PT5; 8U8J; 8U8K; 8ZJV,MAPK1,MAPK1,HGNC:6871,Humans,DB01169
924,Adenosine receptor A2a,ADORA2A,177892,M97370,P29274,AA2AR_HUMAN,2YDO; 2YDV; 3EML; 3PWH; 3QAK; 3REY; 3RFM; 3UZA; 3UZC; 3VG9; 3VGA; 4EIY; 4UG2; 4UHR; 5G53; 5IU4; 5IU7; 5IU8; 5IUA; 5IUB; 5JTB; 5K2A; 5K2B; 5K2C; 5K2D; 5MZJ; 5MZP; 5N2R; 5NLX; 5NM2; 5NM4; 5OLG; 5OLH; 5OLO; 5OLV; 5OLZ; 5OM1; 5OM4; 5UIG; 5UVI; 5VRA; 5WF5; 5WF6; 6AQF; 6GDG; 6GT3; 6JZH; 6LPJ; 6LPK; 6LPL; 6MH8; 6PS7; 6S0L; 6S0Q; 6WQA; 6ZDR; 6ZDV; 7ARO; 7EZC; 7PX4; 7PYR; 7RM5; 7T32; 8A2O; 8A2P; 8C9W; 8CIC; 8CU6; 8CU7; 8DU3; 8GNE; 8GNG; 8JWY; 8JWZ; 8PWN; 8RQQ; 8WDT,ADORA2A,ADORA2A,HGNC:263,Humans,DB00201; DB00277; DB00640; DB00651; DB00806; DB01303; DB04932; DB06213; DB11757
928,Proteinase-activated receptor 1,F2R,339677,M62424,P25116,PAR1_HUMAN,1NRN; 1NRO; 1NRP; 1NRQ; 1NRR; 3BEF; 3HKI; 3HKJ; 3LU9; 3VW7,F2R,F2R,HGNC:3537,Humans,DB09030
943,Vitamin K-dependent protein S,PROS1,190289,M15036,P07225,PROS_HUMAN,1Z6C,PROS1,PROS1,HGNC:9456,Humans,DB00464
944,Interferon gamma,IFNG,32692,X13274,P01579,IFNG_HUMAN,1EKU; 1FG9; 1FYH; 1HIG; 3BES; 6E3K; 6E3L,IFNG,IFNG,HGNC:5438,Humans,DB10772; DB14724
945,5-hydroxytryptamine receptor 6,HTR6,1162924,L41147,P50406,5HT6R_HUMAN,7XTB; 7YS6; 8JLZ,HTR6,HTR6,HGNC:5301,Humans,DB06144
953,Pro-epidermal growth factor,EGF,31121,X04571,P01133,EGF_HUMAN,1IVO; 1JL9; 1NQL; 1P9J; 2KV4; 3NJP; 7OM4; 7SYD; 7SYE; 7SZ0; 7SZ1; 8HGO; 8HGS,EGF,EGF,HGNC:3229,Humans,DB00364
956,Nuclear receptor subfamily 1 group I member 2,NR1I2,3511138,AF061056,O75469,NR1I2_HUMAN,1ILG; 1ILH; 1M13; 1NRL; 1SKX; 2O9I; 2QNV; 3CTB; 3HVL; 3R8D; 4J5W; 4J5X; 4NY9; 4S0S; 4S0T; 4X1F; 4X1G; 4XAO; 4XHD; 5A86; 5X0R; 6BNS; 6DUP; 6HJ2; 6HTY; 6NX1; 6P2B; 6S41; 6TFI; 6XP9; 7AX8; 7AX9; 7AXA; 7AXB; 7AXC; 7AXD; 7AXE; 7AXF; 7AXG; 7AXH; 7AXI; 7AXJ; 7AXK; 7AXL; 7N2A; 7RIO; 7RIU; 7RIV; 7YFK; 8CCT; 8CF9; 8CH8; 8E3N; 8EQZ; 8F5Y; 8FPE; 8SVN; 8SVO; 8SVP; 8SVQ; 8SVR; 8SVS; 8SVT; 8SVU; 8SVX; 8SZV,NR1I2,NR1I2,HGNC:7968,Humans,DB00530
960,Dihydropyrimidine dehydrogenase [NADP(+)],DPYD,558305,U09178,Q12882,DPYD_HUMAN,,DPYD,DPYD,HGNC:3012,Humans,DB00544; DB03147; DB09257; DB09327
961,Interleukin-8,CXCL8,34519,Y00787,P10145,IL8_HUMAN,1ICW; 1IKL; 1IKM; 1IL8; 1ILP; 1ILQ; 1QE6; 1ROD; 2IL8; 3IL8; 4XDX; 5D14; 5WDZ; 6LFM; 6LFO; 6N2U; 6WZM; 6XMN; 8IC0,CXCL8,IL8,HGNC:6025,Humans,DB01050
966,Collagenase 3,MMP13,516386,X75308,P45452,MMP13_HUMAN,1EUB; 1FLS; 1FM1; 1PEX; 1XUC; 1XUD; 1XUR; 1YOU; 1ZTQ; 2D1N; 2E2D; 2OW9; 2OZR; 2PJT; 2YIG; 3ELM; 3I7G; 3I7I; 3KEC; 3KEJ; 3KEK; 3KRY; 3LJZ; 3O2X; 3TVC; 3WV1; 3WV2; 3WV3; 3ZXH; 456C; 4A7B; 4FU4; 4FVL; 4G0D; 4JP4; 4JPA; 4L19; 5B5O; 5B5P; 5BOT; 5BOY; 5BPA; 5UWK; 5UWL; 5UWM; 5UWN; 7JU8; 830C,MMP13,MMP13,HGNC:7159,Humans,DB11672
967,Tissue factor pathway inhibitor,TFPI,180546,J03225,P10646,TFPI1_HUMAN,1ADZ; 1IRH; 1TFX; 4BQD; 4DTG; 5NMV; 6BX8; 7V1N,TFPI,TFPI,HGNC:11760,Humans,DB14562; DB17725
968,Histamine H3 receptor,HRH3,5031291,AF140538,Q9Y5N1,HRH3_HUMAN,7F61; 8YUU; 8YUV,HRH3,HRH3,HGNC:5184,Humans,DB05381; DB06698; DB11642
969,Plasminogen activator inhibitor 2,SERPINB2,189545,J02685,P05120,PAI2_HUMAN,1BY7; 1JRR; 2ARQ; 2ARR,SERPINB2,SERPINB2,HGNC:8584,Humans,DB00013
971,DNA topoisomerase 1,TOP1,339806,J03250,P11387,TOP1_HUMAN,1A31; 1A35; 1A36; 1EJ9; 1K4S; 1K4T; 1LPQ; 1NH3; 1R49; 1RR8; 1RRJ; 1SC7; 1SEU; 1T8I; 1TL8,TOP1,TOP1,HGNC:11986,Humans,DB00762; DB00997; DB01030; DB05630; DB12893; DB14962
978,Lysosomal acid glucosylceramidase,GBA1,183008,M16328,P04062,GBA1_HUMAN,1OGS; 1Y7V; 2F61; 2J25; 2NSX; 2NT0; 2NT1; 2V3D; 2V3E; 2V3F; 2VT0; 2WCG; 2WKL; 2XWD; 2XWE; 3GXD; 3GXF; 3GXI; 3GXM; 3KE0; 3KEH; 3RIK; 3RIL; 5LVX; 6MOZ; 6Q1N; 6Q1P; 6Q6K; 6Q6L; 6Q6N; 6T13; 6TJJ; 6TJK; 6TJQ; 6TN1; 6YTP; 6YTR; 6YUT; 6YV3; 6Z39; 6Z3I; 7NWV; 8AWK; 8AWR; 8AX3; 8P3E; 8P41; 9F9Z; 9FA3; 9FA6; 9FAD; 9FAL; 9FAY; 9FAZ; 9FB2; 9FDI,GBA1,GBA,HGNC:4177,Humans,DB06720
981,Interleukin-12 subunit beta,IL12B,180626,M65272,P29460,IL12B_HUMAN,1F42; 1F45; 3D85; 3D87; 3DUH; 3HMX; 3QWR; 4GRW; 5MJ3; 5MJ4; 5MXA; 5MZV; 5NJD; 6UIB; 6WDQ; 8CR8; 8OE4; 8XRP; 8YI7,IL12B,IL12B,HGNC:5970,Humans,DB01064; DB05679
982,Angiotensin-converting enzyme 2,ACE2,9802433,AF291820,Q9BYF1,ACE2_HUMAN,1R42; 1R4L; 2AJF; 3D0G; 3D0H; 3D0I; 3KBH; 3SCI; 3SCJ; 3SCK; 3SCL; 6ACG; 6ACJ; 6ACK; 6CS2; 6LZG; 6M0J; 6M17; 6M18; 6M1D; 6VW1; 7A91; 7A92; 7A94; 7A95; 7A96; 7A97; 7A98; 7BH9; 7CT5; 7DDO; 7DDP; 7DF4; 7DMU; 7DQA; 7DRV; 7DWX; 7DX4; 7DX5; 7DX6; 7DX7; 7DX8; 7DX9; 7E7E; 7EDJ; 7EFP; 7EFR; 7EKC; 7EKE; 7EKF; 7EKG; 7EKH; 7FDG; 7FDH; 7FDI; 7FEM; 7JVO; 7KJ2; 7KJ3; 7KJ4; 7KMB; 7KMS; 7KMZ; 7KNB; 7KNE; 7KNH; 7KNI; 7L0N; 7L7F; 7LO4; 7MJM; 7MJN; 7NXC; 7P19; 7P55; 7P8I; 7P8J; 7PKI; 7R0Z; 7R10; 7R11; 7R12; 7R1A; 7RPV; 7SN0; 7SXX; 7SXY; 7SXZ; 7SY0; 7SY1; 7SY2; 7SY3; 7SY4; 7SY5; 7SY6; 7SY7; 7SY8; 7T9K; 7T9L; 7TEW; 7TEX; 7TEZ; 7TF0; 7TN0; 7U0N; 7UFK; 7UFL; 7V61; 7V7Z; 7V80; 7V81; 7V82; 7V83; 7V84; 7V85; 7V86; 7V87; 7V88; 7V89; 7V8A; 7V8B; 7VIB; 7VX4; 7VX5; 7VX9; 7VXA; 7VXB; 7VXC; 7VXD; 7VXF; 7VXK; 7VXM; 7W98; 7W99; 7W9B; 7W9C; 7W9I; 7WBL; 7WBP; 7WBQ; 7WGB; 7WGC; 7WHH; 7WK4; 7WK5; 7WK6; 7WNM; 7WPA; 7WPB; 7WPC; 7WS8; 7WS9; 7WSA; 7WVP; 7WVQ; 7XAZ; 7XB0; 7XB1; 7XBF; 7XBG; 7XBH; 7XCH; 7XCI; 7XCP; 7XID; 7XO7; 7XO8; 7XO9; 7XWA; 7Y1Y; 7Y1Z; 7Y20; 7Y21; 7Y75; 7Y76; 7Y9Z; 7YA0; 7YA1; 7YDI; 7YEG; 7YHW; 7YJ3; 7YR2; 7YR3; 7YR4; 7ZDQ; 7ZF7; 8AQS; 8ASY; 8B9P; 8BFW; 8BN1; 8BYJ; 8DF5; 8DLJ; 8DLK; 8DLM; 8DLN; 8DLP; 8DLQ; 8DLU; 8DLV; 8DM5; 8DM6; 8DV1; 8DV2; 8E7M; 8FXB; 8FXC; 8H06; 8H5C; 8HRK; 8HRL; 8HRN; 8HRU; 8I91; 8I92; 8I93; 8I9B; 8I9C; 8I9D; 8I9E; 8I9F; 8I9G; 8I9H; 8IF2; 8IOU; 8IOV; 8JJE; 8JWH; 8JYN; 8JYO; 8JYP; 8P2W; 8P2X; 8P2Y; 8P2Z; 8P30; 8P31; 8QSQ; 8S9G; 8SPH; 8SPI; 8TOQ; 8TOR; 8TOS; 8TOT; 8TOU; 8VKO; 8VKP; 8VQR; 8WDR; 8WDS; 8WDY; 8WDZ; 8WE0; 8WE1; 8WE4; 8WGV; 8WGW; 8WHS; 8WHU; 8WHZ; 8WLZ; 8WP8; 8WRH; 8WRL; 8WRM; 8WRO; 8WTD; 8WTJ; 8XLM; 8XLN; 8XN2; 8XN3; 8XN5; 8XNF; 8XNK; 8XSF; 8XSJ; 8XXW; 8Y16; 8Y18; 8Y6A; 9FMM,ACE2,ACE2,HGNC:13557,Humans,DB09019
984,Transforming growth factor beta-1 proprotein,TGFB1,1212989,X05839,P01137,TGFB1_HUMAN,1KLA; 1KLC; 1KLD; 3KFD; 4KV5; 5FFO; 5VQP; 6OM2; 6P7J; 7Y1R; 7Y1T; 8UDZ,TGFB1,TGFB1,HGNC:11766,Humans,DB01162; DB04951; DB10772
986,Sodium/calcium exchanger 1,SLC8A1,180673,M91368,P32418,NAC1_HUMAN,8JP0; 8SGI; 8SGJ; 8SGT,SLC8A1,SLC8A1,HGNC:11068,Humans,DB00159; DB04855
987,Thiopurine S-methyltransferase,TPMT,386420,S62904,P51580,TPMT_HUMAN,2BZG; 2H11,TPMT,TPMT,HGNC:12014,Humans,DB01250
993,Synaptic vesicle glycoprotein 2A,SV2A,40788343,AB018279,Q7L0J3,SV2A_HUMAN,4V11; 8JLC; 8JLE; 8JLF; 8JLG; 8JLH; 8JLI; 8JS8; 8JS9; 8K77; 8UO9; 8UOA; 8YF0; 8YF1,SV2A,SV2A,HGNC:20566,Humans,DB01202; DB05541
994,Lactotransferrin,LTF,34416,X53961,P02788,TRFL_HUMAN,1B0L; 1BKA; 1CB6; 1DSN; 1EH3; 1FCK; 1H43; 1H44; 1H45; 1HSE; 1L5T; 1LCF; 1LCT; 1LFG; 1LFH; 1LFI; 1LGB; 1N76; 1SQY; 1U62; 1VFD; 1VFE; 1XV4; 1XV7; 1Z6V; 1Z6W; 2BJJ; 2DP4; 2GMC; 2GMD; 2HD4; 2PMS; 7JRD; 7N88,LTF,LTF,HGNC:6720,Humans,DB03017; DB04743; DB08439
995,fMet-Leu-Phe receptor,FPR1,189184,M37128,P21462,FPR1_HUMAN,7EUO; 7T6T; 7VFX; 7WVU,FPR1,FPR1,HGNC:3826,Humans,DB11656
997,Atrial natriuretic peptide receptor 2,NPR2,5139790,AB005647,P20594,ANPRB_HUMAN,,NPR2,NPR2,HGNC:7944,Humans,DB01613; DB04899; DB11928
999,Tumor necrosis factor ligand superfamily member 13B,TNFSF13B,4761612,AF136293,Q9Y275,TN13B_HUMAN,1JH5; 1KD7; 1KXG; 1OQD; 1OQE; 1OSG; 3V56; 4V46; 4ZCH; 5Y9J; 6FXN,TNFSF13B,TNFSF13B,HGNC:11929,Humans,DB08879
1002,Amine oxidase [copper-containing] 3,AOC3,1399032,U39447,Q16853,AOC3_HUMAN,1PU4; 1US1; 2C10; 2C11; 2Y73; 2Y74; 3ALA; 4BTW; 4BTX; 4BTY,AOC3,AOC3,HGNC:550,Humans,DB00575; DB01275
1007,Peroxisome proliferator-activated receptor delta,PPARD,190230,L07592,Q03181,PPARD_HUMAN,1GWX; 1Y0S; 2AWH; 2B50; 2BAW; 2ENV; 2GWX; 2J14; 2Q5G; 2XYJ; 2XYW; 2XYX; 2ZNP; 2ZNQ; 3D5F; 3DY6; 3ET2; 3GWX; 3GZ9; 3OZ0; 3PEQ; 3SP9; 3TKM; 5U3Q; 5U3R; 5U3S; 5U3T; 5U3U; 5U3V; 5U3W; 5U3X; 5U3Y; 5U3Z; 5U40; 5U41; 5U42; 5U43; 5U44; 5U45; 5U46; 5XMX; 5Y7X; 5ZXI; 6A6P; 7F80; 7VWE; 7VWF; 7VWG; 7VWH; 7W0G; 7WGL; 7WGN; 8HF8; 8HUL; 8HUO,PPARD,PPARD,HGNC:9235,Humans,DB00159; DB00374; DB01393; DB05187; DB09462; DB12390
1012,Beta-3 adrenergic receptor,ADRB3,178896,M29932,P13945,ADRB3_HUMAN,9IJD; 9IJE,ADRB3,ADRB3,HGNC:288,Humans,DB00368; DB00376; DB01064; DB06262; DB08893; DB11124; DB13781; DB14895
1014,Peptidyl-prolyl cis-trans isomerase A,PPIA,30309,Y00052,P62937,PPIA_HUMAN,1AK4; 1AWQ; 1AWR; 1AWS; 1AWT; 1AWU; 1AWV; 1BCK; 1CWA; 1CWB; 1CWC; 1CWF; 1CWH; 1CWI; 1CWJ; 1CWK; 1CWL; 1CWM; 1CWO; 1FGL; 1M63; 1M9C; 1M9D; 1M9E; 1M9F; 1M9X; 1M9Y; 1MF8; 1MIK; 1NMK; 1OCA; 1RMH; 1VBS; 1VBT; 1W8L; 1W8M; 1W8V; 1YND; 1ZKF; 2ALF; 2CPL; 2CYH; 2MS4; 2MZU; 2N0T; 2RMA; 2RMB; 2X25; 2X2A; 2X2C; 2X2D; 2XGY; 3CYH; 3CYS; 3K0M; 3K0N; 3K0O; 3K0P; 3K0Q; 3K0R; 3ODI; 3ODL; 3RDD; 4CYH; 4IPZ; 4N1M; 4N1N; 4N1O; 4N1P; 4N1Q; 4N1R; 4N1S; 4YUG; 4YUH; 4YUI; 4YUJ; 4YUK; 4YUL; 4YUM; 4YUN; 4YUO; 4YUP; 5CYH; 5F66; 5FJB; 5KUL; 5KUN; 5KUO; 5KUQ; 5KUR; 5KUS; 5KUU; 5KUV; 5KUW; 5KUZ; 5KV0; 5KV1; 5KV2; 5KV3; 5KV4; 5KV5; 5KV6; 5KV7; 5LUD; 5NOQ; 5NOR; 5NOS; 5NOT; 5NOU; 5NOV; 5NOW; 5NOX; 5NOY; 5NOZ; 5T9U; 5T9W; 5T9Z; 5TA2; 5TA4; 5WC7; 6BTA; 6GJI; 6GJJ; 6GJL; 6GJM; 6GJN; 6GJP; 6GJR; 6GJY; 6GS6; 6I42; 6U5C; 6U5D; 6U5E; 6U5G; 6X3R; 6X3Y; 6X4M; 6X4N; 6X4O; 6X4P; 6X4Q; 6Y9V; 6Y9W; 6Y9X; 6Y9Y; 6Y9Z; 6ZDJ; 7ABT; 7N9X; 7PCJ; 7QBW; 7TA8; 7UPN; 7UXJ; 7UXM; 7UXN; 8G9P; 8G9Q; 8HZ8; 8TBF; 8TBG; 8TBH; 8TBI; 8TBJ; 8TBK; 8TBL; 8TBM; 8TBN; 9AX6; 9BFY; 9BG1,PPIA,PPIA,HGNC:9253,Humans,DB00091
1015,Fibroblast growth factor 2,FGF2,31362,X04431,P09038,FGF2_HUMAN,1BAS; 1BFB; 1BFC; 1BFF; 1BFG; 1BLA; 1BLD; 1CVS; 1EV2; 1FGA; 1FQ9; 1II4; 1IIL; 2BFH; 2FGF; 2M49; 4FGF; 4OEE; 4OEF; 4OEG; 5X1O; 6L4O; 8HU7; 8HUE; 8OM6,FGF2,FGF2,HGNC:3676,Humans,DB00364; DB00686
1016,Rho-associated protein kinase 1,ROCK1,1276901,U43195,Q13464,ROCK1_HUMAN,1S1C; 2ESM; 2ETK; 2ETR; 2V55; 3D9V; 3NCZ; 3NDM; 3O0Z; 3TV7; 3TWJ; 3V8S; 4L2W; 4W7P; 4YVC; 4YVE; 5BML; 5F5P; 5HVU; 5KKS; 5KKT; 5UZJ; 5WNE; 5WNF; 5WNG; 5WNH; 6E9W; 7JOU; 7S25; 7S26; 8P0S; 8ZH5,ROCK1,ROCK1,HGNC:10251,Humans,DB13931; DB16703
1021,Coagulation factor XI,F11,182833,M13142,P03951,FA11_HUMAN,1XX9; 1XXD; 1XXF; 1ZHM; 1ZHP; 1ZHR; 1ZJD; 1ZLR; 1ZMJ; 1ZML; 1ZMN; 1ZOM; 1ZPB; 1ZPC; 1ZPZ; 1ZRK; 1ZSJ; 1ZSK; 1ZSL; 1ZTJ; 1ZTK; 1ZTL; 2FDA; 2J8J; 2J8L; 3BG8; 3SOR; 3SOS; 4CR5; 4CR9; 4CRA; 4CRB; 4CRC; 4CRD; 4CRE; 4CRF; 4CRG; 4D76; 4D7F; 4D7G; 4NA7; 4NA8; 4TY6; 4TY7; 4WXI; 4X6M; 4X6N; 4X6O; 4X6P; 4Y8X; 4Y8Y; 4Y8Z; 5E2O; 5E2P; 5EOD; 5EOK; 5EXL; 5EXM; 5EXN; 5I25; 5Q0D; 5Q0E; 5Q0F; 5Q0G; 5Q0H; 5QCK; 5QCL; 5QCM; 5QCN; 5QQO; 5QQP; 5QTT; 5QTV; 5QTW; 5QTY; 5TKS; 5TKT; 5TKU; 5WB6; 6AOD; 6C0S; 6HHC; 6I58; 6R8X; 6TS4; 6TS5; 6TS6; 6TS7; 6TWB; 6USY; 6VLU; 6VLV; 6W50; 7CJ1; 7MBO; 7QOT; 7V0Z; 7V10; 7V11; 7V12; 7V13; 7V14; 7V15; 7V16; 7V17; 7V18; 8BO3; 8BO4; 8BO5; 8BO6; 8BO7,F11,F11,HGNC:3529,Humans,DB00100; DB06404; DB09228; DB11300; DB11571; DB13152
1023,Transient receptor potential cation channel subfamily V member 1,TRPV1,8977866,AJ277028,Q8NER1,TRPV1_HUMAN,6L93; 8GF8; 8GF9; 8GFA; 8JQR; 8X94,TRPV1,TRPV1,HGNC:12716,Humans,DB00132; DB01744; DB06774; DB09120; DB11131
1024,"Troponin C, slow skeletal and cardiac muscles",TNNC1,37208,X07897,P63316,TNNC1_HUMAN,1AP4; 1IH0; 1J1D; 1J1E; 1LXF; 1MXL; 1OZS; 1SPY; 1WRK; 1WRL; 2JT0; 2JT3; 2JT8; 2JTZ; 2JXL; 2KDH; 2KFX; 2KGB; 2KRD; 2L1R; 2L98; 2MKP; 2MLE; 2MLF; 2MZP; 2N79; 2N7L; 3RV5; 3SD6; 3SWB; 4GJE; 4GJF; 4GJG; 4Y99; 5VLN; 5W88; 5WCL; 6KN7; 6KN8; 6MV3; 7JGI; 7SC2; 7SC3; 7SUP; 7SVC; 7SWG; 7SWI; 7SXC; 7SXD; 7UH9; 7UHA; 7UTI; 7UTL; 8FMM; 8FMN; 8FMO; 8FMP; 8FMQ; 8FMR; 8FMS; 8FMT,TNNC1,TNNC1,HGNC:11943,Humans,DB00922
1027,G1/S-specific cyclin-D1,CCND1,35632,X59798,P24385,CCND1_HUMAN,2W96; 2W99; 2W9F; 2W9Z; 5VZU; 6P8E; 6P8F; 6P8G; 6P8H,CCND1,CCND1,HGNC:1582,Humans,DB01169; DB11718
1028,G protein-activated inward rectifier potassium channel 1,KCNJ3,1055028,U39196,P48549,KCNJ3_HUMAN,,KCNJ3,KCNJ3,HGNC:6264,Humans,DB04855
1032,ATP-dependent translocase ABCB1,ABCB1,307180,M14758,P08183,MDR1_HUMAN,6C0V; 6FN1; 6FN4; 6QEX; 7A65; 7A69; 7A6C; 7A6E; 7A6F; 7O9W; 8Y6H; 8Y6I,ABCB1,ABCB1,HGNC:40,Humans,DB11635
1033,"Ferrochelatase, mitochondrial",FECH,219656,D00726,P22830,HEMH_HUMAN,1HRK; 2HRC; 2HRE; 2PNJ; 2PO5; 2PO7; 2QD1; 2QD2; 2QD3; 2QD4; 2QD5; 3AQI; 3HCN; 3HCO; 3HCP; 3HCR; 3W1W; 4F4D; 4KLA; 4KLC; 4KLR; 4KMM; 4MK4; 7CT7; 7CTC,FECH,FECH,HGNC:3647,Humans,DB00992; DB02659
1035,Protein-glutamine gamma-glutamyltransferase 2,TGM2,339521,M55153,P21980,TGM2_HUMAN,1KV3; 2Q3Z; 3LY6; 3S3J; 3S3P; 3S3S; 4PYG; 6A8P; 6KZB; 8TR9; 9BC2; 9BC3; 9BC4,TGM2,TGM2,HGNC:11778,Humans,DB13853
1036,Interleukin-3 receptor subunit alpha,IL3RA,186331,M74782,P26951,IL3RA_HUMAN,4JZJ; 5UV8; 5UWC; 6NMY,IL3RA,IL3RA,HGNC:6012,Humans,DB00020; DB14731
1039,High affinity nerve growth factor receptor,NTRK1,339918,M23102,P04629,NTRK1_HUMAN,1HE7; 1SHC; 1WWA; 1WWW; 2IFG; 2N90; 4AOJ; 4CRP; 4F0I; 4GT5; 4PMM; 4PMP; 4PMS; 4PMT; 4YNE; 4YPS; 5H3Q; 5I8A; 5JFS; 5JFV; 5JFW; 5JFX; 5KMI; 5KMJ; 5KMK; 5KML; 5KMM; 5KMN; 5KMO; 5KVT; 5WR7; 6D1Y; 6D1Z; 6D20; 6D22; 6DKB; 6DKG; 6DKI; 6DKW; 6IQN; 6J5L; 6NPT; 6NSP; 6NSS; 6PL1; 6PL2; 6PL3; 6PL4; 6PMA; 6PMB; 6PMC; 6PME; 7N3T; 7VKM; 7VKN; 7VKO; 7XAF; 7XBI; 8J5W; 8J5X; 8J61; 8J63; 8YTD; 8YTE,NTRK1,NTRK1,HGNC:8031,Humans,DB08896; DB11986; DB13926; DB14723; DB16826
1040,Transcription factor Jun,JUN,386839,J04111,P05412,JUN_HUMAN,1A02; 1FOS; 1JNM; 1JUN; 1S9K; 1T2K; 5FV8; 5T01; 6Y3V; 8SOS,JUN,JUN,HGNC:6204,Humans,DB00210; DB01169
1043,von Willebrand factor,VWF,37947,X04385,P04275,VWF_HUMAN,1AO3; 1ATZ; 1AUQ; 1FE8; 1FNS; 1IJB; 1IJK; 1M10; 1OAK; 1SQ0; 1U0N; 1UEX; 2ADF; 2MHP; 2MHQ; 3GXB; 3HXO; 3HXQ; 3PPV; 3PPW; 3PPX; 3PPY; 3ZQK; 4C29; 4C2A; 4C2B; 4DMU; 4NT5; 5BV8; 6FWN; 6N29; 7EOW; 7F49; 7KWO; 7P4N; 7PMV; 7PNF; 7ZWH; 8D3C; 8D3D,VWF,VWF,HGNC:12726,Humans,DB00025; DB06081; DB09108; DB09329; DB11606; DB11607; DB13998; DB13999; DB14738; DB15164; DB16007
1044,Trace amine-associated receptor 1,TAAR1,14600074,AF380185,Q96RJ0,TAAR1_HUMAN,8JLN; 8JLO; 8JLP; 8JLQ; 8JLR; 8JSO; 8UHB; 8W87; 8W88; 8W89; 8W8A; 8WC8; 8WCA; 8ZSJ; 8ZSP; 8ZSS,TAAR1,TAAR1,HGNC:17734,Humans,DB00182; DB01255; DB01577; DB09352
1048,Proton-coupled folate transporter,SLC46A1,16549261,AK054669,Q96NT5,PCFT_HUMAN,,SLC46A1,SLC46A1,HGNC:30521,Humans,DB00158; DB00563; DB00650
1051,Interleukin-1 beta,IL1B,307043,K02770,P01584,IL1B_HUMAN,1HIB; 1I1B; 1IOB; 1ITB; 1L2H; 1S0L; 1T4Q; 1TOO; 1TP0; 1TWE; 1TWM; 21BI; 2I1B; 2KH2; 2NVH; 31BI; 3LTQ; 3O4O; 3POK; 41BI; 4DEP; 4G6J; 4G6M; 4GAF; 4GAI; 4I1B; 5BVP; 5I1B; 5MVZ; 5R7W; 5R85; 5R86; 5R87; 5R88; 5R89; 5R8A; 5R8B; 5R8C; 5R8D; 5R8E; 5R8F; 5R8G; 5R8H; 5R8I; 5R8J; 5R8K; 5R8L; 5R8M; 5R8N; 5R8O; 5R8P; 5R8Q; 6I1B; 6Y8I; 6Y8M; 7CHY; 7CHZ; 7I1B; 7Z4T; 8C3U; 8RYK; 8RYS; 8RZB; 9ILB,IL1B,IL1B,HGNC:5992,Humans,DB01296; DB05260; DB06168; DB06372; DB10772; DB11994
1055,GTP cyclohydrolase 1,GCH1,7242659,Z29434,P30793,GCH1_HUMAN,1FB1; 6Z80; 6Z85; 6Z86; 6Z87; 6Z88; 6Z89; 7ALA; 7ALB; 7ALC; 7ALQ,GCH1,GCH1,HGNC:4193,Humans,DB02325
1057,"Solute carrier family 2, facilitated glucose transporter member 1",SLC2A1,183303,K03195,P11166,GTR1_HUMAN,4PYP; 5EQG; 5EQH; 5EQI; 6THA,SLC2A1,SLC2A1,HGNC:11005,Humans,DB11059
1062,Mitogen-activated protein kinase 3,MAPK3,31221,X60188,P27361,MK03_HUMAN,2ZOQ; 4QTB; 6GES,MAPK3,MAPK3,HGNC:6877,Humans,DB01169
1066,Solute carrier family 22 member 6,SLC22A6,3831566,AF057039,Q4U2R8,S22A6_HUMAN,,SLC22A6,hROAT1,HGNC:10970,Humans,DB01032
1067,Broad substrate specificity ATP-binding cassette transporter ABCG2,ABCG2,4185796,AF103796,Q9UNQ0,ABCG2_HUMAN,5NJ3; 5NJG; 6ETI; 6FEQ; 6FFC; 6HBU; 6HCO; 6HIJ; 6HZM; 6VXF; 6VXH; 6VXI; 6VXJ; 7NEQ; 7NEZ; 7NFD; 7OJ8; 7OJH; 7OJI; 8BHT; 8BI0; 8P7W; 8P8A; 8P8J; 8U2C,ABCG2,ABCG2,HGNC:74,Humans,DB00795
1069,ATP-binding cassette sub-family C member 2,ABCC2,1764162,U63970,Q92887,MRP2_HUMAN,8IZR; 8JX7; 8JXQ; 8JXU; 8JY4; 8JY5,ABCC2,ABCC2,HGNC:53,Humans,DB01138
1070,Somatostatin,SST,338288,J00306,P61278,SMS_HUMAN,2MI1; 7T10; 7WIC; 7WJ5; 7XAT; 7XMR; 7XMS; 7Y27,SST,SST,HGNC:11329,Humans,DB00847
1085,Intercellular adhesion molecule 1,ICAM1,758074,X06990,P05362,ICAM1_HUMAN,1D3E; 1D3I; 1D3L; 1IAM; 1IC1; 1MQ8; 1P53; 1Z7Z; 2OZ4; 3TCX; 5MZA; 6EIT; 6S8U; 7BG7,ICAM1,ICAM1,HGNC:5344,Humans,DB08818; DB11611
1086,Nuclear factor NF-kappa-B p105 subunit,NFKB1,189180,M55643,P19838,NFKB1_HUMAN,1MDI; 1MDJ; 1MDK; 1NFI; 1SVC; 2DBF; 2O61; 3GUT; 7LEQ; 7LET; 7LF4; 7LFC; 7RG4; 7RG5; 8TQD,NFKB1,NFKB1,HGNC:7794,Humans,DB06439; DB08814; DB13063
1087,Lymphotoxin-alpha,LTA,34445,X01393,P01374,TNFB_HUMAN,1TNR; 4MXV; 4MXW,LTA,LTA,HGNC:6709,Humans,DB00005
1088,Tissue-type plasminogen activator,PLAT,339834,L00153,P00750,TPA_HUMAN,1A5H; 1BDA; 1PK2; 1PML; 1RTF; 1TPG; 1TPK; 1TPM; 1TPN; 5BRR; 5ZLZ,PLAT,PLAT,HGNC:9051,Humans,DB00513; DB06404; DB09228
1089,Glucose-6-phosphate 1-dehydrogenase,G6PD,31543,X03674,P11413,G6PD_HUMAN,1QKI; 2BH9; 2BHL; 5UKW; 6E07; 6E08; 6JYU; 6VA0; 6VA7; 6VA8; 6VA9; 6VAQ; 7SEH; 7SEI; 7SNF; 7SNG; 7SNH; 7SNI; 7TOE; 7TOF; 7UAG; 7UAL; 7UC2; 7ZVD,G6PD,G6PD,HGNC:4057,Humans,DB01708; DB03085
1091,Kallikrein-1,KLK1,186653,M25629,P06870,KLK1_HUMAN,1SPJ; 8YGY,KLK1,KLK1,HGNC:6357,Humans,DB06692
1096,5'-nucleotidase,NT5E,23897,X55740,P21589,5NTD_HUMAN,4H1S; 4H1Y; 4H2B; 4H2F; 4H2G; 4H2I; 6HXW; 6S7F; 6S7H; 6TVE; 6TVG; 6TVX; 6TW0; 6TWA; 6TWF; 6VC9; 6VCA; 6XUE; 6XUG; 6XUQ; 6YE1; 6YE2; 6Z9B; 6Z9D; 7BBJ; 7JV8; 7JV9; 7P9N; 7P9R; 7P9T; 7PA4; 7PB5; 7PBA; 7PBB; 7PBY; 7PCP; 7PD9; 7QGA; 7QGL; 7QGM; 7QGO,NT5E,NT5E,HGNC:8021,Humans,DB00201; DB00277; DB00651; DB00806; DB00824
1097,Mitogen-activated protein kinase 10,MAPK10,468151,U07620,P53779,MK10_HUMAN,1JNK; 1PMN; 1PMU; 1PMV; 2B1P; 2EXC; 2O0U; 2O2U; 2OK1; 2P33; 2R9S; 2WAJ; 2ZDT; 2ZDU; 3CGF; 3CGO; 3DA6; 3FI2; 3FI3; 3FV8; 3G90; 3G9L; 3G9N; 3KVX; 3OXI; 3OY1; 3PTG; 3RTP; 3TTI; 3TTJ; 3V6R; 3V6S; 4H36; 4H39; 4H3B; 4KKE; 4KKG; 4KKH; 4U79; 4W4V; 4W4W; 4W4X; 4W4Y; 4WHZ; 4X21; 4Y46; 4Y5H; 4Z9L; 6EKD; 6EMH; 6EQ9; 7KSI; 7KSJ; 7KSK; 7ORE; 7ORF; 7S1N; 7YL1; 8BZP; 8ENJ; 8WGF,MAPK10,MAPK10,HGNC:6872,Humans,DB11718
1100,Microtubule-associated protein 2,MAP2,409875,U01828,P11137,MTAP2_HUMAN,,MAP2,MAP2,HGNC:6839,Humans,DB01196
1102,Prostatic acid phosphatase,ACP3,189613,M97589,P15309,PPAP_HUMAN,1CVI; 1ND5; 1ND6; 2HPA; 2L3H; 2L77; 2L79; 2MG0; 3PPD; 7ZZV; 8XJ4,ACP3,ACPP,HGNC:125,Humans,DB06688
1103,Calcitonin gene-related peptide 1,CALCA,179828,M12667,P06881,CALCA_HUMAN,6E3Y; 7KNU; 9AUC,CALCA,CALCA,HGNC:1437,Humans,DB14040; DB14041; DB14042
1113,CD44 antigen,CD44,180197,M24915,P16070,CD44_HUMAN,1POZ; 1UUH; 2I83; 4PZ3; 4PZ4; 6TXS,CD44,CD44,HGNC:1681,Humans,DB08818
1120,Heat shock protein HSP 90-alpha,HSP90AA1,32488,X15183,P07900,HS90A_HUMAN,1BYQ; 1OSF; 1UY6; 1UY7; 1UY8; 1UY9; 1UYC; 1UYD; 1UYE; 1UYF; 1UYG; 1UYH; 1UYI; 1UYK; 1UYL; 1YC1; 1YC3; 1YC4; 1YER; 1YES; 1YET; 2BSM; 2BT0; 2BUG; 2BYH; 2BYI; 2BZ5; 2C2L; 2CCS; 2CCT; 2CCU; 2FWY; 2FWZ; 2H55; 2JJC; 2K5B; 2QF6; 2QFO; 2QG0; 2QG2; 2UWD; 2VCI; 2VCJ; 2WI1; 2WI2; 2WI3; 2WI4; 2WI5; 2WI6; 2WI7; 2XAB; 2XDK; 2XDL; 2XDS; 2XDU; 2XDX; 2XHR; 2XHT; 2XHX; 2XJG; 2XJJ; 2XJX; 2XK2; 2YE2; 2YE3; 2YE4; 2YE5; 2YE6; 2YE7; 2YE8; 2YE9; 2YEA; 2YEB; 2YEC; 2YED; 2YEE; 2YEF; 2YEG; 2YEH; 2YEI; 2YEJ; 2YI0; 2YI5; 2YI6; 2YI7; 2YJW; 2YJX; 2YK2; 2YK9; 2YKB; 2YKC; 2YKE; 2YKI; 2YKJ; 3B24; 3B25; 3B26; 3B27; 3B28; 3BM9; 3BMY; 3D0B; 3EKO; 3EKR; 3FT5; 3FT8; 3HEK; 3HHU; 3HYY; 3HYZ; 3HZ1; 3HZ5; 3INW; 3INX; 3K97; 3K98; 3K99; 3MNR; 3O0I; 3OW6; 3OWB; 3OWD; 3Q6M; 3Q6N; 3QDD; 3QTF; 3R4M; 3R4N; 3R4O; 3R4P; 3R91; 3R92; 3RKZ; 3RLP; 3RLQ; 3RLR; 3T0H; 3T0Z; 3T10; 3T1K; 3T2S; 3TUH; 3VHA; 3VHC; 3VHD; 3WHA; 3WQ9; 4AIF; 4AWO; 4AWP; 4AWQ; 4B7P; 4BQG; 4BQJ; 4CGQ; 4CGU; 4CGV; 4CGW; 4CWF; 4CWN; 4CWO; 4CWP; 4CWQ; 4CWR; 4CWS; 4CWT; 4EEH; 4EFT; 4EFU; 4EGH; 4EGI; 4EGK; 4FCP; 4FCQ; 4FCR; 4HY6; 4JQL; 4L8Z; 4L90; 4L91; 4L93; 4L94; 4LWE; 4LWF; 4LWG; 4LWH; 4LWI; 4NH7; 4NH8; 4O04; 4O05; 4O07; 4O09; 4O0B; 4R3M; 4U93; 4W7T; 4XIP; 4XIQ; 4XIR; 4XIT; 4YKQ; 4YKR; 4YKT; 4YKU; 4YKW; 4YKX; 4YKY; 4YKZ; 5CF0; 5FNC; 5FND; 5FNF; 5GGZ; 5J20; 5J27; 5J2V; 5J2X; 5J64; 5J6L; 5J6M; 5J6N; 5J80; 5J82; 5J86; 5J8M; 5J8U; 5J9X; 5LNY; 5LNZ; 5LO0; 5LO1; 5LO5; 5LO6; 5LQ9; 5LR1; 5LR7; 5LRL; 5LRZ; 5LS1; 5M4E; 5M4H; 5NYH; 5NYI; 5OCI; 5OD7; 5ODX; 5T21; 5VYY; 5XQD; 5XQE; 5XR5; 5XR9; 5XRB; 5XRD; 5XRE; 5ZR3; 6B99; 6B9A; 6CEO; 6CYG; 6CYH; 6EI5; 6EL5; 6ELN; 6ELO; 6ELP; 6EY8; 6EY9; 6EYA; 6EYB; 6F1N; 6FCJ; 6FDP; 6GP4; 6GP8; 6GPF; 6GPH; 6GPO; 6GPP; 6GPR; 6GPT; 6GPW; 6GPY; 6GQ6; 6GQR; 6GQS; 6GQU; 6GR1; 6GR3; 6GR4; 6GR5; 6HHR; 6KSQ; 6LR9; 6LSZ; 6LT8; 6LTI; 6LTK; 6N8X; 6OLX; 6TN4; 6TN5; 6U98; 6U99; 6U9A; 6U9B; 7DMC; 7KRJ; 7KW7; 7L7I; 7L7J; 7LSZ; 7LT0; 7RXZ; 7RY0; 7RY1; 7S8Y; 7S8Z; 7S90; 7S95; 7S98; 7S99; 7S9F; 7S9G; 7S9H; 7S9I; 7UR3; 8AGI; 8AGJ; 8AGL; 8B7I; 8B7J; 8FFV; 8FFW; 8KI4; 8W4V; 8W8K; 8X2R,HSP90AA1,HSP90AA1,HGNC:5253,Humans,DB01003; DB01025
1122,Transient receptor potential cation channel subfamily A member 1,TRPA1,3287188,Y10601,O75762,TRPA1_HUMAN,3J9P; 6HC8; 6PQO; 6PQP; 6PQQ; 6V9V; 6V9W; 6V9X; 6V9Y; 6WJ5; 6X2J; 7JUP; 7OR0; 7OR1,TRPA1,TRPA1,HGNC:497,Humans,DB00825; DB01744; DB03843; DB09543; DB14184; DB14212
1131,ATP-sensitive inward rectifier potassium channel 12,KCNJ12,567019,L36069,Q14500,KCJ12_HUMAN,,KCNJ12,KCNJ12,HGNC:6258,Humans,DB00204
1132,Protein kinase C alpha type,PRKCA,35483,X52479,P17252,KPCA_HUMAN,2ELI; 3IW4; 4DNL; 4RA4; 8U37; 8UAK,PRKCA,PRKCA,HGNC:9393,Humans,DB05013; DB06595; DB06819
1133,"3',5'-cyclic-AMP phosphodiesterase 4A",PDE4A,347120,L20965,P27815,PDE4A_HUMAN,2QYK; 3I8V; 3TVX,PDE4A,PDE4A,HGNC:8780,Humans,DB00277; DB00651; DB00824; DB00975; DB01303; DB05219; DB06751
1139,Tumor necrosis factor receptor superfamily member 1A,TNFRSF1A,37224,X55313,P19438,TNR1A_HUMAN,1EXT; 1FT4; 1ICH; 1NCF; 1TNR; 7K7A; 7KP7; 7KP8; 7KPB; 8P6Q,TNFRSF1A,TNFRSF1A,HGNC:11916,Humans,DB11626
1143,Sodium channel protein type 9 subunit alpha,SCN9A,758110,X82835,Q15858,SCN9A_HUMAN,5EK0; 6J8G; 6J8H; 6J8I; 6J8J; 6N4Q; 6N4R; 6NT3; 6NT4; 6VXO; 6W6O; 7K48; 7W9K; 7W9L; 7W9M; 7W9P; 7W9T; 7XM9; 7XMF; 7XMG; 7XVE; 7XVF; 8F0P; 8F0Q; 8F0R; 8F0S; 8G1A; 8I5B; 8I5G; 8I5X; 8I5Y; 8J4F; 8S9B; 8S9C; 8THG; 8THH; 8XMM; 8XMN; 8XMO,SCN9A,SCN9A,HGNC:10597,Humans,DB00281; DB00909
1148,Dipeptidase 1,DPEP1,219600,D13137,P16444,DPEP1_HUMAN,1ITQ; 1ITU,DPEP1,DPEP1,HGNC:3002,Humans,DB01597
1154,Inhibitor of nuclear factor kappa-B kinase subunit beta,IKBKB,2599558,AF029684,O14920,IKKB_HUMAN,3BRT; 3BRV; 4E3C; 4KIK; 8OMV,IKBKB,IKBKB,HGNC:5960,Humans,DB00795; DB00995; DB01169; DB13063
1155,Integrin beta-3,ITGB3,306786,J02703,P05106,ITB3_HUMAN,1JV2; 1KUP; 1KUZ; 1L5G; 1M1X; 1M8O; 1MIZ; 1MK7; 1MK9; 1S4X; 1TYE; 1U8C; 2K9J; 2KNC; 2KV9; 2L1C; 2L91; 2LJD; 2LJE; 2LJF; 2MTP; 2N9Y; 2Q6W; 2RMZ; 2RN0; 2VC2; 2VDK; 2VDL; 2VDM; 2VDN; 2VDO; 2VDP; 2VDQ; 2VDR; 3FCS; 3FCU; 3IJE; 3NID; 3NIF; 3NIG; 3T3M; 3T3P; 3ZDX; 3ZDY; 3ZDZ; 3ZE0; 3ZE1; 3ZE2; 4CAK; 4G1E; 4G1M; 4MMX; 4MMY; 4MMZ; 4O02; 4Z7N; 4Z7O; 4Z7Q; 5HDB; 6AVQ; 6AVR; 6AVU; 6BXB; 6BXF; 6BXJ; 6CKB; 6MK0; 6MSL; 6MSU; 6NAJ; 6V4P; 7KN0; 7L8P; 7LA4; 7TCT; 7TD8; 7THO; 7TMZ; 7TPD; 7U60; 7U9F; 7U9V; 7UBR; 7UCY; 7UDG; 7UDH; 7UE0; 7UFH; 7UH8; 7UJE; 7UJK; 7UK9; 7UKO; 7UKP; 7UKT; 8GCD; 8GCE; 8IJ5; 8T2U; 8T2V,ITGB3,ITGB3,HGNC:6156,Humans,DB00054; DB00063; DB00098; DB00451; DB00775; DB09526
1156,E3 ubiquitin-protein ligase XIAP,XIAP,1184320,U45880,P98170,XIAP_HUMAN,1C9Q; 1F9X; 1G3F; 1G73; 1I3O; 1I4O; 1I51; 1KMC; 1NW9; 1TFQ; 1TFT; 2ECG; 2JK7; 2KNA; 2OPY; 2OPZ; 2POI; 2POP; 2QRA; 2VSL; 3CLX; 3CM2; 3CM7; 3EYL; 3G76; 3HL5; 3UW4; 3UW5; 4EC4; 4HY0; 4IC2; 4IC3; 4J3Y; 4J44; 4J45; 4J46; 4J47; 4J48; 4KJU; 4KJV; 4KMP; 4MTZ; 4OXC; 4WVS; 4WVT; 4WVU; 5C0K; 5C0L; 5C3H; 5C3K; 5C7A; 5C7B; 5C7C; 5C7D; 5C83; 5C84; 5M6E; 5M6F; 5M6H; 5M6L; 5M6M; 5O6T; 5OQW; 6EY2; 6GJW; 6QCI; 8AZA; 8GH7; 8W59; 8W5A,XIAP,BIRC4,HGNC:592,Humans,DB04209
1158,Gastrin/cholecystokinin type B receptor,CCKBR,306489,L08112,P32239,GASR_HUMAN,1L4T; 7F8V; 7F8W; 7XOW; 8IA7,CCKBR,CCKBR,HGNC:1571,Humans,DB00183; DB00403; DB09142
1159,P-selectin,SELP,183389,M60234,P16109,LYAM3_HUMAN,1FSB; 1G1Q; 1G1R; 1G1S; 1HES,SELP,SELP,HGNC:10721,Humans,DB15271
1161,Endothelial protein C receptor,PROCR,565268,L35545,Q9UNN8,EPCR_HUMAN,1L8J; 1LQV; 3JTC; 4V3D; 4V3E; 6SNY; 7OKS; 7OKT; 7OKU; 7OKV; 7Q5D; 8C44,PROCR,PROCR,HGNC:9452,Humans,DB11328
1162,Caspase-3,CASP3,561666,U13737,P42574,CASP3_HUMAN,1CP3; 1GFW; 1I3O; 1NME; 1NMQ; 1NMS; 1PAU; 1QX3; 1RE1; 1RHJ; 1RHK; 1RHM; 1RHQ; 1RHR; 1RHU; 2C1E; 2C2K; 2C2M; 2C2O; 2CDR; 2CJX; 2CJY; 2CNK; 2CNL; 2CNN; 2CNO; 2DKO; 2H5I; 2H5J; 2H65; 2J30; 2J31; 2J32; 2J33; 2XYG; 2XYH; 2XYP; 2XZD; 2XZT; 2Y0B; 3DEH; 3DEI; 3DEJ; 3DEK; 3EDQ; 3GJQ; 3GJR; 3GJS; 3GJT; 3H0E; 3ITN; 3KJF; 3PCX; 3PD0; 3PD1; 4DCJ; 4DCO; 4DCP; 4EHA; 4EHD; 4EHF; 4EHH; 4EHK; 4EHL; 4EHN; 4JJE; 4JQY; 4JQZ; 4JR0; 4PRY; 4PS0; 4QTX; 4QTY; 4QU0; 4QU5; 4QU8; 4QU9; 4QUA; 4QUB; 4QUD; 4QUE; 4QUG; 4QUH; 4QUI; 4QUJ; 4QUL; 5I9B; 5I9T; 5IAB; 5IAE; 5IAG; 5IAJ; 5IAK; 5IAN; 5IAR; 5IAS; 5IBC; 5IBP; 5IBR; 5IC4; 7XN4; 7XN5; 7XN6,CASP3,CASP3,HGNC:1504,Humans,DB13751
1164,Toll-like receptor 2,TLR2,3132528,AF051152,O60603,TLR2_HUMAN,1FYW; 1FYX; 1O77; 2Z7X; 2Z80; 6NIG; 8AR0,TLR2,TLR2,HGNC:11848,Humans,DB00045; DB00210; DB11601
1167,Hematopoietic prostaglandin D synthase,HPGDS,3046817,D82073,O60760,HPGDS_HUMAN,1IYH; 1IYI; 1V40; 2CVD; 2VCQ; 2VCW; 2VCX; 2VCZ; 2VD0; 2VD1; 3EE2; 3KXO; 3VI5; 3VI7; 4EC0; 4EDY; 4EDZ; 4EE0; 5AIS; 5AIV; 5AIX; 5YWE; 5YWX; 5YX1; 6N4E; 6W58; 6W8H; 6ZTC; 7JR6; 7JR8,HPGDS,,HGNC:17890,Humans,DB01058
1169,Microtubule-associated protein 1A,MAP1A,1790878,U38291,P78559,MAP1A_HUMAN,,MAP1A,MAP1A,HGNC:6835,Humans,DB01196
1170,Annexin A2,ANXA2,219910,D00017,P07355,ANXA2_HUMAN,1W7B; 1XJL; 2HYU; 2HYV; 2HYW; 4DRW; 4FTG; 4HRH; 5LPU; 5LPX; 5LQ0; 5LQ2; 5N7D; 5N7F; 5N7G; 6TWQ; 6TWU; 6TWX; 6TWY; 7DTO; 7EQ7; 7NMI; 7P70; 7P71; 7P72; 7P73; 7P74; 7PC3; 7PC4; 7PC5; 7PC7; 7PC8; 7PC9; 7PCB; 7QQL; 7QQM; 7QQN; 7ZVN; 7ZVX; 8AEL,ANXA2,ANXA2,HGNC:537,Humans,DB00591
1171,Toll-like receptor 9,TLR9,8099652,AF259262,Q9NR96,TLR9_HUMAN,8AR3,TLR9,TLR9,HGNC:15633,Humans,DB01611
1172,RAC-beta serine/threonine-protein kinase,AKT2,337491,M77198,P31751,AKT2_HUMAN,1GZK; 1GZN; 1GZO; 1MRV; 1MRY; 1O6K; 1O6L; 1P6S; 2JDO; 2JDR; 2UW9; 2X39; 2XH5; 3D0E; 3E87; 3E88; 3E8D; 8Q61; 9C1W,AKT2,AKT2,HGNC:392,Humans,DB12218
1176,"Sucrase-isomaltase, intestinal",SI,36645,X63597,P14410,SUIS_HUMAN,3LPO; 3LPP,SI,SI,HGNC:10856,Humans,DB00284
1178,Tissue factor,F3,339504,M16553,P13726,TF_HUMAN,1AHW; 1BOY; 1DAN; 1FAK; 1J9C; 1JPS; 1O5D; 1TFH; 1UJ3; 1W0Y; 1W2K; 1WQV; 1WSS; 1WTG; 1WUN; 1WV7; 1Z6J; 2A2Q; 2AEI; 2AER; 2B7D; 2B8O; 2C4F; 2CEF; 2CEH; 2CEZ; 2CFJ; 2EC9; 2F9B; 2FIR; 2FLB; 2FLR; 2HFT; 2PUQ; 2ZP0; 2ZWL; 2ZZU; 3ELA; 3TH2; 3TH3; 3TH4; 4IBL; 4M7L; 4YLQ; 4Z6A; 4ZMA; 5W06; 6R2W; 6Z9W; 8CN9,F3,F3,HGNC:3541,Humans,DB00036; DB13150; DB16732
1180,Fibronectin,FN1,12053817,AJ276395,P02751,FINC_HUMAN,1E88; 1E8B; 1FBR; 1FNA; 1FNF; 1FNH; 1J8K; 1O9A; 1OWW; 1Q38; 1QGB; 1QO6; 1TTF; 1TTG; 2CG6; 2CG7; 2CK2; 2CKU; 2EC3; 2FN2; 2FNB; 2GEE; 2H41; 2H45; 2HA1; 2MNU; 2N1K; 2OCF; 2RKY; 2RKZ; 2RL0; 3CAL; 3EJH; 3GXE; 3M7P; 3MQL; 3R8Q; 3T1W; 3ZRZ; 4GH7; 4JE4; 4JEG; 4LXO; 4MMX; 4MMY; 4MMZ; 4PZ5; 5DC0; 5DC4; 5DC9; 5DFT; 5J6Z; 5J7C; 5M0A; 5N47; 5N48; 6HNF; 6MFA; 6MSV; 6NAJ; 6XAX; 6XAY; 7NWL; 8PEQ,FN1,FN1,HGNC:3778,Humans,DB08888
1183,Insulin-degrading enzyme,IDE,184556,M21188,P14735,IDE_HUMAN,2G47; 2G48; 2G49; 2G54; 2G56; 2JBU; 2JG4; 2WBY; 2WC0; 2WK3; 2YPU; 3CWW; 3E4A; 3E4Z; 3E50; 3H44; 3HGZ; 3N56; 3N57; 3OFI; 3QZ2; 4DTT; 4DWK; 4GS8; 4GSC; 4GSF; 4IFH; 4IOF; 4LTE; 4M1C; 4NXO; 4PES; 4PF7; 4PF9; 4PFC; 4QIA; 4RAL; 4RE9; 5CJO; 5UOE; 5WOB; 6B3Q; 6B70; 6B7Y; 6B7Z; 6BF6; 6BF7; 6BF8; 6BF9; 6BFC; 6BYZ; 6EDS; 6MQ3; 7K1D; 7K1E; 7K1F; 7RZE; 7RZF; 7RZG; 7RZH; 7RZI,IDE,IDE,HGNC:5381,Humans,DB00626
1184,NAD(P)H dehydrogenase [quinone] 1,NQO1,189246,J03934,P15559,NQO1_HUMAN,1D4A; 1DXO; 1GG5; 1H66; 1H69; 1KBO; 1KBQ; 1QBG; 2F1O; 3JSX; 4CET; 4CF6; 5A4K; 5EA2; 5EAI; 5FUQ; 6FY4; 6LLC; 8C9J; 8OK0; 8PQN; 8RFM; 8RFN,NQO1,NQO1,HGNC:2874,Humans,DB03147
1186,Transient receptor potential cation channel subfamily M member 8,TRPM8,20147036,AY090109,Q7Z2W7,TRPM8_HUMAN,8BDC,TRPM8,TRPM8,HGNC:17961,Humans,DB00825; DB01744; DB14183; DB14187
1192,Metabotropic glutamate receptor 5,GRM5,1408052,D28538,P41594,GRM5_HUMAN,3LMK; 4OO9; 5CGC; 5CGD; 6N4X; 6N4Y; 6N50; 6N51; 6N52; 7FD8; 7FD9; 8T6J; 8T7H; 8T8M; 8TAO,GRM5,GRM5,HGNC:4597,Humans,DB00659
1194,"Fatty acid-binding protein, adipocyte",FABP4,178347,J02874,P15090,FABP4_HUMAN,1TOU; 1TOW; 2HNX; 2NNQ; 3FR2; 3FR4; 3FR5; 3P6C; 3P6D; 3P6E; 3P6F; 3P6G; 3P6H; 3Q6L; 3RZY; 4NNS; 4NNT; 5D45; 5D47; 5D48; 5D4A; 5EDB; 5EDC; 5HZ6; 5HZ8; 5Y0F; 5Y0G; 5Y0X; 5Y12; 5Y13; 6AYL; 6LJS; 6LJT; 6LJU; 6LJV; 6LJW; 6LJX; 7FVU; 7FVV; 7FVW; 7FVX; 7FVY; 7FVZ; 7FW0; 7FW1; 7FW2; 7FW3; 7FW4; 7FW5; 7FW6; 7FW7; 7FW8; 7FW9; 7FWA; 7FWB; 7FWC; 7FWD; 7FWE; 7FWF; 7FWG; 7FWH; 7FWJ; 7FWK; 7FWL; 7FWM; 7FWN; 7FWO; 7FWP; 7FWQ; 7FWR; 7FWS; 7FWU; 7FWV; 7FWW; 7FWX; 7FWY; 7FWZ; 7FX0; 7FX1; 7FX2; 7FX3; 7FX4; 7FX5; 7FX6; 7FX7; 7FX8; 7FX9; 7FXA; 7FXB; 7FXC; 7FXE; 7FXF; 7FXG; 7FXH; 7FXI; 7FXJ; 7FXK; 7FXL; 7FXM; 7FXN; 7FXP; 7FXQ; 7FXR; 7FXS; 7FXT; 7FXU; 7FXV; 7FXW; 7FXX; 7FXY; 7FXZ; 7FY2; 7FY3; 7FY4; 7FY5; 7FY6; 7FY7; 7FY9; 7FYB; 7FYC; 7FYE; 7FYF; 7FYG; 7FYH; 7FYI; 7FYJ; 7FYK; 7FYL; 7FYM; 7FYO; 7FYP; 7FYQ; 7FYR; 7FYS; 7FYT; 7FYU; 7FYV; 7FYX; 7FYY; 7FYZ; 7FZ0; 7FZ1; 7FZ2; 7FZ3; 7FZ4; 7FZ5; 7FZ6; 7FZ7; 7FZ8; 7FZ9; 7FZA; 7FZB; 7FZC; 7FZD; 7FZE; 7FZF; 7FZH; 7FZI; 7FZJ; 7FZK; 7FZL; 7FZM; 7FZN; 7FZO; 7FZP; 7FZR; 7FZS; 7FZT; 7FZU; 7FZV; 7FZW; 7FZX; 7FZY; 7FZZ; 7G02; 7G03; 7G05; 7G06; 7G07; 7G08; 7G09; 7G0A; 7G0C; 7G0F; 7G0G; 7G0H; 7G0I; 7G0J; 7G0K; 7G0L; 7G0M; 7G0N; 7G0O; 7G0P; 7G0Q; 7G0R; 7G0S; 7G0T; 7G0U; 7G0V; 7G0X; 7G0Y; 7G0Z; 7G10; 7G11; 7G12; 7G13; 7G14; 7G15; 7G16; 7G17; 7G18; 7G19; 7G1A; 7G1B; 7G1C; 7G1D; 7G1E; 7G1F; 7G1G; 7G1H; 7G1I; 7G1J; 7G1K; 7G1L; 7G1M; 7G1N; 7G1O; 7G1P; 7G1R; 7G1S; 7G1T; 7G1U; 7G1V; 7G1W; 7G1Y; 7G1Z; 7G20; 7G21; 7WC3; 8S1K; 8WDX; 8WE3,FABP4,FABP4,HGNC:3559,Humans,DB03796; DB04224; DB14104
1195,Cystic fibrosis transmembrane conductance regulator,CFTR,180332,M28668,P13569,CFTR_HUMAN,1XMI; 1XMJ; 2BBO; 2BBS; 2BBT; 2LOB; 2PZE; 2PZF; 2PZG; 3GD7; 3ISW; 4WZ6; 5D2D; 5D3E; 5D3F; 5TF7; 5TF8; 5TFA; 5TFB; 5TFC; 5TFD; 5TFF; 5TFG; 5TFI; 5TFJ; 5TGK; 5UAK; 6GJQ; 6GJS; 6GJU; 6GK4; 6GKD; 6HEP; 6MSM; 6O1V; 6O2P; 6UK1; 6WBS; 6ZE1; 7QI1; 7SV7; 7SVD; 7SVR; 8EIG; 8EIO; 8EIQ; 8EJ1; 8FZQ; 8GLS; 8UBR; 8V7Z; 8V81,CFTR,CFTR,HGNC:1884,Humans,DB04941; DB08820; DB09280; DB11712; DB15444
1203,Fibroblast growth factor receptor 4,FGFR4,31372,X57205,P22455,FGFR4_HUMAN,4QQ5; 4QQC; 4QQJ; 4QQT; 4QRC; 4R6V; 4TYE; 4TYG; 4TYI; 4TYJ; 4UXQ; 4XCU; 5JKG; 5NUD; 5NWZ; 5XFF; 5XFJ; 6IUO; 6IUP; 6J6Y; 6JPE; 6JPJ; 6NVG; 6NVH; 6NVI; 6NVJ; 6NVK; 6V9C; 6YI8; 7DTZ; 7F3M; 7N1J; 7TYD; 7V29; 7VJL; 7WCT; 7WCW; 7WCX; 7YBO; 7YBP; 7YBX; 7YC1; 7YC3; 7YSW; 8KH6; 8KH7; 8KH8; 8KH9; 8W5C; 8XLQ,FGFR4,FGFR4,HGNC:3691,Humans,DB09078; DB11886; DB12147; DB15149
1204,Equilibrative nucleoside transporter 1,SLC29A1,1845345,U81375,Q99808,S29A1_HUMAN,6OB6; 6OB7; 8TZI,SLC29A1,SLC29A1,HGNC:11003,Humans,DB13766
1207,Catalase,CAT,1228085,X04085,P04040,CATA_HUMAN,1DGB; 1DGF; 1DGG; 1DGH; 1F4J; 1QQW; 7P8W; 7VD9; 8EL9; 8HID; 8PVD; 8SGV; 8WZH; 8WZJ; 8WZK; 8WZM,CAT,CAT,HGNC:1516,Humans,DB01213
1208,Interleukin-5,IL5,33836,X04688,P05113,IL5_HUMAN,1HUL; 3QT2; 3VA2; 8TLD,IL5,IL5,HGNC:6016,Humans,DB06602; DB06612
9062,Cyclopropane mycolic acid synthase 2,cmaA2,,,P9WPB5,CMAS2_MYCTU,1KPI; 3HEM,,,,Mycobacterium tuberculosis,DB05154
1238,Streptogramin A acetyltransferase,vatD,433715,L12033,P50870,VATD_ENTFC,1KHR; 1KK4; 1KK5; 1KK6; 1MR7; 1MR9; 1MRL; 3DHO,,,,Enterococcus faecium,DB01764
1240,Bifunctional purine biosynthesis protein ATIC,ATIC,1263196,U37436,P31939,PUR9_HUMAN,1P4R; 1PKX; 1PL0; 5UY8; 5UZ0,ATIC,ATIC,HGNC:794,Humans,DB00563; DB00642
1241,ADP-ribosyl cyclase/cyclic ADP-ribose hydrolase 2,BST1,999429,D21878,Q10588,BST1_HUMAN,1ISF; 1ISG; 1ISH; 1ISI; 1ISJ; 1ISM,BST1,BST1,HGNC:1118,Humans,DB02701
1251,Isocitrate dehydrogenase [NADP] cytoplasmic,IDH1,3641398,AF020038,O75874,IDHC_HUMAN,1T09; 1T0L; 3INM; 3MAP; 3MAR; 3MAS; 4I3K; 4I3L; 4KZO; 4L03; 4L04; 4L06; 4UMX; 4UMY; 4XRX; 4XS3; 5DE1; 5GIR; 5K10; 5K11; 5L57; 5L58; 5LGE; 5SUN; 5SVF; 5TQH; 5YFM; 5YFN; 6ADG; 6B0Z; 6BKX; 6BKY; 6BKZ; 6BL0; 6BL1; 6BL2; 6IO0; 6O2Y; 6O2Z; 6PAY; 6Q6F; 6U4J; 6VEI; 6VG0; 7PJM; 7PJN; 8BAY; 8HB9; 8T7D; 8T7N; 8T7O; 8VH9; 8VHA; 8VHB; 8VHC; 8VHD; 8VHE,IDH1,IDH1,HGNC:5382,Humans,DB13874; DB14568; DB16267; DB17097
1260,"Thymidine kinase, cytosolic",TK1,339709,K02581,P04183,KITH_HUMAN,1W4R; 1XBT; 2ORV; 2WVJ,TK1,TK1,HGNC:11830,Humans,DB00299; DB03312; DB13421
1261,Genome polyprotein,,323655,M19197,P12823,POLG_DEN2P,1L9K; 1OAN; 1OK8; 1OKE; 1P58; 1R6A; 1R6R; 1THD; 2P1D; 2P3L; 2P3O; 2P3Q; 2P40; 2P41; 3J8D; 3ZKO,,,,DENV-2,DB00811
1263,Botulinum neurotoxin type B,botB,144735,M81186,P10844,BXB_CLOBO,1EPW; 1F31; 1F82; 1G9A; 1G9B; 1G9C; 1G9D; 1I1E; 1S0B; 1S0C; 1S0D; 1S0E; 1S0F; 1S0G; 1Z0H; 2ETF; 2NM1; 2NP0; 2XHL; 3ZUQ; 4KBB,,,,Clostridium botulinum,DB13903
1284,Tyrosine-protein kinase BTK,BTK,312467,X58957,Q06187,BTK_HUMAN,1AWW; 1AWX; 1B55; 1BTK; 1BWN; 1K2P; 1QLY; 2GE9; 2Z0P; 3GEN; 3K54; 3OCS; 3OCT; 3P08; 3PIX; 3PIY; 3PIZ; 3PJ1; 3PJ2; 3PJ3; 4NWM; 4OT5; 4OT6; 4OTF; 4OTQ; 4OTR; 4RFY; 4RFZ; 4RG0; 4RX5; 4YHF; 4Z3V; 4ZLY; 4ZLZ; 5BPY; 5BQ0; 5FBN; 5FBO; 5J87; 5JRS; 5KUP; 5P9F; 5P9G; 5P9H; 5P9I; 5P9J; 5P9K; 5P9L; 5P9M; 5T18; 5U9D; 5VFI; 5VGO; 5XYZ; 5ZZ4; 6AUA; 6AUB; 6BIK; 6BKE; 6BKH; 6BKW; 6BLN; 6DI0; 6DI1; 6DI3; 6DI5; 6DI9; 6E4F; 6EP9; 6HRP; 6HRT; 6HTF; 6J6M; 6N9P; 6NFH; 6NFI; 6NZM; 6O8I; 6OMU; 6S90; 6TFP; 6TSE; 6TT2; 6TUH; 6TVN; 6VXQ; 6W06; 6W07; 6W7O; 6W8I; 6X3N; 6X3O; 6X3P; 6XE4; 6YYF; 6YYG; 6YYK; 7KXL; 7KXM; 7KXN; 7KXO; 7KXP; 7KXQ; 7L5O; 7L5P; 7LTY; 7LTZ; 7N4Q; 7N4R; 7N4S; 7N5O; 7N5R; 7N5X; 7N5Y; 7R60; 7R61; 7YC9; 8DSO; 8E2M; 8EJB; 8FLG; 8FLH; 8FLL; 8FLN; 8FLV; 8GC7; 8GC8; 8TU3; 8TU4; 8TU5; 8U2D; 8U2E; 8YVV,BTK,BTK,HGNC:1133,Humans,DB09053; DB11703; DB14924; DB15035; DB17472
1287,"3',5'-cyclic-AMP phosphodiesterase 4D",PDE4D,347130,L20970,Q08499,PDE4D_HUMAN,1E9K; 1MKD; 1OYN; 1PTW; 1Q9M; 1TB7; 1TBB; 1XOM; 1XON; 1XOQ; 1XOR; 1Y2B; 1Y2C; 1Y2D; 1Y2E; 1Y2K; 1ZKN; 2FM0; 2FM5; 2PW3; 2QYN; 3G4G; 3G4I; 3G4K; 3G4L; 3G58; 3IAD; 3IAK; 3K4S; 3SL3; 3SL4; 3SL5; 3SL6; 3SL8; 3V9B; 4OGB; 4W1O; 4WCU; 5K1I; 5K32; 5LBO; 5TKB; 5WH5; 5WH6; 5WQA; 6AKR; 6BOJ; 6F6U; 6F8R; 6F8T; 6F8U; 6F8V; 6F8W; 6F8X; 6FDC; 6FDI; 6FE7; 6FEB; 6FET; 6FT0; 6FTA; 6FTW; 6FW3; 6HWO; 6IAG; 6IBF; 6IM6; 6IMB; 6IMD; 6IMI; 6IMO; 6IMR; 6IMT; 6IND; 6INK; 6INM; 6KJZ; 6KK0; 6LRM; 6NJH; 6NJI; 6NJJ; 6RCW; 6ZBA; 7A8Q; 7A9V; 7AAG; 7AB9; 7ABD; 7ABE; 7ABJ; 7AY6; 7B9H; 7CBJ; 7CBQ; 7F2K; 7F2L; 7F2M; 7W4X; 7W4Y; 7XAA; 7XAB; 7XBB; 7YQF; 7YSX; 8K4C; 8K4H; 8W4Q; 8W4R; 8WDN; 8WDO; 8YLC,PDE4D,PDE4D,HGNC:8783,Humans,DB00651; DB01113; DB05219
1292,Cruzipain,,162048,M84342,P25779,CYSP_TRYCR,1AIM; 1EWL; 1EWM; 1EWO; 1EWP; 1F29; 1F2A; 1F2B; 1F2C; 1ME3; 1ME4; 1U9Q; 2AIM; 2OZ2; 3HD3; 3I06; 3IUT; 3KKU; 3LXS; 4KLB; 4PI3; 4QH6; 4W5B; 4W5C; 4XUI,,,,Trypanosoma cruzi,DB09238; DB12245
1315,"Phosphatidylinositol 4,5-bisphosphate 3-kinase catalytic subunit gamma isoform",PIK3CG,1507822,X83368,P48736,PK3CG_HUMAN,1E8Y; 1E8Z; 1HE8; 2A4Z; 2A5U; 2CHW; 2CHX; 2CHZ; 2V4L; 3APC; 3APD; 3APF; 3CSF; 3CST; 3DBS; 3DPD; 3ENE; 3IBE; 3L08; 3L13; 3L16; 3L17; 3L54; 3LJ3; 3MJW; 3ML8; 3ML9; 3NZS; 3NZU; 3OAW; 3P2B; 3PRE; 3PRZ; 3PS6; 3QAQ; 3QAR; 3QJZ; 3QK0; 3R7Q; 3R7R; 3S2A; 3SD5; 3T8M; 3TJP; 3TL5; 3ZVV; 3ZW3; 4ANU; 4ANV; 4ANW; 4ANX; 4AOF; 4DK5; 4EZJ; 4EZK; 4EZL; 4F1S; 4FA6; 4FAD; 4FHJ; 4FHK; 4FJY; 4FJZ; 4FLH; 4FUL; 4G11; 4GB9; 4HLE; 4HVB; 4J6I; 4KZ0; 4KZC; 4PS3; 4PS7; 4PS8; 4URK; 4WWN; 4WWO; 4WWP; 4XX5; 4XZ4; 5EDS; 5G2N; 5G55; 5JHA; 5JHB; 5KAE; 5OQ4; 5T23; 6AUD; 6C1S; 6FH5; 6GQ7; 6T3B; 6T3C; 6XRL; 6XRM; 6XRN; 7JWE; 7JWZ; 7JX0; 7KKE; 7MEZ; 7Z61; 8DP0; 8SC8,PIK3CG,PIK3CG,HGNC:8978,Humans,DB11952; DB15275
1316,Tyrosine-protein kinase SYK,SYK,496900,Z29630,P43405,KSYK_HUMAN,1A81; 1CSY; 1CSZ; 1XBA; 1XBB; 1XBC; 3BUW; 3EMG; 3FQE; 3FQH; 3FQS; 3SRV; 3TUB; 3TUC; 3TUD; 3VF8; 3VF9; 4DFL; 4DFN; 4F4P; 4FL1; 4FL2; 4FL3; 4FYN; 4FYO; 4FZ6; 4FZ7; 4GFG; 4I0R; 4I0S; 4I0T; 4PUZ; 4PV0; 4PX6; 4RSS; 4RX7; 4RX8; 4RX9; 4WNM; 4XG2; 4XG3; 4XG4; 4XG6; 4XG7; 4XG8; 4XG9; 4YJO; 4YJP; 4YJQ; 4YJR; 4YJS; 4YJT; 4YJU; 4YJV; 5C26; 5C27; 5CXH; 5CXZ; 5CY3; 5GHV; 5LMA; 5LMB; 5T68; 5TIU; 5TR6; 5TT7; 5Y5T; 5Y5U; 6HM6; 6HM7; 6SSB; 6VOV; 6ZC0; 6ZCP; 6ZCQ; 6ZCR; 6ZCS; 6ZCU; 6ZCX; 6ZCY; 7Q5T; 7Q5U; 7Q5W; 7Q63; 7SA7; 8BI2; 8RRQ; 8RRZ; 8X5K,SYK,SYK,HGNC:11491,Humans,DB12010
1340,Tubulin alpha-1A chain,TUBA1A,37492,X01703,Q71U36,TBA1A_HUMAN,5JCO; 6J8F; 6WSL; 7C1M; 7UN1; 7UNG; 8J07; 8SH7,TUBA1A,TUBA1A,HGNC:20766,Humans,DB00570; DB00643
1341,Tyrosine-protein kinase ITK/TSK,ITK,399658,D13720,Q08881,ITK_HUMAN,1SM2; 1SNU; 1SNX; 2E6I; 2LMJ; 2YUQ; 3MIY; 3MJ1; 3MJ2; 3QGW; 3QGY; 3T9T; 3V5J; 3V5L; 3V8T; 3V8W; 4HCT; 4HCU; 4HCV; 4KIO; 4L7S; 4M0Y; 4M0Z; 4M12; 4M13; 4M14; 4M15; 4MF0; 4MF1; 4PP9; 4PPA; 4PPB; 4PPC; 4PQN; 4QD6; 4RFM,ITK,ITK,HGNC:6171,Humans,DB14924
1349,D-alanyl-D-alanine carboxypeptidase,,515050,X05109,P15555,DAC_STRSR,1CEF; 1CEG; 1HVB; 1IKG; 1IKI; 1MPL; 1PW1; 1PW8; 1PWC; 1PWD; 1PWG; 1SCW; 1SDE; 1YQS; 2PTE; 3PTE,,,,Streptomyces sp. (strain R61),DB00456
1358,Beta-lactamase,ampC,145267,J01611,P00811,AMPC_ECOLI,1C3B; 1FCM; 1FCN; 1FCO; 1FSW; 1FSY; 1GA9; 1I5Q; 1IEL; 1IEM; 1KDS; 1KDW; 1KE0; 1KE3; 1KE4; 1KVL; 1KVM; 1L0D; 1L0E; 1L0F; 1L0G; 1L2S; 1LL5; 1LL9; 1LLB; 1MXO; 1MY8; 1O07; 1PI4; 1PI5; 1XGI; 1XGJ; 2BLS; 2FFY; 2HDQ; 2HDR; 2HDS; 2HDU; 2I72; 2P9V; 2PU2; 2PU4; 2R9W; 2R9X; 2RCX; 3BLS; 3BM6; 3FKV; 3FKW; 3GQZ; 3GR2; 3GRJ; 3GSG; 3GTC; 3GV9; 3GVB; 3IWI; 3IWO; 3IWQ; 3IXB; 3IXD; 3IXG; 3IXH; 3O86; 3O87; 3O88; 4E3I; 4E3J; 4E3K; 4E3L; 4E3M; 4E3N; 4E3O; 4JXG; 4JXS; 4JXV; 4JXW; 4KEN; 4KG2; 4KG5; 4KG6; 4KZ3; 4KZ4; 4KZ5; 4KZ6; 4KZ7; 4KZ8; 4KZ9; 4KZA; 4KZB; 4LV0; 4LV1; 4LV2; 4LV3; 4OKP; 4OLD; 4OLG,,,,Escherichia coli (strain K12),DB00456
1367,Tubulin beta-4B chain,TUBB4B,37494,X02344,P68371,TBB4B_HUMAN,7UN1; 7UNG; 8J07; 8SH7,TUBB4B,TUBB2C,HGNC:20771,Humans,DB00643
1391,Tubulin alpha-4A chain,TUBA4A,32015,X06956,P68366,TBA4A_HUMAN,,TUBA4A,TUBA4A,HGNC:12407,Humans,DB01179
1399,"Peptidyl-prolyl cis-trans isomerase F, mitochondrial",PPIF,181274,M80254,P30405,PPIF_HUMAN,2BIT; 2BIU; 2Z6W; 3QYU; 3R49; 3R4G; 3R54; 3R56; 3R57; 3R59; 3RCF; 3RCG; 3RCI; 3RCK; 3RCL; 3RD9; 3RDA; 3RDB; 3RDC; 4J58; 4J59; 4J5A; 4J5B; 4J5C; 4J5D; 4J5E; 4O8H; 4O8I; 4XNC; 4ZSC; 4ZSD; 5A0E; 5CBT; 5CBU; 5CBV; 5CBW; 5CCN; 5CCQ; 5CCR; 5CCS; 6R8L; 6R8O; 6R8W; 6R9S; 6R9U; 6R9X; 6RA1; 6Y3E; 6YBM; 7OGI; 7PMT; 7R2H; 7R2I; 7R2J; 7R2L; 7TGS; 7TGT; 7TGU; 7TGV; 7TH1; 7TH6; 7TH7; 7THC; 7THD; 7THF; 7ZDN; 8EJX; 8UC4; 8UC5,PPIF,PPIF,HGNC:9259,Humans,DB00091
1411,Tetanus toxin,tetX,40770,X04436,P04958,TETX_CLOTE,1A8D; 1AF9; 1D0H; 1DFQ; 1DIW; 1DLL; 1FV2; 1FV3; 1YVG; 1YXW; 1YYN; 1Z7H; 3HMY; 3HN1; 4J1L,,,,Clostridium tetani (strain Massachusetts / E88),DB11604
1415,Tubulin beta-3 chain,TUBB3,1297274,U47634,Q13509,TBB3_HUMAN,5IJ0; 5IJ9; 5JCO; 6E7B; 6S8L; 6WSL; 7LXB; 7M18; 7M20; 7PJF; 7SJ7; 7SJ8; 7SJ9; 7SJA; 7Z6S; 8VRJ; 8VRK; 8VT7,TUBB3,TUBB3,HGNC:20772,Humans,DB04845
1424,Tyrosine-protein kinase HCK,HCK,306832,M16591,P08631,HCK_HUMAN,1AD5; 1BU1; 1QCF; 2C0I; 2C0O; 2C0T; 2HCK; 2HK5; 2OI3; 2OJ2; 3HCK; 3NHN; 3RBB; 3REA; 3REB; 3VRY; 3VRZ; 3VS0; 3VS1; 3VS2; 3VS3; 3VS4; 3VS5; 3VS6; 3VS7; 4HCK; 4LUD; 4LUE; 4ORZ; 4U5W; 5H09; 5H0B; 5H0E; 5H0G; 5H0H; 5HCK; 5NUH; 5ZJ6; 8F2P,HCK,HCK,HGNC:4840,Humans,DB06616
1430,Beta-lactamase,ampC,42261,X07274,P05364,AMPC_ENTCL,1BLS; 1GCE; 1RGZ; 1XX2; 1Y54; 2Q9M; 2Q9N; 3S4X; 4XUX,,,,Enterobacter cloacae,DB09060; DB12107; DB12377
1444,Beta-lactamase,ampC,40452,X03866,P05193,AMPC_CITFR,1RGY,,,,Citrobacter freundii,DB00355
1478,Genome polyprotein,,329771,M58335,P26663,POLG_HCVBK,1A1Q; 1BT7; 1C2P; 1CSJ; 1CU1; 1GX5; 1GX6; 1JXP; 1NHU; 1NHV; 1NS3; 1OS5; 1QUV; 2AWZ; 2AX0; 2AX1; 2BRK; 2BRL; 2DXS; 2GIQ; 2GIR; 2HAI; 2HWH; 2HWI; 2I1R; 2JC0; 2JC1; 2O5D; 2WCX; 2WHO; 2WRM; 2XWY; 2ZKU; 3BR9; 3BSA; 3BSC; 3CDE; 3CIZ; 3CJ0; 3CJ2; 3CJ3; 3CJ4; 3CJ5; 3CO9; 3CVK; 3CWJ; 3D28; 3D5M; 3E51; 3FQK; 3FRZ; 3G86; 3GYN; 3H2L; 3H59; 3H5S; 3H5U; 3H98; 3IGV; 3MF5; 3RVB; 3UA7; 3UDL; 3VQS; 4A92; 4B6E; 4B6F; 4B71; 4B73; 4B74; 4B75; 4B76; 4DGV; 4DGY; 4EO6; 4EO8; 4IH5; 4IH6; 4IH7; 4K8B; 4KAI; 4KB7; 4KBI; 4KE5; 4MIA; 4MIB; 4MK7; 4MK8; 4MK9; 4MKA; 4MKB; 4TN2; 8OHM,,,,Hepatitis C virus genotype 1b (isolate BK),DB11586
1482,Beta-lactamase,penP,39575,V00093,P00808,BLAC_BACLI,1I2S; 1I2W; 1MBL; 1W7F; 2BLM; 2WK0; 2Y91; 3B3X; 3LY3; 3LY4; 3M2J; 3M2K; 3SH7; 3SH8; 3SH9; 3SOI; 4BLM; 4M3K; 4N1H; 4N92; 4N9K; 4N9L,,,,Bacillus licheniformis,DB04272
1516,Hypoxanthine-guanine-xanthine phosphoribosyltransferase,LACZ,9914,X16279,P20035,HGXR_PLAFG,1CJB; 2VFA; 3OZF; 3OZG,,,,Plasmodium falciparum (isolate FCR-3 / Gambia),DB01632
1524,Isocitrate dehydrogenase [NADP],icd,487434,U05257,P39126,IDH_BACSU,1HQS,,,,Bacillus subtilis (strain 168),DB04272
1529,Complement C1s subcomponent,C1S,763110,X06596,P09871,C1S_HUMAN,1ELV; 1NZI; 4J1Y; 4LMF; 4LOR; 4LOS; 4LOT; 6F1C; 6F1H; 8GMN; 8TYP,C1S,C1S,HGNC:1247,Humans,DB06404; DB09228; DB14996
1534,Methionine aminopeptidase 2,METAP2,903982,U29607,P50579,MAP2_HUMAN,1B59; 1B6A; 1BN5; 1BOA; 1KQ0; 1KQ9; 1QZY; 1R58; 1R5G; 1R5H; 1YW7; 1YW8; 1YW9; 2ADU; 2EA2; 2EA4; 2GA2; 2OAZ; 5CLS; 5D6E; 5D6F; 5JFR; 5JHU; 5JI6; 5LYW; 5LYX; 6QED; 6QEF; 6QEG; 6QEH; 6QEI; 6QEJ; 7A12; 7A13; 7A14; 7A15; 7A16; 8ONY; 8OXG; 9FPZ,METAP2,METAP2,HGNC:16672,Humans,DB02893; DB11145
1568,Beta-lactamase TEM,bla,16505919,AL513383,P62594,BLAT_SALTI,,,,,Salmonella typhi,DB01606
1594,Gag-Pol polyprotein,gag-pol,1906384,K03455,P04585,POL_HV1H2,1A30; 1BV7; 1BV9; 1BVE; 1BVG; 1BWA; 1BWB; 1C0T; 1C0U; 1C1B; 1C1C; 1DMP; 1DTQ; 1DTT; 1E6J; 1EP4; 1ESK; 1EX4; 1EXQ; 1FB7; 1FK9; 1FKO; 1FKP; 1G6L; 1HIV; 1HVH; 1HVR; 1HWR; 1HXB; 1JKH; 1JLA; 1JLB; 1JLC; 1JLE; 1JLF; 1JLG; 1JLQ; 1KLM; 1LV1; 1LW0; 1LW2; 1LWC; 1LWE; 1LWF; 1NCP; 1O1W; 1ODW; 1ODY; 1QBR; 1QBS; 1QBT; 1QBU; 1REV; 1RT1; 1RT2; 1RT3; 1RT4; 1RT5; 1RT6; 1RT7; 1RTD; 1RTH; 1RTI; 1RTJ; 1S1T; 1S1U; 1S1V; 1S1W; 1S1X; 1T05; 1TAM; 1TKT; 1TKX; 1TKZ; 1TL1; 1TL3; 1VRT; 1VRU; 2HND; 2HNY; 2HNZ; 2KOD; 2NPH; 2OPP; 2OPQ; 2OPR; 2OPS; 2RF2; 2RKI; 2WHH; 2WOM; 2WON; 2YNF; 2YNG; 2YNH; 2YNI; 3AO2; 3C6T; 3C6U; 3DI6; 3DLE; 3DLG; 3DM2; 3DMJ; 3DOK; 3DOL; 3DOX; 3DRP; 3DRR; 3DRS; 3DYA; 3E01; 3FFI; 3I0R; 3I0S; 3KJV; 3KK1; 3KK2; 3KK3; 3KT2; 3KT5; 3LAK; 3LAL; 3LAM; 3LAN; 3LP0; 3LP1; 3LP2; 3M8P; 3M8Q; 3MEC; 3MED; 3MEE; 3MEG; 3MIM; 3N3I; 3NBP; 3PHV; 3QIN; 3QIO; 3QIP; 3T19; 3T1A; 3TAM; 4B3O; 4B3P; 4B3Q; 4I7F; 4KSE; 4KV8; 4NCG; 4Q1W; 4Q1X; 4Q1Y; 4Q5M; 4QLH; 4U1H; 4U1I; 4U1J; 4U7Q; 4U7V,,,,,DB15673
1598,Oxysterols receptor LXR-beta,NR1H2,641962,U07132,P55055,NR1H2_HUMAN,1P8D; 1PQ6; 1PQ9; 1PQC; 1UPV; 1UPW; 3KFC; 3L0E; 4DK7; 4DK8; 4NQA; 4RAK; 5HJP; 5I4V; 5JY3; 5KYA; 5KYJ; 6JIO; 6K9G; 6K9H; 6K9M; 6S4N; 6S4T; 6S4U; 6S5K,NR1H2,NR1H2,HGNC:7965,Humans,DB02325
1640,"Phospholipase A2, membrane associated",PLA2G2A,190889,M22430,P14555,PA2GA_HUMAN,1AYP; 1BBC; 1DB4; 1DB5; 1DCY; 1J1A; 1KQU; 1KVO; 1N28; 1N29; 1POD; 1POE; 3U8B; 3U8D; 3U8H; 3U8I; 5G3N,PLA2G2A,PLA2G2A,HGNC:9031,Humans,DB00328; DB02325; DB03017
1653,Carbonic anhydrase 12,CA12,2984693,AF051882,O43570,CAH12_HUMAN,1JCZ; 1JD0; 4HT2; 4KP5; 4KP8; 4Q0L; 4QJ0; 4QJO; 4QJW; 4WW8; 5LL5; 5LL9; 5LLO; 5LLP; 5MSA; 5MSB; 6G5L; 6G7A; 6QN0; 6QNG; 6QNL; 6R6Y; 6R71; 6RPS; 6T5P; 6T5Q; 7PP9; 7PUU; 7PUV; 7PUW; 8CO3,CA12,CA12,HGNC:1371,Humans,DB00819; DB00936; DB03255; DB06795; DB11085; DB11672; DB14086
1667,Neuraminidase,NA,324416,M11445,P03472,NRAM_I75A5,1A14; 1BJI; 1F8B; 1F8C; 1F8D; 1F8E; 1INY; 1L7F; 1L7G; 1L7H; 1MWE; 1NCA; 1NCB; 1NCC; 1NMC; 1NNA; 1NNB; 1NNC; 1XOE; 1XOG; 2C4A; 2C4L; 2QWA; 2QWB; 2QWC; 2QWD; 2QWE; 2QWF; 2QWG; 2QWH; 2QWI; 2QWJ; 2QWK; 3NN9; 3W09; 4DGR; 4NN9; 4WEG; 5NN9; 6NN9; 7NN9,,,,Influenza A virus (strain A/Tern/Australia/G70C/1975 H11N9),DB06614
1701,Complement factor B,CFB,297569,X72875,P00751,CFAB_HUMAN,1DLE; 1Q0P; 1RRK; 1RS0; 1RTK; 2OK5; 2WIN; 2XWB; 2XWJ; 3HRZ; 3HS0; 6QSW; 6QSX; 6RAV; 6RUR; 6RUV; 6T8U; 6T8V; 6T8W; 7JTN; 7JTQ; 7NOZ; 8ENU; 8EOK; 8UIN,CFB,CFB,HGNC:1037,Humans,DB16200
1710,Ras-related protein Rab-9A,RAB9A,1174147,U44103,P51151,RAB9A_HUMAN,1WMS; 7E1T,RAB9A,RAB9,HGNC:9792,Humans,DB03793
1717,Poly [ADP-ribose] polymerase 1,PARP1,1017423,X16674,P09874,PARP1_HUMAN,1UK0; 1UK1; 1WOK; 2COK; 2CR9; 2CS2; 2DMJ; 2JVN; 2L30; 2L31; 2N8A; 2RCW; 2RD6; 2RIQ; 3GJW; 3GN7; 3L3L; 3L3M; 3OD8; 3ODA; 3ODC; 3ODE; 4AV1; 4DQY; 4GV7; 4HHY; 4HHZ; 4L6S; 4OPX; 4OQA; 4OQB; 4PJT; 4R5W; 4R6E; 4RV6; 4UND; 4UXB; 4XHU; 4ZZZ; 5A00; 5DS3; 5HA9; 5KPN; 5KPO; 5KPP; 5KPQ; 5WRQ; 5WRY; 5WRZ; 5WS0; 5WS1; 5WTC; 5XSR; 5XST; 5XSU; 6BHV; 6GHK; 6M3I; 6NRF; 6NRG; 6NRH; 6NRI; 6NRJ; 6NTU; 6VKK; 6VKO; 6VKQ; 6XVW; 7AAA; 7AAB; 7AAC; 7AAD; 7CMW; 7KK2; 7KK3; 7KK4; 7KK5; 7KK6; 7ONR; 7ONS; 7ONT; 7S68; 7S6H; 7S6M; 7S81; 7SCY; 7SCZ; 8FYY; 8FYZ; 8FZ1; 8G0H; 8HE7; 8HLR; 8JNZ; 8U4W,PARP1,PARP1,HGNC:270,Humans,DB02701; DB09074; DB11760; DB11793; DB12332
1739,Serine protease 1,PRSS1,521216,M22612,P07477,TRY1_HUMAN,1FXY; 1TRN; 2RA3; 4WWY; 4WXV; 7QE8; 7QE9; 8H3S,PRSS1,PRSS1,HGNC:9475,Humans,DB00188; DB06692
1777,Bile acid receptor,NR1H4,1546084,U68233,Q96RI1,NR1H4_HUMAN,1OSH; 3BEJ; 3DCT; 3DCU; 3FLI; 3FXV; 3GD2; 3HC5; 3HC6; 3L1B; 3OKH; 3OKI; 3OLF; 3OMK; 3OMM; 3OOF; 3OOK; 3P88; 3P89; 3RUT; 3RUU; 3RVF; 4OIV; 4QE8; 4WVD; 5IAW; 5ICK; 5Q0I; 5Q0J; 5Q0K; 5Q0L; 5Q0M; 5Q0N; 5Q0O; 5Q0P; 5Q0Q; 5Q0R; 5Q0S; 5Q0T; 5Q0U; 5Q0V; 5Q0W; 5Q0X; 5Q0Y; 5Q0Z; 5Q10; 5Q11; 5Q12; 5Q13; 5Q14; 5Q15; 5Q16; 5Q17; 5Q18; 5Q19; 5Q1A; 5Q1B; 5Q1C; 5Q1D; 5Q1E; 5Q1F; 5Q1G; 5Q1H; 5Q1I; 5WZX; 5Y1J; 5Y44; 5Y49; 5YXB; 5YXD; 5YXJ; 5YXL; 5Z12; 6A5W; 6A5X; 6A5Y; 6A5Z; 6A60; 6HL0; 6HL1; 6ITM; 7D42; 7TRB; 7VUE; 8HBM; 8HD3,NR1H4,NR1H4,HGNC:7967,Humans,DB05990; DB06777
1796,Elongation factor G,fusA,,,P13551,EFG_THETH,1FNM; 1IP8; 1IPM; 1IPO; 1IPR; 1JQM; 1JQS; 1KTV; 1PN6; 2BCW; 2BM0; 2BM1; 2BV3; 2J7K; 2OM7; 3IZP; 4M1K; 4MYT; 4MYU,,,,Thermus thermophilus,DB02703
1821,"Fatty acid-binding protein, brain",FABP7,2632065,AJ002962,O15540,FABP7_HUMAN,1FDQ; 1FE3; 1JJX; 5URA; 6L9O; 7E25; 8IVF; 8IVL,FABP7,FABP7,HGNC:3562,Humans,DB00159
1840,Complement factor D,CFD,178626,M84526,P00746,CFAD_HUMAN,1BIO; 1DFP; 1DIC; 1DST; 1DSU; 1FDP; 1HFD; 2XW9; 2XWA; 2XWB; 4CBN; 4CBO; 4D9R; 5FBE; 5FBI; 5FCK; 5MT0; 5MT4; 5NAR; 5NAT; 5NAW; 5NB6; 5NB7; 5NBA; 5TCA; 5TCC; 6FTY; 6FTZ; 6FUG; 6FUH; 6FUI; 6FUJ; 6FUT; 6QMR; 6QMT; 6VMJ; 6VMK; 8D95; 8DEA; 8DG6,CFD,CFD,HGNC:2771,Humans,DB15401
1861,TGF-beta receptor type-2,TGFBR2,339570,M85079,P37173,TGFR2_HUMAN,1KTZ; 1M9Z; 1PLO; 2PJY; 3KFD; 4P7U; 4XJJ; 5E8V; 5E8Y; 5E91; 5E92; 5QIN; 5TX4; 5TY4; 7DV6; 8G4K; 8YGZ,TGFBR2,TGFBR2,HGNC:11773,Humans,DB10772
1868,Penicillin-binding protein 2X,pbpX,47392,X16367,P59676,PBPX_STRR6,1PYY,,,,Streptococcus pneumoniae (strain ATCC BAA-255 / R6),DB01147; DB04918; DB14733
1869,Exotoxin A,eta,151216,K01397,P11439,TOXA_PSEAE,1AER; 1DMA; 1IKP; 1IKQ; 1XK9; 1ZM2; 1ZM3; 1ZM4; 1ZM9; 2ZIT; 3B78; 3B82; 3B8H,,,,Pseudomonas aeruginosa (strain ATCC 15692 / PAO1 / 1C / PRS 101 / LMG 12228),DB02701
1979,"Thioredoxin reductase 1, cytoplasmic",TXNRD1,1237038,X91247,Q16881,TRXR1_HUMAN,2CFY; 2J3N; 2ZZ0; 2ZZB; 2ZZC; 3QFA; 3QFB; 7X1R,TXNRD1,TXNRD1,HGNC:12437,Humans,DB01169; DB03147
1984,Fatty acid-binding protein 5,FABP5,182354,M94856,Q01469,FABP5_HUMAN,1B56; 1JJJ; 4AZM; 4AZR; 4LKP; 4LKT; 5HZ5; 5UR9; 7FWI; 7FXD; 7FY0; 7FYD; 7G01; 7G04; 7G0B; 7G0E; 7G1Q,FABP5,FABP5,HGNC:3560,Humans,DB03796
2003,Pyruvate dehydrogenase E1 component,aceE,,V01498,P0AFG8,ODP1_ECOLI,1L8A; 1RP7; 2G25; 2G28; 2G67; 2IEA; 2QTA; 2QTC,,,,Escherichia coli (strain K12),DB00152
2010,Dihydrofolate reductase,folA,146006,J01609,P0ABQ4,DYR_ECOLI,1DDR; 1DDS; 1DHI; 1DHJ; 1DRA; 1DRB; 1DRE; 1DRH; 1DYH; 1DYI; 1DYJ; 1JOL; 1JOM; 1RA1; 1RA2; 1RA3; 1RA8; 1RA9; 1RB2; 1RB3; 1RC4; 1RD7; 1RE7; 1RF7; 1RG7; 1RH3; 1RX1; 1RX2; 1RX3; 1RX4; 1RX5; 1RX6; 1RX7; 1RX8; 1RX9; 1TDR; 2ANO; 2ANQ; 2D0K; 2DRC; 2INQ; 3DAU; 3DRC; 3K74; 3KFY; 3OCH; 3QL3; 3QYL; 3QYO; 3R33; 4DFR; 4EIG; 4EIZ; 4EJ1; 4FHB; 4GH8; 4I13; 4I1N; 4KJJ; 4KJK; 4KJL; 4NX6; 4NX7; 4PDJ; 5CC9; 5CCC; 5DFR; 6DFR; 7DFR,,,,Escherichia coli (strain K12),DB00440
2015,Beta-lactamase SHV-1,bla,5002312,AF148850,P0AD63,BLA1_ECOLX,,,,,Escherichia coli,DB01606; DB09060; DB12377
2029,Beta-lactamase SHV-2,bla,5002314,AF148851,P0A9Z7,BLA2_ECOLX,,,,,Escherichia coli,DB09060
2050,Gag-Pol polyprotein,gag-pol,326388,M15654,P03366,POL_HV1B1,1A9M; 1AJV; 1AJX; 1AXA; 1BQM; 1BQN; 1D4H; 1D4I; 1D4J; 1DLO; 1DW6; 1EBK; 1EBW; 1EBY; 1EBZ; 1EC0; 1EC1; 1EC2; 1EC3; 1EET; 1G35; 1GNM; 1GNN; 1GNO; 1HAR; 1HBV; 1HEF; 1HEG; 1HIH; 1HMV; 1HNI; 1HNV; 1HOS; 1HPS; 1HPZ; 1HQE; 1HQU; 1HRH; 1HTE; 1HTF; 1HTG; 1HVI; 1HVK; 1HVP; 1HVU; 1HYS; 1IKV; 1IKW; 1IKX; 1IKY; 1J5O; 1KJH; 1MER; 1MES; 1MET; 1MEU; 1N5Y; 1N6Q; 1NPA; 1NPV; 1NPW; 1QE1; 1QMC; 1R0A; 1RDH; 1RTD; 1RVL; 1RVM; 1RVN; 1RVO; 1RVP; 1RVQ; 1RVR; 1S6P; 1S6Q; 1S9E; 1S9G; 1SBG; 1SUQ; 1SV5; 1T03; 1T05; 1T7K; 1TV6; 1TVR; 1UWB; 1W5V; 1W5W; 1W5X; 1W5Y; 1YT9; 1ZP8; 1ZPA; 1ZSF; 1ZSR; 2AQU; 2B5J; 2B6A; 2BAN; 2BBB; 2BE2; 2EXF; 2G69; 2HB3; 2HMI; 2HNZ; 2HS1; 2HS2; 2I4D; 2I4U; 2I4V; 2I4W; 2I4X; 2I5J; 2IAJ; 2IC3; 2IDW; 2IEO; 2JZW; 2L45; 2L46; 2L4L; 2UXZ; 2UY0; 2VG5; 2VG6; 2VG7; 2X4U; 2YKM; 2YKN; 2ZD1; 2ZE2; 3AVI; 3BGR; 3DLK; 3GGA; 3GGV; 3GGX; 3HVT; 3IG1; 3IRX; 3IS9; 3ISN; 3ITH; 3JSM; 3JYT; 3K2P; 3K4V; 3KLE; 3KLF; 3KLG; 3KLH; 3KLI; 3NDT; 3NU3; 3NU4; 3NU5; 3NU6; 3NU9; 3NUJ; 3NUO; 3OK9; 3PSU; 3QAA; 3QLH; 3QO9; 3TKG; 3TKW; 3TL9; 3TLH; 3V4I; 3V6D; 3V81; 3ZPS; 3ZPT; 3ZPU; 4COE; 4CP7; 4CPQ; 4CPR; 4CPS; 4CPT; 4CPU; 4CPW; 4CPX; 4DG1; 4G1Q; 4G8G; 4G8I; 4G9D; 4G9F; 4H4M; 4H4O; 4I2P; 4I2Q; 4ICL; 4ID5; 4IDK; 4IFV; 4IFY; 4IG0; 4IG3; 4KFB; 4KKO; 4KO0; 4LSL; 4LSN; 4MFB; 4O44; 4O4G; 4OJR; 4PQU; 4PUO; 4PWD; 4Q0B; 4QAG; 4R5P; 4RW4; 4RW6; 4RW7; 4RW8; 4RW9; 4U8W; 4WE1; 4YE3; 4YHQ; 4ZIP; 4ZLS; 5AGZ; 5AH6; 5AH7; 5AH8; 5AH9; 5AHA; 5AHB; 5AHC; 5BRY; 5BS4; 5C24; 5C25; 5C42; 5D3G,,,,,DB00224; DB00238; DB00300; DB00495; DB00503; DB00625; DB00649; DB00701; DB00705; DB00709; DB00879; DB00900; DB00932; DB00943; DB01048; DB01072; DB01232; DB01264; DB01319; DB06414; DB06817; DB08864; DB08930; DB09101; DB09297; DB09299; DB11586; DB11751; DB12301
2063,D-alanyl-D-alanine carboxypeptidase DacA,dacA,,X06479,P0AEB2,DACA_ECOLI,1HD8; 1NJ4; 1NZO; 1NZU; 1SDN; 1Z6F; 3BEB; 3BEC; 3MZD; 3MZE; 3MZF,,,,Escherichia coli (strain K12),DB00274; DB01147; DB01329; DB01331; DB16335
2081,Sodium channel protein type 2 subunit alpha,SCN2A,457879,M94055,Q99250,SCN2A_HUMAN,2KAV; 4JPZ; 4RLY; 6BUT; 6J8E,SCN2A,SCN2A,HGNC:10588,Humans,DB00193; DB00252; DB00909
2082,Sodium channel protein type 3 subunit alpha,SCN3A,7414320,AJ251507,Q9NY46,SCN3A_HUMAN,7W77; 7W7F,SCN3A,SCN3A,HGNC:10590,Humans,DB00909; DB13766
2083,Sodium channel protein type 4 subunit alpha,SCN4A,338213,M81758,P35499,SCN4A_HUMAN,6AGF; 6MBA; 6MC9,SCN4A,SCN4A,HGNC:10591,Humans,DB00909; DB01195
2084,Sodium channel protein type 8 subunit alpha,SCN8A,4321647,AF050736,Q9UQD0,SCN8A_HUMAN,8FHD; 8GZ1; 8GZ2,SCN8A,SCN8A,HGNC:10596,Humans,DB00252
2086,Dihydropteroate synthase,folP1,5832717,AB028658,P0C0X1,DHPS1_MYCLE,,,,,Mycobacterium leprae (strain TN),DB00250
2087,Inactive dihydropteroate synthase 2,folP2,699152,U15180,P0C0X2,DHPS2_MYCLE,,,,,Mycobacterium leprae (strain TN),DB00250
2088,Estrogen-related receptor gamma,ESRRG,4092075,AF094518,P62508,ERR3_HUMAN,1KV6; 1TFC; 1VJB; 2E2R; 2EWP; 2GP7; 2GPO; 2GPP; 2GPU; 2GPV; 2P7A; 2P7G; 2P7Z; 2ZAS; 2ZBS; 2ZKC; 5YSO; 6A6K; 6I61; 6I62; 6I63; 6I64; 6I65; 6I66; 6I67; 6K3N; 6KNR; 6XXC; 6XY5; 6Y18; 6Y1D; 6Y3W; 6Y58; 8B4Q; 8BJG; 8BJN; 8BM5; 8IFO,ESRRG,ESRRG,HGNC:3474,Humans,DB00253; DB00255; DB00288; DB00547; DB00596; DB00663; DB00846; DB00995; DB01047; DB01130; DB01260; DB01380; DB06786; DB14596
2089,Catechol O-methyltransferase,COMT,180920,M65212,P21964,COMT_HUMAN,3A7E; 3BWM; 3BWY; 4PYI; 4PYJ; 4PYK; 4XUC; 4XUD; 4XUE; 5LSA; 6I3C; 6I3D,COMT,COMT,HGNC:2228,Humans,DB00323; DB00494; DB11632
2090,Aromatase,CYP19A1,179002,M22246,P11511,CP19A_HUMAN,3EQM; 3S79; 3S7S; 4GL5; 4GL7; 4KQ8; 5JKV; 5JKW; 5JL6; 5JL7; 5JL9,CYP19A1,CYP19A1,HGNC:2594,Humans,DB00357; DB00514; DB00894; DB00990; DB01006; DB01217; DB07776; DB08905
2091,Fibrinogen beta chain,FGB,182430,J00129,P02675,FIBB_HUMAN,1FZA; 1FZB; 1FZC; 1FZE; 1FZF; 1FZG; 1LT9; 1LTJ; 1N86; 1N8E; 1RE3; 1RE4; 1RF0; 1RF1; 2A45; 2FFD; 2H43; 2HLO; 2HOD; 2HPC; 2OYH; 2OYI; 2Q9I; 2XNX; 2XNY; 2Z4E; 3BVH; 3E1I; 3GHG; 3H32; 3HUS; 6ATZ; 6BIJ; 6BIL; 6V0Y; 6V13; 6V15; 6V18; 6V19; 6V1A,FGB,FGB,HGNC:3662,Humans,DB11300; DB11311; DB11571; DB11572; DB13151
2092,Fibrinogen gamma chain,FGG,182439,M10014,P02679,FIBG_HUMAN,1DUG; 1FIB; 1FIC; 1FID; 1FZA; 1FZB; 1FZC; 1FZE; 1FZF; 1FZG; 1LT9; 1LTJ; 1N86; 1N8E; 1RE3; 1RE4; 1RF0; 1RF1; 2A45; 2FFD; 2FIB; 2H43; 2HLO; 2HOD; 2HPC; 2HWL; 2OYH; 2OYI; 2Q9I; 2VDO; 2VDP; 2VDQ; 2VDR; 2VR3; 2XNX; 2XNY; 2Y7L; 2Z4E; 3BVH; 3E1I; 3FIB; 3GHG; 3H32; 3HUS; 4B60,FGG,FGG,HGNC:3694,Humans,DB00009; DB11300; DB11571; DB11572
2093,Complement C1r subcomponent,C1R,29539,X04701,P00736,C1R_HUMAN,1APQ; 1GPZ; 1MD7; 1MD8; 2QY0; 6F1C; 6F1D; 6F1H; 6F39,C1R,C1R,HGNC:1246,Humans,DB06404; DB09228
2097,Low affinity immunoglobulin gamma Fc region receptor III-A,FCGR3A,31324,X52645,P08637,FCG3A_HUMAN,3AY4; 3SGJ; 3SGK; 3WN5; 5BW7; 5D6D; 5ML9; 5MN2; 5VU0; 5XJE; 5XJF; 5YC5; 7SEG; 7URU,FCGR3A,FCGR3A,HGNC:3619,Humans,DB00028; DB06607; DB12023; DB16695
2098,Low affinity immunoglobulin gamma Fc region receptor II-a,FCGR2A,182474,M31932,P12318,FCG2A_HUMAN,1FCG; 1H9V; 3D5O; 3RY4; 3RY5; 3RY6; 8CHA,FCGR2A,FCGR2A,HGNC:3616,Humans,DB00028; DB06607
2099,Low affinity immunoglobulin gamma Fc region receptor II-b,FCGR2B,4099445,U87560,P31994,FCG2B_HUMAN,2FCB; 3WJJ; 5OCC,FCGR2B,FCGR2B,HGNC:3618,Humans,DB00028; DB00098
2100,Low affinity immunoglobulin gamma Fc region receptor II-c,FCGR2C,32074,X17652,P31995,FCG2C_HUMAN,3WJL; 6YAX,FCGR2C,FCGR2C,HGNC:15626,Humans,DB00028
2102,Cytokine receptor common subunit gamma,IL2RG,219890,D11086,P31785,IL2RG_HUMAN,2B5I; 2ERJ; 3BPL; 3QAZ; 3QB7; 4GS7; 5M5E; 6OEL; 7S2R; 8ENT; 8EPA,IL2RG,IL2RG,HGNC:6010,Humans,DB00041; DB18740
2114,Bone marrow proteoglycan,PRG2,34476,Y00809,P13727,PRG2_HUMAN,1H8U; 2BRS; 4QXX; 7Y5N; 8HGG,PRG2,PRG2,HGNC:9362,Humans,DB06752
2115,Cytokine receptor common subunit beta,CSF2RB,487425,M59941,P32927,IL3RB_HUMAN,1C8P; 1EGJ; 1GH7; 2GYS; 2NA8; 2NA9; 4NKQ; 5DWU; 8TLD,CSF2RB,CSF2RB,HGNC:2436,Humans,DB00020
2130,Collagen alpha-1(III) chain,COL3A1,30058,X14420,P02461,CO3A1_HUMAN,2V53; 3DMW; 4AE2; 4AEJ; 4AK3; 4GYX; 6FZV; 6FZW; 7WWR; 7WWS; 7XAN,COL3A1,COL3A1,HGNC:2201,Humans,DB00048
2131,Fibroblast growth factor receptor 1,FGFR1,31368,X51803,P11362,FGFR1_HUMAN,1AGW; 1CVS; 1EVT; 1FGI; 1FGK; 1FQ9; 1XR0; 2CR3; 2FGI; 3C4F; 3DPK; 3GQI; 3GQL; 3JS2; 3KRJ; 3KRL; 3KXX; 3KY2; 3OJV; 3RHX; 3TT0; 4F63; 4F64; 4F65; 4NK9; 4NKA; 4NKS; 4RWI; 4RWJ; 4RWK; 4RWL; 4UWB; 4UWC; 4UWY; 4V01; 4V04; 4V05; 4WUN; 4ZSA; 5A46; 5A4C; 5AM6; 5AM7; 5B7V; 5EW8; 5FLF; 5O49; 5O4A; 5UQ0; 5UR1; 5VND; 5W21; 5W59; 5Z0S; 5ZV2; 6C18; 6C19; 6C1B; 6C1C; 6C1O; 6ITJ; 6MZQ; 6MZW; 6NVL; 6P68; 6P69; 7OZB; 7OZD; 7OZF; 7WCL; 7YSH; 8JMZ; 8XLO; 8XZ7; 8Y22; 8YKI,FGFR1,FGFR1,HGNC:3688,Humans,DB00398; DB08896; DB09078; DB09079; DB11886; DB12147; DB15102; DB15149
2133,Fibroblast growth factor receptor 3,FGFR3,182569,M58051,P22607,FGFR3_HUMAN,1RY7; 2LZL; 4K33; 6LVM; 6PNX; 7DHL; 7YSU; 8UDT; 8UDU; 8UDV,FGFR3,FGFR3,HGNC:3690,Humans,DB09078; DB09079; DB11886; DB12147; DB15102; DB15149
2134,Glucagon-like peptide 2 receptor,GLP2R,4324491,AF105367,O95838,GLP2R_HUMAN,7D68,GLP2R,GLP2R,HGNC:4325,Humans,DB08900
2136,Vesicle-associated membrane protein 1,VAMP1,338625,M36200,P23763,VAMP1_HUMAN,,VAMP1,VAMP1,HGNC:12642,Humans,DB00042
2137,Vesicle-associated membrane protein 2,VAMP2,338632,M36205,P63027,VAMP2_HUMAN,3FIE; 3FII; 3RK2; 3RK3; 3RL0; 7UDC,VAMP2,VAMP2,HGNC:12643,Humans,DB00042
2138,Synaptotagmin-2,SYT2,21748879,AK090672,Q8N9I0,SYT2_HUMAN,6G5G,SYT2,SYT2,HGNC:11510,Humans,DB00042
2140,Collagen alpha-1(II) chain,COL2A1,29516,X16468,P02458,CO2A1_HUMAN,1U5M; 2FSE; 2SEB; 5NIR; 5OCX; 5OCY; 6BIN; 6HG7; 6NIX; 7NZE,COL2A1,COL2A1,HGNC:2200,Humans,DB00048
2143,Calcineurin subunit B type 2,PPP3R2,33150800,AF145026,Q96LZ3,CANB2_HUMAN,,PPP3R2,PPP3R2,HGNC:9318,Humans,DB00091; DB11693
2147,Somatostatin receptor type 5,SSTR5,431095,L14865,P35346,SSR5_HUMAN,8X8L; 8X8N; 8ZBE; 8ZCJ,SSTR5,SSTR5,HGNC:11334,Humans,DB06663; DB06791; DB09099; DB13985; DB15494
2151,Aromatic-L-amino-acid decarboxylase,DDC,181521,M76180,P20711,DDC_HUMAN,3RBF; 3RBL; 3RCH; 8OR9; 8ORA,DDC,DDC,HGNC:2719,Humans,DB00165; DB00190; DB00968; DB12783
2180,Cholinesterase,BCHE,1311630,M32391,P06276,CHLE_HUMAN,1P0I; 1P0M; 1P0P; 1P0Q; 1XLU; 1XLV; 1XLW; 2J4C; 2PM8; 2WID; 2WIF; 2WIG; 2WIJ; 2WIK; 2WIL; 2WSL; 2XMB; 2XMC; 2XMD; 2XMG; 2XQF; 2XQG; 2XQI; 2XQJ; 2XQK; 2Y1K; 3DJY; 3DKK; 3O9M; 4AQD; 4AXB; 4B0O; 4B0P; 4BBZ; 4BDS; 4TPK; 4XII; 5DYT; 5DYW; 5DYY; 5K5E; 5LKR; 5NN0; 6EMI; 6EP4; 6EQP; 6EQQ; 6ESJ; 6ESY; 6EYF; 6EZ2; 6F7Q; 6I0B; 6I0C; 6I2T; 6QAA; 6QAB; 6QAC; 6QAD; 6QAE; 6R6V; 6R6W; 6RUA; 6SAM; 6T9P; 6T9S; 6XTA; 6ZWI; 7AIY; 7AMZ; 7AWG; 7AWH; 7AWI; 7BGC; 7BO3; 7BO4; 7Q1M; 7Q1N; 7Q1O; 7Q1P; 7QBQ; 7QBR; 7QHD; 7QHE; 7ZPB; 8AI7; 8AM1; 8AM2; 8CGO,BCHE,BCHE,HGNC:983,Humans,DB00382; DB00449; DB00545; DB00677; DB00733; DB00772; DB00941; DB00989; DB01010; DB01057; DB01221
2193,Thymidine phosphorylase,TYMP,189701,M63193,P19971,TYPH_HUMAN,1UOU; 2J0F; 2WK5; 2WK6,TYMP,ECGF1,HGNC:3148,Humans,DB09343
2196,Amine oxidase [flavin-containing] B,MAOB,398415,S62734,P27338,AOFB_HUMAN,1GOS; 1OJ9; 1OJA; 1OJC; 1OJD; 1S2Q; 1S2Y; 1S3B; 1S3E; 2BK3; 2BK4; 2BK5; 2BYB; 2C64; 2C65; 2C66; 2C67; 2C70; 2C72; 2C73; 2C75; 2C76; 2V5Z; 2V60; 2V61; 2VRL; 2VRM; 2VZ2; 2XCG; 2XFN; 2XFO; 2XFP; 2XFQ; 2XFU; 3PO7; 3ZYX; 4A79; 4A7A; 4CRT; 5MRL; 6FVZ; 6FW0; 6FWC; 6RKB; 6RKP; 6RLE; 6YT2; 7B0V; 7B0Z; 7P4F; 7P4H; 7ZW3,MAOB,MAOB,HGNC:6834,Humans,DB00191; DB00752; DB00780; DB01037; DB01247; DB01299; DB01367; DB01577; DB01626; DB03147; DB06654; DB09086
2198,Amine oxidase [flavin-containing] A,MAOA,187353,M68840,P21397,AOFA_HUMAN,2BXR; 2BXS; 2Z5X; 2Z5Y,MAOA,MAOA,HGNC:6833,Humans,DB00191; DB00752; DB00780; DB00805; DB01171; DB01247; DB01577; DB03147
2201,"Peptide deformylase, mitochondrial",PDF,11320944,AF239156,Q9HBH1,DEFM_HUMAN,3G5K; 3G5P,PDF,PDF,HGNC:30012,Humans,DB00371; DB01131; DB01157; DB06813; DB14763
2204,Xanthine dehydrogenase/oxidase,XDH,10336525,D11456,P47989,XDH_HUMAN,2CKJ; 2E1Q,XDH,XDH,HGNC:12805,Humans,DB00437; DB03147; DB04854; DB11672; DB16628
2211,Prolyl hydroxylase EGLN2,EGLN2,14547148,AJ310544,Q96KS0,EGLN2_HUMAN,5V1B,EGLN2,EGLN2,HGNC:14660,Humans,DB04847; DB11682; DB12255
2212,Cyclin-dependent kinase 6,CDK6,36623,X66365,Q00534,CDK6_HUMAN,1BI7; 1BI8; 1BLX; 1G3N; 1JOW; 1XO2; 2EUF; 2F2C; 3NUP; 3NUX; 4AUA; 4EZ5; 4TTH; 5L2I; 5L2S; 5L2T; 6OQL; 6OQO; 8I0M,CDK6,CDK6,HGNC:1777,Humans,DB05676; DB09073; DB11730; DB12001; DB15442
2214,Adenosine deaminase,ADA,28380,X02994,P00813,ADA_HUMAN,3IAR; 7RTG,ADA,ADA,HGNC:186,Humans,DB00242; DB00552; DB00975; DB01073
2216,Cyclin-dependent kinase 4,CDK4,456427,M14505,P11802,CDK4_HUMAN,2W96; 2W99; 2W9F; 2W9Z; 3G33; 5FWK; 5FWL; 5FWM; 5FWP; 6P8E; 6P8F; 6P8G; 6P8H; 7SJ3,CDK4,CDK4,HGNC:1773,Humans,DB05676; DB09073; DB11730; DB12001; DB15442
2217,Egl nine homolog 1,EGLN1,11345052,AF246631,Q9GZT9,EGLN1_HUMAN,2G19; 2G1M; 2HBT; 2HBU; 2Y33; 2Y34; 3HQR; 3HQU; 3OUH; 3OUI; 3OUJ; 4BQW; 4BQX; 4BQY; 4JZR; 4KBZ; 4UWD; 5A3U; 5L9B; 5L9R; 5L9V; 5LA9; 5LAS; 5LAT; 5LB6; 5LBB; 5LBC; 5LBE; 5LBF; 5OX5; 5OX6; 5V18; 6NMQ; 6QGV; 6ST3; 6YVT; 6YVW; 6YVX; 6YVZ; 6YW0; 6YW1; 6YW2; 6YW3; 6YW4; 6ZBN; 6ZBO; 7Q5V; 7Q5X; 7UJV; 7UMP; 8J1K; 8Q5S; 8Q64; 8Q6D; 8Q6E,EGLN1,EGLN1,HGNC:1232,Humans,DB04847; DB11682; DB12255
2219,Prolyl hydroxylase EGLN3,EGLN3,14547150,AJ310545,Q9H6Z9,EGLN3_HUMAN,,EGLN3,EGLN3,HGNC:14661,Humans,DB04847; DB11682; DB12255
2226,Voltage-dependent N-type calcium channel subunit alpha-1B,CACNA1B,179758,M94172,Q00975,CAC1B_HUMAN,2LCM; 7MIX; 7MIY; 7VFS; 7VFU; 7VFV; 7VFW,CACNA1B,CACNA1B,HGNC:1389,Humans,DB01202; DB04703; DB06283
2246,Acyl-CoA 6-desaturase,FADS2,4406528,AF126799,O95864,FADS2_HUMAN,,FADS2,FADS2,HGNC:3575,Humans,DB00132
2247,Very long chain fatty acid elongase 4,ELOVL4,12044051,AF279654,Q9GZR5,ELOV4_HUMAN,,ELOVL4,ELOVL4,HGNC:14415,Humans,DB09568
2252,"Succinate dehydrogenase [ubiquinone] cytochrome b small subunit, mitochondrial",SDHD,2351037,AB006202,O14521,DHSD_HUMAN,8GS8,SDHD,SDHD,HGNC:10683,Humans,DB00756
2329,Vitamin K epoxide reductase complex subunit 1-like protein 1,VKORC1L1,40217985,AY423045,Q8N0U8,VKORL_HUMAN,,VKORC1L1,VKORC1L1,HGNC:21492,Humans,DB00170
2340,Gamma-aminobutyric acid type B receptor subunit 2,GABBR2,3776098,AJ012188,O75899,GABR2_HUMAN,4F11; 4F12; 4MQE; 4MQF; 4MR7; 4MR8; 4MR9; 4MRM; 4MS1; 4MS3; 4MS4; 4PAS; 6M8R; 6OCP; 6UO8; 6UO9; 6UOA; 6VJM; 6W2X; 6WIV; 7C7Q; 7C7S; 7CA3; 7CA5; 7CUM; 7EB2,GABBR2,GABBR2,HGNC:4507,Humans,DB00181; DB00996; DB01440; DB02530
2341,Neuronal acetylcholine receptor subunit alpha-7,CHRNA7,496607,X70297,P36544,ACHA7_HUMAN,2MAW; 5AFH; 5AFJ; 5AFK; 5AFL; 5AFM; 5AFN; 7EKI; 7EKP; 7EKT; 7KOO; 7KOQ; 7KOX; 7RPM; 8C9X; 8CAU; 8CE4; 8CI1; 8CI2; 8F4V; 8P1H; 8UT1; 8UTB; 8UZJ; 8V80; 8V82; 8V86; 8V88; 8V89; 8V8A; 8V8C; 8V8D,CHRNA7,CHRNA7,HGNC:1960,Humans,DB00184; DB00246; DB00333; DB00674; DB01221; DB08823; DB19353
2344,Gamma-aminobutyric acid receptor subunit beta-1,GABRB1,31635,X14767,P18505,GBRB1_HUMAN,,GABRB1,GABRB1,HGNC:4081,Humans,DB00431
2345,Gamma-aminobutyric acid receptor subunit beta-3,GABRB3,182925,M82919,P28472,GBRB3_HUMAN,4COF; 5O8F; 5OJM; 6A96; 6HUG; 6HUJ; 6HUK; 6HUO; 6HUP; 6I53; 6QFA; 7PBD; 7PBZ; 7PC0; 7QN5; 7QN6; 7QN7; 7QN8; 7QN9; 7QNA; 7QNB; 7QNC; 7QND; 7QNE; 8PVB,GABRB3,GABRB3,HGNC:4083,Humans,DB00592; DB00818; DB06716
2346,Gamma-aminobutyric acid receptor subunit beta-2,GABRB2,455946,S67368,P47870,GBRB2_HUMAN,6D6T; 6D6U; 6X3S; 6X3T; 6X3U; 6X3V; 6X3W; 6X3X; 6X3Z; 6X40; 7T0W; 7T0Z; 8DD2; 8DD3; 8SGO; 8SI9; 8SID; 8VQY; 8VRN,GABRB2,GABRB2,HGNC:4082,Humans,DB00189; DB00395; DB00818; DB02530; DB06716; DB11859
2347,Proteasome subunit beta type-1,PSMB1,220026,D00761,P20618,PSB1_HUMAN,4R3O; 4R67; 5A0Q; 5GJQ; 5GJR; 5L4G; 5L5B; 5L5D; 5L5E; 5L5F; 5L5H; 5L5I; 5L5J; 5L5O; 5L5P; 5L5Q; 5L5R; 5L5S; 5L5T; 5L5U; 5L5V; 5L5W; 5L5X; 5L5Y; 5L5Z; 5L60; 5L61; 5L62; 5L63; 5L64; 5LE5; 5LEX; 5LEY; 5LEZ; 5LF0; 5LF1; 5LF3; 5LF4; 5LF6; 5LF7; 5LN3; 5M2B; 5M32; 5T0C; 5T0G; 5T0H; 5T0I; 5T0J; 5VFO; 5VFP; 5VFQ; 5VFR; 5VFS; 5VFT; 5VFU; 6AVO; 6E5B; 6KWY; 6MSB; 6MSD; 6MSE; 6MSG; 6MSH; 6MSJ; 6MSK; 6R70; 6REY; 6RGQ; 6WJD; 6WJN; 6XMJ; 7AWE; 7B12; 7LXV; 7NAN; 7NAO; 7NAP; 7NAQ; 7NHT; 7PG9; 7QXN; 7QXP; 7QXU; 7QXW; 7QXX; 7QY7; 7QYA; 7QYB; 7V5G; 7V5M; 7W37; 7W38; 7W39; 7W3A; 7W3B; 7W3C; 7W3F; 7W3G; 7W3H; 7W3I; 7W3J; 7W3K; 7W3M; 8BZL; 8CVR; 8CVS; 8CVT; 8CXB; 8QYN; 8QYO; 8QYS; 8QZ9; 8UD9,PSMB1,PSMB1,HGNC:9537,Humans,DB00188; DB08889
2348,Proteasome subunit beta type-5,PSMB5,558526,D29011,P28074,PSB5_HUMAN,4R3O; 4R67; 5A0Q; 5GJQ; 5GJR; 5L4G; 5L5W; 5L5X; 5L5Y; 5L5Z; 5L60; 5L61; 5L62; 5L63; 5L64; 5LE5; 5LEX; 5LEY; 5LEZ; 5LF0; 5LF1; 5LF3; 5LF4; 5LF6; 5LF7; 5LN3; 5M32; 5T0C; 5T0G; 5T0H; 5T0I; 5T0J; 5VFO; 5VFP; 5VFQ; 5VFR; 5VFS; 5VFT; 5VFU; 6KWY; 6MSB; 6MSD; 6MSE; 6MSG; 6MSH; 6MSJ; 6MSK; 6R70; 6REY; 6RGQ; 6WJD; 6WJN; 6XMJ; 7LXV; 7NAN; 7NAO; 7NAP; 7NAQ; 7NHT; 7PG9; 7QXN; 7QXP; 7QXU; 7QXW; 7QXX; 7QY7; 7QYA; 7QYB; 7V5G; 7V5M; 7W37; 7W38; 7W39; 7W3A; 7W3B; 7W3C; 7W3F; 7W3G; 7W3H; 7W3I; 7W3J; 7W3K; 7W3M; 8BZL; 8CVR; 8CVS; 8CVT; 8CXB; 8QYN; 8QYO; 8QYS; 8QZ9; 8UD9,PSMB5,PSMB5,HGNC:9542,Humans,DB00188; DB08889; DB09570
2349,Proteasome subunit beta type-2,PSMB2,565649,D26599,P49721,PSB2_HUMAN,4R3O; 4R67; 5A0Q; 5GJQ; 5GJR; 5L4G; 5LE5; 5LEX; 5LEY; 5LEZ; 5LF0; 5LF1; 5LF3; 5LF4; 5LF6; 5LF7; 5LN3; 5M32; 5T0C; 5T0G; 5T0H; 5T0I; 5T0J; 5VFO; 5VFP; 5VFQ; 5VFR; 5VFS; 5VFT; 5VFU; 6AVO; 6E5B; 6KWY; 6MSB; 6MSD; 6MSE; 6MSG; 6MSH; 6MSJ; 6MSK; 6R70; 6REY; 6RGQ; 6WJD; 6WJN; 6XMJ; 7AWE; 7B12; 7LXV; 7NAN; 7NAO; 7NAP; 7NAQ; 7NHT; 7PG9; 7QXN; 7QXP; 7QXU; 7QXW; 7QXX; 7QY7; 7QYA; 7QYB; 7V5G; 7V5M; 7W37; 7W38; 7W39; 7W3A; 7W3B; 7W3C; 7W3F; 7W3G; 7W3H; 7W3I; 7W3J; 7W3K; 7W3M; 8BZL; 8CVR; 8CVS; 8CVT; 8CXB; 8QYM; 8QYN; 8QYO; 8QYS; 8QZ9; 8UD9,PSMB2,PSMB2,HGNC:9539,Humans,DB08889
2353,"3',5'-cyclic-AMP phosphodiesterase 4C",PDE4C,727223,Z46632,Q08493,PDE4C_HUMAN,2QYM,PDE4C,PDE4C,HGNC:8782,Humans,DB00651; DB05219
2354,Voltage-dependent L-type calcium channel subunit beta-2,CACNB2,300417,S60415,Q08289,CACB2_HUMAN,8HLP; 8HMA; 8HMB,CACNB2,CACNB2,HGNC:1402,Humans,DB00270; DB00393; DB00401; DB00622; DB01023; DB01054; DB01115; DB04855; DB06712
2355,Voltage-dependent L-type calcium channel subunit alpha-1S,CACNA1S,1698403,U30707,Q13698,CAC1S_HUMAN,2VAY; 6B27,CACNA1S,CACNA1S,HGNC:1397,Humans,DB00270; DB00393; DB00401; DB00568; DB00898; DB01023; DB01054; DB04855; DB04920; DB09090
2356,Voltage-dependent L-type calcium channel subunit beta-4,CACNB4,2058727,U95020,O00305,CACB4_HUMAN,2D46,CACNB4,CACNB4,HGNC:1404,Humans,DB00393; DB04855
2357,Voltage-dependent L-type calcium channel subunit alpha-1F,CACNA1F,3183953,AJ006216,O60840,CAC1F_HUMAN,,CACNA1F,CACNA1F,HGNC:1393,Humans,DB00393; DB00568; DB04855; DB04920
2358,Voltage-dependent L-type calcium channel subunit beta-3,CACNB3,435135,X76555,P54284,CACB3_HUMAN,7MIX; 7MIY; 7UHF; 7UHG; 8E59; 8E5A; 8E5B; 8EPL; 8FHS; 8WE6; 8WE7; 8WE8; 8WE9; 8X90; 8X91; 8X93,CACNB3,CACNB3,HGNC:1403,Humans,DB00393; DB04855
2359,Voltage-dependent L-type calcium channel subunit alpha-1D,CACNA1D,179764,M76558,Q01668,CAC1D_HUMAN,3LV3; 7UHF; 7UHG; 8E59; 8E5A; 8E5B,CACNA1D,CACNA1D,HGNC:1391,Humans,DB00270; DB00393; DB00401; DB00568; DB00622; DB00898; DB01023; DB01054; DB01115; DB04855; DB04920; DB06712; DB09237; DB09238
2360,Dihydropteroate synthetase,,505177,Z30658,Q27738,Q27738_PLAFA,,,,,Plasmodium falciparum,DB00359; DB00664; DB01145; DB01299; DB06147
2361,Probable pyruvate-flavodoxin oxidoreductase,ydbK,1787642,U00096,P52647,NIFJ_ECOLI,,,,,Escherichia coli (strain K12),DB00698
2362,Cytochrome P450 3A5,CYP3A5,181346,J04813,P20815,CP3A5_HUMAN,5VEU,CYP3A5,CYP3A5,HGNC:2638,Humans,DB09065
2363,Cytochrome P450 2D6,CYP2D6,181350,M20403,P10635,CP2D6_HUMAN,2F9Q; 3QM4; 3TBG; 3TDA; 4WNT; 4WNU; 4WNV; 4WNW; 4XRY; 4XRZ; 5TFT; 5TFU; 6CSB; 6CSD,CYP2D6,CYP2D6,HGNC:2625,Humans,DB01437
2365,Histone deacetylase 1,HDAC1,1277084,U50079,Q13547,HDAC1_HUMAN,4BKX; 5ICN; 6Z2J; 6Z2K; 7AO8; 7AO9; 7AOA; 7SME,HDAC1,HDAC1,HGNC:4852,Humans,DB02546; DB06176; DB06603; DB06819; DB12645
2366,Histone deacetylase 2,HDAC2,1667394,U31814,Q92769,HDAC2_HUMAN,3MAX; 4LXZ; 4LY1; 5IWG; 5IX0; 6G3O; 6WBW; 6WBZ; 6WHN; 6WHO; 6WHQ; 6WHZ; 6WI3; 6XDM; 6XEB; 6XEC; 7JS8; 7KBG; 7KBH; 7LTG; 7LTK; 7LTL; 7MOS; 7MOT; 7MOX; 7MOY; 7MOZ; 7ZZO; 7ZZP; 7ZZR; 7ZZS; 7ZZT; 7ZZU; 7ZZW; 8A0B; 8BPA; 8BPB; 8BPC; 8C60,HDAC2,HDAC2,HGNC:4853,Humans,DB00277; DB01223; DB01303; DB02546; DB06176; DB09091
2367,Histone deacetylase 3,HDAC3,2326173,U66914,O15379,HDAC3_HUMAN,4A69,HDAC3,HDAC3,HGNC:4854,Humans,DB02546
2368,Histone deacetylase 6,HDAC6,4754911,AF132609,Q9UBN7,HDAC6_HUMAN,3C5K; 3GV4; 3PHD; 5B8D; 5EDU; 5KH3; 5KH7; 5KH9; 5WBN; 5WPB; 6CE6; 6CE8; 6CEA; 6CEC; 6CED; 6CEE; 6CEF; 7ZYU; 8G43; 8G44; 8G45,HDAC6,HDAC6,HGNC:14064,Humans,DB02546
2370,Calcitonin gene-related peptide 2,CALCB,,BC092468,P10092,CALCB_HUMAN,,CALCB,CALCB,HGNC:1438,Humans,DB14040; DB14041; DB14042
2371,Neuromedin-K receptor,TACR3,,M89473,P29371,NK3R_HUMAN,8JBF,TACR3,TACR3,HGNC:11528,Humans,DB15669
2372,Protein farnesyltransferase subunit beta,FNTB,,L00635,P49356,FNTB_HUMAN,1JCQ; 1LD7; 1LD8; 1MZC; 1S63; 1SA4; 1TN6; 2F0Y; 2H6F; 2H6G; 2H6H; 2H6I; 2IEJ; 3E37,FNTB,FNTB,HGNC:3785,Humans,DB06448
2373,Protein farnesyltransferase/geranylgeranyltransferase type-1 subunit alpha,FNTA,,L10413,P49354,FNTA_HUMAN,1JCQ; 1LD7; 1LD8; 1MZC; 1S63; 1SA4; 1TN6; 2F0Y; 2H6F; 2H6G; 2H6H; 2H6I; 2IEJ; 3E37,FNTA,FNTA,HGNC:3782,Humans,DB06448
2375,Prostaglandin E2 receptor EP3 subtype,PTGER3,,S69200,P43115,PE2R3_HUMAN,6AK3; 6M9T; 7WU9; 8GDC,PTGER3,PTGER3,HGNC:9595,Humans,DB00770; DB00905; DB00917; DB00929; DB08964; DB11113; DB12789
2379,"Phosphatidylinositol 4,5-bisphosphate 3-kinase catalytic subunit alpha isoform",PIK3CA,,Z29090,P42336,PK3CA_HUMAN,2ENQ; 2RD0; 3HHM; 3HIZ; 3ZIM; 4JPS; 4L1B; 4L23; 4L2Y; 4OVU; 4OVV; 4TUU; 4TV3; 4WAF; 4YKN; 4ZOP; 5DXH; 5DXT; 5FI4; 5ITD; 5SW8; 5SWG; 5SWO; 5SWP; 5SWR; 5SWT; 5SX8; 5SX9; 5SXA; 5SXB; 5SXC; 5SXD; 5SXE; 5SXF; 5SXI; 5SXJ; 5SXK; 5UBR; 5UK8; 5UKJ; 5UL1; 5XGH; 5XGI; 5XGJ; 6GVF; 6GVG; 6GVH; 6GVI; 6NCT; 6OAC; 6PYS; 6VO7; 7JIU; 7K6M; 7K6N; 7K6O; 7K71; 7L1B; 7L1C; 7L1D; 7MLK; 7MYN; 7MYO; 7PG5; 7PG6; 7R9V; 7R9Y; 7RRG; 7TZ7; 8AM0; 8BFU; 8DCP; 8DCX; 8DD4; 8DD8; 8EXL; 8EXO; 8EXU; 8EXV; 8GUA; 8GUB; 8GUD; 8ILR; 8ILS; 8ILV; 8OW2; 8SBC; 8SBJ; 8TDU; 8TGD; 8TS7; 8TS8; 8TS9; 8TSA; 8TSB; 8TSC; 8TSD; 8TU6; 8TWY; 8V8H; 8V8I; 8V8J; 8V8U; 8V8V; 8W9A; 8W9B,PIK3CA,PIK3CA,HGNC:8975,Humans,DB12015; DB12483; DB15275
2386,Serine/threonine-protein kinase mTOR,MTOR,,L34075,P42345,MTOR_HUMAN,1AUE; 1FAP; 1NSG; 2FAP; 2GAQ; 2NPU; 2RSE; 3FAP; 3JBZ; 4DRH; 4DRI; 4DRJ; 4FAP; 4JSN; 4JSP; 4JSV; 4JSX; 4JT5; 4JT6; 5FLC; 5GPG; 5H64; 5WBH; 5WBU; 5WBY; 5ZCS; 6BCU; 6BCX; 6M4U; 6M4W; 6SB0; 6SB2; 6ZWM; 6ZWO; 7EPD; 7OWG; 7PE7; 7PE8; 7PE9; 7PEA; 7PEB; 7PEC; 7TZO; 7UXC; 7UXH; 8ER6; 8ER7; 8ERA; 8PPZ; 9F44; 9F45,MTOR,FRAP1,HGNC:3942,Humans,DB00337; DB00877; DB01590; DB06287; DB11978
2387,Nuclear factor NF-kappa-B p100 subunit,NFKB2,,X61498,Q00653,NFKB2_HUMAN,1A3Q; 2D96; 3DO7; 4OT9; 5ZMC; 7CLI; 7VUP; 7VUQ; 7W7L; 8G8Q; 8G8S,NFKB2,NFKB2,HGNC:7795,Humans,DB06439; DB13063
2388,DNA gyrase subunit B,gyrB,,X71437,P0A0K8,GYRB_STAAU,3G75; 3G7B; 3TTZ; 3U2D; 3U2K; 4PLB; 4URM; 4URO; 5BS3; 5D7D; 5D7R,,,,Staphylococcus aureus,DB00218; DB00365; DB00537; DB00685; DB01044; DB01051; DB01059; DB01137; DB01155; DB01165; DB01208; DB06771; DB09047; DB12924
2389,Rhesus blood group D antigen,RHD,150246790,AM491130,A6PZ59,A6PZ59_HUMAN,,,,,Humans,DB11597
2391,MecA,mecA,,AB063172,Q7DHH4,Q7DHH4_STAAU,,,,,Staphylococcus aureus,DB04918; DB14733
2392,Penicillin-binding protein 2x,pbpX,,AE005672,P14677,PBPX_STRPN,1PMD; 1QME; 1QMF; 1RP5; 2Z2L; 2Z2M; 2ZC3; 2ZC4,,,,Streptococcus pneumoniae serotype 4 (strain ATCC BAA-334 / TIGR4),DB01150; DB04918
2393,Peptidoglycan synthase FtsI,ftsI,,K00137,P0AD68,FTSI_ECOLI,,,,,Escherichia coli (strain K12),DB00229; DB00267; DB00274; DB00303; DB00355; DB00430; DB00438; DB00948; DB01053; DB01327; DB01328; DB01329; DB01331; DB01413; DB01415; DB01416; DB04570; DB16335
2396,Voltage-dependent calcium channel subunit alpha-2/delta-2,CACNA2D2,,AJ251368,Q9NY47,CA2D2_HUMAN,,CACNA2D2,CACNA2D2,HGNC:1400,Humans,DB00270; DB01244
2398,Potassium voltage-gated channel subfamily KQT member 3,KCNQ3,,AF071491,O43525,KCNQ3_HUMAN,5J03,KCNQ3,KCNQ3,HGNC:6297,Humans,DB04953
2402,Small ribosomal subunit protein uS2,RPSA,,J03799,P08865,RSSA_HUMAN,3BCH; 4UG0; 4V6X; 5A2Q; 5AJ0; 5FLX; 5LKS; 5OA3; 5T2C; 5VYC; 6FEC; 6G18; 6G4S; 6G51; 6G53; 6G5H; 6G5I; 6IP5; 6IP6; 6IP8; 6OLE; 6OLF; 6OLG; 6OLI; 6OLZ; 6OM0; 6OM7; 6QZP; 6XA1; 6Y0G; 6Y2L; 6Y57; 6YBD; 6YBW; 6Z6L; 6Z6M; 6Z6N; 6ZLW; 6ZM7; 6ZME; 6ZMI; 6ZMO; 6ZMT; 6ZMW; 6ZN5; 6ZOJ; 6ZOK; 6ZON; 6ZP4; 6ZUO; 6ZV6; 6ZVH; 6ZVJ; 6ZXD; 6ZXE; 6ZXF; 6ZXG; 6ZXH; 7A09; 7K5I; 7QP6; 7QP7; 7QVP; 7R4X; 7TQL; 7WTV; 7WTW; 7WTX; 7WTZ; 7WU0; 7XNX; 7XNY; 8G5Y; 8G5Z; 8G60; 8G61; 8G6J; 8GLP; 8IFD; 8IFE; 8JDJ; 8JDK; 8JDL; 8JDM; 8K2C; 8OZ0; 8PJ1; 8PJ2; 8PJ3; 8PJ4; 8PJ5; 8PJ6; 8PPK; 8PPL; 8QOI; 8RG0; 8T4S; 8XSX; 8XSY; 8XSZ; 8XXL; 8XXM; 8XXN; 8Y0W; 8Y0X; 8YOO; 8YOP; 9BKD; 9BLN,RPSA,RPSA,HGNC:6502,Humans,DB01421
2403,RNA-dependent RNA-polymerase,NS5b,,Z97730,O39930,O39930_9HEPC,,,,,Hepatitis C Virus,DB08934
2406,"Phosphatidylinositol 4,5-bisphosphate 3-kinase catalytic subunit delta isoform",PIK3CD,,Y10055,O00329,PK3CD_HUMAN,5DXU; 5M6U; 5T8F; 5UBT; 5VLR; 6G6W; 6OCO; 6OCU; 6PYR; 6PYU; 7JIS; 7LM2; 7LQ1; 8BCY; 8S3R,PIK3CD,PIK3CD,HGNC:8977,Humans,DB09054; DB11952; DB12483; DB14989; DB16217
2408,Tyrosine-protein kinase JAK2,JAK2,,AF058925,O60674,JAK2_HUMAN,2B7A; 2W1I; 2XA4; 3E62; 3E63; 3E64; 3FUP; 3IO7; 3IOK; 3JY9; 3KCK; 3KRR; 3LPB; 3Q32; 3RVG; 3TJC; 3TJD; 3UGC; 3ZMM; 4AQC; 4BBE; 4BBF; 4C61; 4C62; 4D0W; 4D0X; 4D1S; 4E4M; 4E6D; 4E6Q; 4F08; 4F09; 4FVP; 4FVQ; 4FVR; 4GFM; 4GMY; 4HGE; 4IVA; 4JI9; 4JIA; 4P7E; 4YTC; 4YTF; 4YTH; 4YTI; 4Z32; 4ZIM; 5AEP; 5CF4; 5CF5; 5CF6; 5CF8; 5HEZ; 5I4N; 5L3A; 5TQ3; 5TQ4; 5TQ5; 5TQ6; 5TQ7; 5TQ8; 5USY; 5USZ; 5UT0; 5UT1; 5UT2; 5UT3; 5UT4; 5UT5; 5UT6; 5WEV; 5WIJ; 5WIK; 5WIL; 5WIM; 5WIN; 6AAJ; 6BBV; 6BRW; 6BS0; 6BSS; 6D2I; 6DRW; 6E2P; 6E2Q; 6G3C; 6M9H; 6OAV; 6OBB; 6OBF; 6OBL; 6OCC; 6TPD; 6VGL; 6VN8; 6VNB; 6VNC; 6VNE; 6VNF; 6VNG; 6VNH; 6VNI; 6VNJ; 6VNK; 6VNL; 6VNM; 6VS3; 6VSN; 6WTN; 6WTO; 6WTP; 6WTQ; 6X8E; 6XJK; 7F7W; 7JYO; 7JYQ; 7LL4; 7LL5; 7Q7I; 7Q7K; 7Q7L; 7Q7W; 7REE; 7RN6; 7SZW; 7T0P; 7T1T; 7TEU; 7UYW; 8B8N; 8B8U; 8B99; 8B9E; 8B9H; 8BA2; 8BA3; 8BA4; 8BAB; 8BAK; 8BM2; 8BPV; 8BPW; 8BX6; 8BX9; 8BXC; 8BXH; 8C08; 8C09; 8C0A; 8CZ9; 8EX0; 8EX1; 8EX2; 8EXK; 8EYA; 8EYB; 8F88; 8G6Z; 8G8O; 8G8X,JAK2,JAK2,HGNC:6192,Humans,DB08877; DB08895; DB11697; DB11763; DB11817; DB12500; DB12645; DB13245; DB14973
2411,Proto-oncogene tyrosine-protein kinase receptor Ret,RET,,X12949,P07949,RET_HUMAN,2IVS; 2IVT; 2IVU; 2IVV; 2X2K; 2X2L; 2X2M; 2X2U; 4CKI; 4CKJ; 4UX8; 5AMN; 5FM2; 5FM3; 6FEK; 6GL7; 6I82; 6I83; 6NE7; 6NEC; 6NJA; 6Q2J; 6Q2N; 6Q2O; 6Q2R; 6Q2S; 6VHG; 7DU8; 7DU9; 7DUA; 7JU5; 7JU6; 7NZN; 7RUN,RET,RET,HGNC:9967,Humans,DB00398; DB00619; DB05294; DB08875; DB08896; DB09078; DB15685; DB15822
2417,Protein kinase C delta type,PRKCD,,L07860,Q05655,KPCD_HUMAN,1YRK; 2YUU,PRKCD,PRKCD,HGNC:9399,Humans,DB05013
2420,Interleukin-4 receptor subunit alpha,IL4R,,X52425,P24394,IL4RA_HUMAN,1IAR; 1IRS; 3BPL; 3BPN; 3BPO; 5E4E; 6OEL; 6WGL; 8K4Q,IL4R,IL4R,HGNC:6015,Humans,DB12159
2422,Alpha-galactosidase A,GLA,,X05790,P06280,AGAL_HUMAN,1R46; 1R47; 3GXN; 3GXP; 3GXT; 3HG2; 3HG3; 3HG4; 3HG5; 3LX9; 3LXA; 3LXB; 3LXC; 3S5Y; 3S5Z; 3TV8; 4NXS; 6IBK; 6IBM; 6IBR; 6IBT; 8K7D; 8K7E; 8K7F; 8K7G; 8K7H; 8K7I; 8K7J; 8K7K; 8K7L; 9AVS,GLA,GLA,HGNC:4296,Humans,DB05018; DB14992
2425,DNA topoisomerase 2-beta,TOP2B,,X68060,Q02880,TOP2B_HUMAN,3QX3; 4G0U; 4G0V; 4G0W; 4J3N; 5GWI; 5GWJ; 5ZAD; 5ZEN; 5ZQF; 5ZRF; 7QFN; 7QFO; 7YQ8; 7ZBG; 8KE7,TOP2B,TOP2B,HGNC:11990,Humans,DB00276; DB00380; DB00385; DB00444; DB00445; DB00467; DB00487; DB00694; DB00779; DB00817; DB00827; DB00978; DB00997; DB01051; DB01177; DB01179; DB01204; DB06193
2426,Atrial natriuretic peptide receptor 3,NPR3,,X52282,P17342,ANPRC_HUMAN,1JDN; 1JDP; 1YK0; 1YK1,NPR3,NPR3,HGNC:7945,Humans,DB04899
2432,Sphingosine 1-phosphate receptor 5,S1PR5,,AF331840,Q9H228,S1PR5_HUMAN,7EW1; 7YXA,S1PR5,EDG8,HGNC:14299,Humans,DB08868; DB12612; DB14766
2436,Histamine N-methyltransferase,HNMT,,D16224,P50135,HNMT_HUMAN,1JQD; 1JQE; 2AOT; 2AOU; 2AOV; 2AOW; 2AOX,HNMT,HNMT,HGNC:5028,Humans,DB00613; DB01075
2437,Carbonic anhydrase 9,CA9,,X66839,Q16790,CAH9_HUMAN,2HKF; 3IAI; 5DVX; 5FL4; 5FL5; 5FL6; 6FE0; 6FE1; 6FE2; 6G98; 6G9U; 6QN2; 6QN5; 6QN6; 6QUT; 6RQN; 6RQQ; 6RQU; 6RQW; 6TL5; 6TL6; 6Y74; 7POM; 8CO0; 8Q18; 8Q19; 8Q1A,CA9,CA9,HGNC:1383,Humans,DB03255; DB11672; DB14086
2438,Interleukin-13,IL13,,X69079,P35225,IL13_HUMAN,1GA3; 1IJZ; 1IK0; 3BPO; 3G6D; 3L5W; 3L5X; 3LB6; 4I77; 4PS4; 5E4E; 5L6Y; 8BLQ,IL13,IL13,HGNC:5973,Humans,DB11914; DB12159; DB12169
2440,Plasma kallikrein,KLKB1,,M13143,P03952,KLKB1_HUMAN,2ANW; 2ANY; 4OGX; 4OGY; 5F8T; 5F8X; 5F8Z; 5TJX; 6I44; 6O1G; 6O1S; 6T7P; 7N7X; 7QOX; 8A3Q; 8FGX,KLKB1,KLKB1,HGNC:6371,Humans,DB05311; DB06404; DB09228; DB14597; DB15982
2441,ATP-sensitive inward rectifier potassium channel 8,KCNJ8,,D50312,Q15842,KCNJ8_HUMAN,,KCNJ8,KCNJ8,HGNC:6269,Humans,DB00922; DB01154; DB01251
2442,Toll-like receptor 4,TLR4,,U93091,O00206,TLR4_HUMAN,2Z62; 2Z63; 2Z65; 2Z66; 3FXI; 3UL7; 3UL8; 3UL9; 3ULA; 4G8A; 5NAM; 5NAO,TLR4,TLR4,HGNC:11850,Humans,DB03017; DB13615
2443,Cytidine deaminase,CDA,,L27943,P32320,CDD_HUMAN,1MQ0,CDA,CDA,HGNC:1712,Humans,DB15694
2446,Epithelial cell adhesion molecule,EPCAM,,M32325,P16422,EPCAM_HUMAN,4MZV; 6I07,EPCAM,TACSTD1,HGNC:11529,Humans,DB09336
2447,Melanocyte-stimulating hormone receptor,MC1R,,X65634,Q01726,MSHR_HUMAN,7F4D; 7F4F; 7F4H; 7F4I,MC1R,MC1R,HGNC:6929,Humans,DB04931; DB11653
2449,Telomerase reverse transcriptase,TERT,,AF015950,O14746,TERT_HUMAN,2BCK; 4B18; 4MNQ; 5MEN; 5MEO; 5MEP; 5MEQ; 5MER; 5UGW; 7BG9; 7QXA; 7QXB; 7QXS; 7TRD; 7TRE; 7TRF; 7V99,TERT,TERT,HGNC:11730,Humans,DB00544; DB00997; DB04115; DB14909
2450,Ribonucleoside-diphosphate reductase subunit M2,RRM2,,X59618,P31350,RIR2_HUMAN,2UW2; 3OLJ; 3VPM; 3VPN; 3VPO,RRM2,RRM2,HGNC:10452,Humans,DB00242; DB00441; DB00631; DB01005
2458,Plasma protease C1 inhibitor,SERPING1,,X54486,P05155,IC1_HUMAN,2OAY; 5DU3; 5DUQ; 7AKV; 8W18,SERPING1,SERPING1,HGNC:1228,Humans,DB00203
2464,50S ribosomal protein L22,rplV,,AE005174,P61177,RL22_ECO57,,,,,Escherichia coli O157:H7,DB01369
2477,Carcinoembryonic antigen,,,Z21818,Q14081,Q14081_HUMAN,,,,,Humans,DB13979
2481,Granulocyte-macrophage colony-stimulating factor,CSF2,,M13207,P04141,CSF2_HUMAN,1CSG; 2GMF; 4NKQ; 4RS1; 5C7X; 5D70; 5D71; 5D72; 6BFQ; 6BFS,CSF2,CSF2,HGNC:2434,Humans,DB13896
9086,Cyclopropane mycolic acid synthase 3,pcaA,,,P9WPB3,CMAS3_MYCTU,1L1E,,,,Mycobacterium tuberculosis,DB05154
2638,Cytochrome P450 3A4,CYP3A4,,M18907,P08684,CP3A4_HUMAN,1TQN; 1W0E; 1W0F; 1W0G; 2J0D; 2V0M; 3NXU; 3TJS; 3UA1; 4D6Z; 4D75; 4D78; 4D7D; 4I3Q; 4I4G; 4I4H; 4K9T; 4K9U; 4K9V; 4K9W; 4K9X; 4NY4; 5A1P; 5A1R; 5G5J; 5TE8; 5VC0; 5VCC; 5VCD; 5VCE; 5VCG; 6BCZ; 6BD5; 6BD6; 6BD7; 6BD8; 6BDH; 6BDI; 6BDK; 6BDM; 6OO9; 6OOA; 6OOB; 7KS8; 7KSA; 7KVH; 7KVI; 7KVJ; 7KVK; 7KVM; 7KVN; 7KVO; 7KVP; 7KVQ; 7KVS; 7LXL; 7UAY; 7UAZ; 7UF9; 7UFA; 7UFB; 7UFC; 7UFD; 7UFE; 7UFF; 8DYC; 8EWD; 8EWE; 8EWL; 8EWM; 8EWN; 8EWP; 8EWQ; 8EWR; 8EWS; 8EXB; 8SO1; 8SO2; 9BBB,CYP3A4,CYP3A4,HGNC:2637,Humans,DB09065; DB11672
2639,Pancreatic alpha-amylase,AMY2A,,M18785,P04746,AMYP_HUMAN,1B2Y; 1BSI; 1CPU; 1HNY; 1KB3; 1KBB; 1KBK; 1KGU; 1KGW; 1KGX; 1U2Y; 1U30; 1U33; 1XCW; 1XCX; 1XD0; 1XD1; 1XGZ; 1XH0; 1XH1; 1XH2; 2CPU; 2QMK; 2QV4; 3BAI; 3BAJ; 3BAK; 3BAW; 3BAX; 3BAY; 3CPU; 3IJ7; 3IJ8; 3IJ9; 3OLD; 3OLE; 3OLG; 3OLI; 4GQQ; 4GQR; 4W93; 4X9Y; 5E0F; 5EMY; 5KEZ; 5TD4; 5U3A; 5VA9; 6OBX; 6OCN; 6Z8L,AMY2A,AMY2A,HGNC:477,Humans,DB00284; DB03088
2674,Pyruvate synthase,por,,Y09702,P94692,POR_DESAF,1B0P; 1KEK; 2C3M; 2C3O; 2C3P; 2C3U; 2C3Y; 2C42; 2PDA; 2UZA,,,,Desulfovibrio africanus,DB00507
2705,Liver carboxylesterase 1,CES1,,M73499,P23141,EST1_HUMAN,1MX1; 1MX5; 1MX9; 1YA4; 1YA8; 1YAH; 1YAJ; 2DQY; 2DQZ; 2DR0; 2H7C; 2HRQ; 2HRR; 3K9B; 4AB1; 5A7F; 5A7G; 5A7H; 8EOR,CES1,CES1,HGNC:1863,Humans,DB02659; DB14020
2793,Cytochrome P450 2C9,CYP2C9,,AY341248,P11712,CP2C9_HUMAN,1OG2; 1OG5; 1R9O; 4NZ2; 5A5I; 5A5J; 5K7K; 5W0C; 5X23; 5X24; 5XXI; 6VLT; 7RL2; 8VX0; 8VZ7,CYP2C9,CYP2C9,HGNC:2623,Humans,DB06729
2804,Deoxycytidine kinase,DCK,,M60527,P27707,DCK_HUMAN,1P5Z; 1P60; 1P61; 1P62; 2A2Z; 2A30; 2A7Q; 2NO0; 2NO1; 2NO6; 2NO7; 2NO9; 2NOA; 2QRN; 2QRO; 2ZI3; 2ZI4; 2ZI5; 2ZI6; 2ZI7; 2ZI9; 2ZIA; 3HP1; 3IPX; 3IPY; 3KFX; 3MJR; 3QEJ; 3QEN; 3QEO; 4JLJ; 4JLK; 4JLM; 4JLN; 4KCG; 4L5B; 4Q18; 4Q19; 4Q1A; 4Q1B; 4Q1C; 4Q1D; 4Q1E; 4Q1F; 5MQJ; 5MQL; 5MQT; 7ZI1; 7ZI2; 7ZI3; 7ZI5; 7ZI6; 7ZI7; 7ZI8; 7ZI9; 7ZIA; 7ZIB; 8OOJ,DCK,DCK,HGNC:2704,Humans,DB01073
9851,Beta-lactamase,,,,Q939N4,Q939N4_ECOLX,1YLW,,,,Escherichia coli,DB09060; DB12107; DB12377; DB16704
9854,Beta-lactamase,blaCTX-M-14,,,Q9L5C7,Q9L5C7_ECOLX,1YLT; 1YLY; 1YLZ; 4XXR; 5TW6; 5TWD; 5TWE; 5VTH; 6BT6; 6MD8; 6MIA,,,,Escherichia coli,DB09060; DB12107; DB12377; DB16704
9857,Beta-lactamase,blaCTX-M-27,,,Q840M4,Q840M4_ECOLX,1YLP,,,,Escherichia coli,DB09060; DB12107; DB12377; DB16704
2838,Envelope glycoprotein gp160,env,,M21098,P12488,ENV_HV1BN,1IM7; 1J8N; 1J8Z; 1J9V; 1JAA; 1JAR; 1JC8; 1JCP,,,,HIV-1,DB11796
2859,Interleukin-6 receptor subunit alpha,IL6R,,X12830,P08887,IL6RA_HUMAN,1N26; 1P9M; 2ARW; 5FUC; 7DC8; 8D82; 8IOW; 8QY5; 8QY6,IL6R,IL6R,HGNC:6019,Humans,DB06273; DB11767; DB15762
3148,Placenta growth factor,PGF,,BC007255,P49763,PLGF_HUMAN,1FZV; 1RV6,PGF,PGF,HGNC:8893,Humans,DB08885
3201,Annexin A3,ANXA3,,M20560,P12429,ANXA3_HUMAN,1AII; 1AXN,ANXA3,ANXA3,HGNC:541,Humans,DB00591; DB09095
3309,Parathyroid hormone,PTH,,V00597,P01270,PTHY_HUMAN,1BWX; 1ET1; 1FVY; 1HPH; 1HPY; 1HTH; 1ZWA; 1ZWB; 1ZWD; 1ZWE; 1ZWF; 1ZWG; 2L1X; 3C4M; 7VVK; 7VVL; 7VVM; 7VVN; 7VVO; 7Y36; 8FLQ; 8HA0; 8HAO; 8T5F,PTH,PTH,HGNC:9606,Humans,DB06285
3327,Riboflavin synthase,ribC,,X69109,P0AFU8,RISA_ECOLI,1HZE; 1I18; 1I8D; 1PKV,,,,Escherichia coli (strain K12),DB00140
3336,Cytochrome P450 2A6,CYP2A6,,X13897,P11509,CP2A6_HUMAN,1Z10; 1Z11; 2FDU; 2FDV; 2FDW; 2FDY; 3EBS; 3T3Q; 3T3R; 4EJJ; 4RUI,CYP2A6,CYP2A6,HGNC:2610,Humans,DB00553
3346,Calpain-1 catalytic subunit,CAPN1,,X04366,P07384,CAN1_HUMAN,1ZCM; 2ARY; 7W7O; 7X79; 8GX3,CAPN1,CAPN1,HGNC:1476,Humans,DB11117
3376,Leptin receptor,LEPR,,U43168,P48357,LEPR_HUMAN,3V6O; 6E2P; 7Z3Q; 8AVE; 8AVF; 8AVO; 8X80; 8X81; 8X85,LEPR,LEPR,HGNC:6554,Humans,DB09046
3379,Angiopoietin-1 receptor,TEK,,L06139,Q02763,TIE2_HUMAN,1FVR; 2GY5; 2GY7; 2OO8; 2OSC; 2P4I; 2WQB; 3BEA; 3L8P; 4K0V; 4X3J; 5MYA; 5MYB; 5UTK; 6MWE; 7E72,TEK,TEK,HGNC:11724,Humans,DB08896; DB14840
3383,Growth hormone secretagogue receptor type 1,GHSR,,U60179,Q92847,GHSR_HUMAN,6KO5; 7F9Y; 7F9Z; 7NA7; 7NA8; 7W2Z,GHSR,GHSR,HGNC:4267,Humans,DB13074
3390,Mitogen-activated protein kinase 11,MAPK11,,U53442,Q15759,MK11_HUMAN,3GC8; 3GC9; 3GP0; 8YGW,MAPK11,MAPK11,HGNC:6873,Humans,DB08896
3392,Amyloid-beta precursor protein,APP,,X06989,P05067,A4_HUMAN,1AAP; 1AMB; 1AMC; 1AML; 1BA4; 1BA6; 1BJB; 1BJC; 1BRC; 1CA0; 1HZ3; 1IYT; 1MWP; 1OWT; 1QCM; 1QWP; 1QXC; 1QYT; 1TAW; 1TKN; 1X11; 1Z0Q; 1ZE7; 1ZE9; 1ZJD; 2BEG; 2BP4; 2FJZ; 2FK1; 2FK2; 2FK3; 2FKL; 2FMA; 2G47; 2IPU; 2LFM; 2LLM; 2LMN; 2LMO; 2LMP; 2LMQ; 2LNQ; 2LOH; 2LP1; 2LZ3; 2LZ4; 2M4J; 2M9R; 2M9S; 2MGT; 2MJ1; 2MPZ; 2MVX; 2MXU; 2NAO; 2OTK; 2R0W; 2WK3; 2Y29; 2Y2A; 2Y3J; 2Y3K; 2Y3L; 3AYU; 3BAE; 3BKJ; 3DXC; 3DXD; 3DXE; 3GCI; 3IFL; 3IFN; 3IFO; 3IFP; 3JQ5; 3JQL; 3JTI; 3KTM; 3L33; 3L81; 3MOQ; 3MXC; 3MXY; 3NYJ; 3NYL; 3OVJ; 3OW9; 3PZZ; 3Q2X; 3SV1; 3U0T; 3UMH; 3UMI; 3UMK; 4HIX; 4JFN; 4M1C; 4MDR; 4MVI; 4MVK; 4MVL; 4NGE; 4OJF; 4ONF; 4ONG; 4PQD; 4PWQ; 4XXD; 5AEF; 5AM8; 5AMB; 5BUO; 5C67; 5CSZ; 5HOW; 5HOX; 5HOY; 5KK3; 5LFY; 5LV0; 5MY4; 5MYO; 5MYX; 5ONP; 5ONQ; 5OQV; 5TXD; 5VOS; 5VZY; 5W3P; 6CO3; 6GFI; 6ITU; 6IYC; 6NB9; 6O4J; 6OC9; 6OIZ; 6RHY; 6SHS; 6SZF; 6TI5; 6TI6; 6TI7; 6W0O; 6WXM; 6XOV; 6YHF; 6YHI; 6YHO; 6YHP; 6YHX; 7B3J; 7B3K; 7E6P; 7F29; 7JXN; 7JXO; 7O1Q; 7OW1; 7OXN; 7Q4B; 7Q4M; 7RTZ; 7U4P; 7WFY; 7WVY; 7Y3J; 7Y8Q; 8AZS; 8AZT; 8B9Q; 8B9R; 8BFA; 8BFB; 8BFZ; 8BG0; 8C3H; 8EZD; 8EZE; 8FF2; 8FF3; 8H8Q; 8I4O; 8KEW; 8KF1; 8KF3; 8KF4; 8KF5; 8KF6; 8OL2; 8OL3; 8OL5; 8OL6; 8OL7; 8OLG; 8OLN; 8OLO; 8OLQ; 8OT1; 8OT3; 8OT4; 8OTF; 8OVK; 8OVM; 8OWD; 8OWE; 8OWJ; 8OWK; 8QN6; 8QN7; 8SEJ; 8SEK; 8SEL; 8T82; 8T89; 8X52; 8X53; 8X54,APP,APP,HGNC:620,Humans,DB09148; DB09149; DB09151; DB11672; DB12274; DB14580
3395,Penicillin-binding protein 1A,ponA,,X67873,Q04707,PBPA_STRPN,2ZC5; 2ZC6,,,,Streptococcus pneumoniae serotype 4 (strain ATCC BAA-334 / TIGR4),DB01150
3399,Free fatty acid receptor 4,FFAR4,,AY288417,Q5NUL3,FFAR4_HUMAN,8G59; 8H4I; 8H4K; 8H4L; 8ID3; 8ID4; 8ID6; 8ID8; 8ID9; 8IYS; 8T3O; 8T3Q,FFAR4,GPR120,HGNC:19061,Humans,DB13961
3400,Tubulin beta-2A chain,TUBB2A,,X79535,Q13885,TBB2A_HUMAN,7NVN; 8V3O; 8V3P,TUBB2A,TUBB2A,HGNC:12412,Humans,DB00570
3405,Folate receptor alpha,FOLR1,,M28099,P15328,FOLR1_HUMAN,4KM6; 4KM7; 4KMX; 4LRH; 5IZQ,FOLR1,FOLR1,HGNC:3791,Humans,DB00205; DB12489; DB15413
3407,Carboxypeptidase B2,CPB2,,M75106,Q96IY4,CBPB2_HUMAN,3D66; 3D67; 3D68; 3LMS; 4P10; 5HVF; 5HVG; 5HVH; 7NEE; 7NEU,CPB2,CPB2,HGNC:2300,Humans,DB11311
3409,Gamma-secretase subunit APH-1A,APH1A,,AF508787,Q96BI3,APH1A_HUMAN,5A63; 5FN2; 5FN3; 5FN4; 5FN5; 6IDF; 6IYC; 6LQG; 6LR4; 7C9I; 7D8X; 7Y5T; 7Y5X; 7Y5Z; 8IM7; 8K8E; 8KCO; 8KCP; 8KCS; 8KCT; 8KCU; 8X52; 8X53; 8X54,APH1A,APH1A,HGNC:29509,Humans,DB12005
3410,Gamma-secretase subunit PEN-2,PSENEN,,AF220053,Q9NZ42,PEN2_HUMAN,5A63; 5FN2; 5FN3; 5FN4; 5FN5; 6IDF; 6IYC; 6LQG; 6LR4; 7C9I; 7D8X; 7Y5T; 7Y5X; 7Y5Z; 8IM7; 8K8E; 8KCO; 8KCP; 8KCS; 8KCT; 8KCU; 8OQY; 8OQZ; 8X52; 8X53; 8X54,PSENEN,PSENEN,HGNC:30100,Humans,DB12005
3414,Integrin beta-7,ITGB7,,S80335,P26010,ITB7_HUMAN,2BRQ; 3V4P; 3V4V; 8ZJF,ITGB7,ITGB7,HGNC:6162,Humans,DB09033
3415,Interleukin-23 subunit alpha,IL23A,,AF301620,Q9NPF7,IL23A_HUMAN,3D85; 3D87; 3DUH; 3QWR; 4GRW; 5MJ3; 5MJ4; 5MXA; 5MZV; 5NJD; 6UIB; 6WDQ; 8CR8; 8OE4,IL23A,IL23A,HGNC:15488,Humans,DB11834; DB14910
3416,Transient receptor potential cation channel subfamily V member 3,TRPV3,,AJ487035,Q8NET8,TRPV3_HUMAN,6H9J; 6HA6; 6MHO; 6MHS; 6MHV; 6MHW; 6MHX; 6OT2; 6OT5; 6UW4; 6UW6; 6UW8; 6UW9; 7QQN; 7XJ0; 7XJ1; 7XJ2; 7XJ3; 8GKA; 8GKG; 8V6K; 8V6L; 8V6M; 8V6N; 8V6O,TRPV3,TRPV3,HGNC:18084,Humans,DB00825; DB01744; DB14184
3426,Type-2 angiotensin II receptor,AGTR2,,U20860,P50052,AGTR2_HUMAN,5UNF; 5UNG; 5UNH; 5XJM; 6JOD; 7C6A; 7JNI,AGTR2,AGTR2,HGNC:338,Humans,DB11842
3427,Genome polyprotein,,,M62321,P26664,POLG_HCV1,1RTL; 2A4G; 2GVF; 3EYD; 3HKW; 3KN2; 3QGH; 3QGI; 3RC4; 3RC5,,,,,DB05521; DB06290; DB08873; DB08934; DB09027; DB09102; DB09183; DB09296; DB12026
3431,Protein kinase C epsilon type,PRKCE,,X65293,Q02156,KPCE_HUMAN,2WH0; 5LIH,PRKCE,PRKCE,HGNC:9401,Humans,DB00371
3435,Growth/differentiation factor 8,MSTN,,AF019627,O14793,GDF8_HUMAN,5F3B; 5F3H; 5NTU; 5NXS; 6UMX,MSTN,MSTN,HGNC:4223,Humans,DB12118
3436,Programmed cell death protein 1,PDCD1,,L27440,Q15116,PDCD1_HUMAN,2M2D; 3RRQ; 4ZQK; 5B8C; 5GGR; 5GGS; 5IUS; 5JXE; 5WT9; 6HIG; 6J14; 6J15; 6JBT; 6JJP; 6K0Y; 6R5G; 6ROY; 6ROZ; 6UMT; 6UMU; 6UMV; 6XKR; 7BXA; 7CGW; 7CU5; 7E9B; 7VUX; 7WSL; 7WVM; 8AS0; 8EQ6; 8GY5; 8U31; 8U32,PDCD1,PDCD1,HGNC:8760,Humans,DB09035; DB09037; DB11595; DB14707; DB14922; DB15043; DB15627; DB15766
3440,Thrombopoietin receptor,MPL,,M90102,P40238,TPOR_HUMAN,8G04,MPL,MPL,HGNC:7217,Humans,DB05332; DB06210; DB11995; DB13125
3441,Programmed cell death 1 ligand 1,CD274,,BC113736,Q9NZQ7,PD1L1_HUMAN,3BIK; 3BIS; 3FN3; 3SBW; 4Z18; 4ZQK; 5C3T; 5GGT; 5GRJ; 5IUS; 5J89; 5J8O; 5JDR; 5JDS; 5N2D; 5N2F; 5NIU; 5O45; 5O4Y; 5X8L; 5X8M; 5XJ4; 5XXY; 6L8R; 6NM7; 6NM8; 6NNV; 6NOJ; 6NOS; 6NP9; 6PV9; 6R3K; 6RPG; 6VQN; 6YCR; 7BEA; 7C88; 7CZD; 7DCV; 7DY7; 7NLD; 7OUN; 7SJQ; 7TPS; 7UX5; 7UXO; 7UXP; 7UXQ; 7VUN; 7XAD; 7XAE; 7XYQ; 7YDS; 8ALX; 8AOK; 8AOM; 8JBA; 8K5N; 8OR1; 8P1O; 8R6Q; 8RPB,CD274,CD274,HGNC:17635,Humans,DB11595; DB11714; DB11945
3450,Interferon alpha-2,IFNA2,,M29883,P01563,IFNA2_HUMAN,1ITF; 1RH2; 2HYM; 2KZ1; 2LAG; 2LMS; 3S9D; 3SE3; 4YPG; 4Z5R,IFNA2,IFNA2,HGNC:5423,Humans,DB00105
3455,Complement C3,C3,,AY513239,P01024,CO3_HUMAN,1C3D; 1GHQ; 1W2S; 2A73; 2A74; 2GOX; 2I07; 2ICE; 2ICF; 2NOJ; 2QKI; 2WII; 2WIN; 2WY7; 2WY8; 2XQW; 2XWB; 2XWJ; 3D5R; 3D5S; 3G6J; 3L3O; 3L5N; 3NMS; 3OED; 3OHX; 3OXU; 3RJ3; 3T4A; 4HW5; 4HWJ; 4I6O; 4M76; 4ONT; 4ZH1; 5FO7; 5FO8; 5FO9; 5FOA; 5FOB; 5NBQ; 5O32; 5O35; 6EHG; 6RMT; 6RMU; 6RUR; 6RUV; 6S0B; 6YO6; 7AKK; 7BAG; 7NOZ; 7PI6; 7QIV; 7TV9; 7UE9; 7ZGK; 8ENU; 8EOK; 8HK2; 8I9L; 8OQ3; 8OVB; 8UH2; 8UIN,C3,C3,HGNC:1318,Humans,DB00028; DB16694
3456,T-cell surface glycoprotein CD3 delta chain,CD3D,,X01451,P04234,CD3D_HUMAN,1XIW; 6JXR; 7FJD; 7FJE; 7FJF; 7PHR; 8ES7; 8ES8; 8ES9; 8JC0; 8JCB; 8WXE; 8WY0; 8WYI; 8YC0; 9CI8; 9CIA,CD3D,CD3D,HGNC:1673,Humans,DB00075; DB09052
3457,T-cell surface glycoprotein CD3 gamma chain,CD3G,,BC113830,P09693,CD3G_HUMAN,1SY6; 6JXR; 7FJD; 7FJE; 7FJF; 7PHR; 7Q5U; 8ES7; 8ES8; 8ES9; 8JC0; 8JCB; 8WXE; 8WY0; 8WYI; 8YC0; 9CI8; 9CIA,CD3G,CD3G,HGNC:1675,Humans,DB00075
3458,T-cell surface glycoprotein CD3 zeta chain,CD247,,BC025703,P20963,CD3Z_HUMAN,1TCE; 1YGR; 2HAC; 2OQ1; 3IK5; 3IOZ; 4XZ1; 6JXR; 7FJD; 7FJE; 7FJF; 7PHR; 8ES7; 8ES8; 8ES9; 8J8I; 8JC0; 8JCB; 8WXE; 8WY0; 8WYI; 8YC0; 9CI8; 9CIA,CD247,CD247,HGNC:1677,Humans,DB00075
3462,Signal transducer and activator of transcription 3,STAT3,,AF029311,P40763,STAT3_HUMAN,5AX3; 5U5S; 6NJS; 6NUQ; 6QHD; 6TLC,STAT3,STAT3,HGNC:11364,Humans,DB00459; DB00482
3471,Interleukin-5 receptor subunit alpha,IL5RA,,AY642135,Q01344,IL5RA_HUMAN,1OBX; 1OBZ; 3QT2; 3VA2; 6H41; 8TLD,IL5RA,IL5RA,HGNC:6017,Humans,DB12023
3472,Activin receptor type-2A,ACVR2A,,BC069707,P27037,AVR2A_HUMAN,3Q4T; 3SOC; 4ASX; 5NH3; 7U5P,ACVR2A,ACVR2A,HGNC:173,Humans,DB12118
3474,Microtubule-associated protein tau,MAPT,,BN000503,P10636,TAU_HUMAN,1I8H; 2MZ7; 2ON9; 3OVL; 4E0M; 4E0N; 4E0O; 4FL5; 4GLR; 4NP8; 4TQE; 4Y32; 4Y3B; 4Y5I; 5DMG; 5E2V; 5E2W; 5HF3; 5K7N; 5MO3; 5MP1; 5MP3; 5MP5; 5N5A; 5N5B; 5NVB; 5O3L; 5O3O; 5O3T; 5V5B; 5V5C; 5ZIA; 5ZV3; 6BB4; 6CVJ; 6CVN; 6DC8; 6DC9; 6DCA; 6FBW; 6FI5; 6GK7; 6GK8; 6GX5; 6H06; 6HRE; 6HRF; 6LRA; 6N4P; 6NK4; 6NWP; 6NWQ; 6ODG; 6PXR; 6QJH; 6QJM; 6QJP; 6QJQ; 6TJO; 6TJX; 6VH7; 6VHA; 6VHL; 6VI3; 6XLI; 7EYC; 7KQK; 7MKF; 7MKG; 7MKH; 7NRQ; 7NRS; 7NRT; 7NRV; 7NRX; 7P65; 7P66; 7P67; 7P68; 7P6A; 7P6B; 7P6C; 7P6D; 7P6E; 7PQC; 7PQP; 7QJV; 7QJW; 7QJX; 7QJY; 7QJZ; 7QK1; 7QK2; 7QK3; 7QK5; 7QK6; 7QKF; 7QKG; 7QKH; 7QKI; 7QKJ; 7QKK; 7QKL; 7QKM; 7QKU; 7QKV; 7QKW; 7QKX; 7QKY; 7QKZ; 7QL0; 7QL1; 7QL2; 7QL3; 7QL4; 7R4T; 7R5H; 7SP1; 7U0Z; 7UPE; 7UPF; 7UPG; 7YMN; 7YPG; 8AZU; 8BGS; 8BGV; 8BYN; 8CAQ; 8CAX; 8FNZ; 8FUG; 8FYU; 8G54; 8G55; 8G58; 8GCK; 8KDX; 8OH2; 8OHI; 8OHP; 8OI0; 8OP0; 8OPI; 8ORE; 8ORF; 8ORG; 8OT6; 8OT9; 8OTC; 8OTG; 8OTH; 8OTI; 8OTJ; 8P34; 8PII; 8PPO; 8Q27; 8Q2J; 8Q2K; 8Q2L; 8Q7F; 8Q7L; 8Q7M; 8Q7P; 8Q7T; 8Q88; 8Q8C; 8Q8D; 8Q8E; 8Q8F; 8Q8L; 8Q8M; 8Q8R; 8Q8S; 8Q8U; 8Q8V; 8Q8W; 8Q8X; 8Q8Y; 8Q8Z; 8Q92; 8Q97; 8Q98; 8Q99; 8Q9A; 8Q9B; 8Q9C; 8Q9D; 8Q9E; 8Q9F; 8Q9G; 8Q9H; 8Q9I; 8Q9J; 8Q9K; 8Q9L; 8Q9M; 8Q9O; 8QCP; 8QCR; 8QJJ; 8R3T; 8SEH; 8SEI; 8TTL; 8TTN; 8UQ7; 8WCP; 8ZWL; 8ZWM; 8ZX6; 9BBL; 9BBM; 9BXI; 9BXO; 9BXQ; 9BXR; 9EO7; 9EO9; 9EOE; 9EOG; 9EOH; 9ERM; 9ERN; 9ERO; 9G13,MAPT,MAPT,HGNC:6893,Humans,DB14914
3476,Pro-neuropeptide Y,NPY,,BC029497,P01303,NPY_HUMAN,1QFA; 1RON; 7RTA; 7VGX; 7X9A; 7X9B; 7YOO; 8K6M; 8K6N; 8K6O,NPY,NPY,HGNC:7955,Humans,DB00191
3479,Tumor necrosis factor receptor superfamily member 8,TNFRSF8,,AY498860,P28908,TNR8_HUMAN,1D01,TNFRSF8,TNFRSF8,HGNC:11923,Humans,DB08870
3484,Serine/threonine protein kinase UL97,UL97,,BK000394,P16788,UL97_HCMVA,,,,,HHV-5,DB06234
3488,T-cell surface glycoprotein CD4,CD4,,BC025782,P01730,CD4_HUMAN,1CDH; 1CDI; 1CDJ; 1CDU; 1CDY; 1G9M; 1G9N; 1GC1; 1JL4; 1Q68; 1RZJ; 1RZK; 1WBR; 1WIO; 1WIP; 1WIQ; 2B4C; 2JKR; 2JKT; 2KLU; 2NXY; 2NXZ; 2NY0; 2NY1; 2NY2; 2NY3; 2NY4; 2NY5; 2NY6; 2QAD; 3B71; 3CD4; 3J70; 3JCB; 3JCC; 3JWD; 3JWO; 3LQA; 3O2D; 3S4S; 3S5L; 3T0E; 4H8W; 4JM2; 4P9H; 4Q6I; 4R2G; 4R4H; 4RQS; 5A7X; 5A8H; 5CAY; 5THR; 5U1F; 5VN3; 6CM3; 6EDU; 6L1Y; 6MEO; 6MET; 6OPN; 6OPO; 6OPP; 6OPQ; 6QH6; 6QH7; 6U0L; 6U0N; 6URI; 6X5B; 6X5C; 7T0O; 7T0R; 7TXD; 8D5C; 8FYI; 8FYJ; 8W90,CD4,CD4,HGNC:1678,Humans,DB00098; DB12698
3491,Insulin,INS,,AJ009655,P01308,INS_HUMAN,1A7F; 1AI0; 1AIY; 1B9E; 1BEN; 1EFE; 1EV3; 1EV6; 1EVR; 1FU2; 1FUB; 1G7A; 1G7B; 1GUJ; 1HIQ; 1HIS; 1HIT; 1HLS; 1HTV; 1HUI; 1IOG; 1IOH; 1J73; 1JCA; 1JCO; 1JK8; 1K3M; 1KMF; 1LKQ; 1LPH; 1MHI; 1MHJ; 1MSO; 1OS3; 1OS4; 1Q4V; 1QIY; 1QIZ; 1QJ0; 1RWE; 1SF1; 1SJT; 1SJU; 1T0C; 1T1K; 1T1P; 1T1Q; 1TRZ; 1TYL; 1TYM; 1UZ9; 1VKT; 1W8P; 1XDA; 1XGL; 1XW7; 1ZEG; 1ZEH; 1ZNJ; 2AIY; 2C8Q; 2C8R; 2CEU; 2G54; 2G56; 2H67; 2HH4; 2HHO; 2HIU; 2JMN; 2JUM; 2JUU; 2JUV; 2JV1; 2JZQ; 2K91; 2K9R; 2KJJ; 2KJU; 2KQP; 2KQQ; 2KXK; 2L1Y; 2L1Z; 2LGB; 2LWZ; 2M1D; 2M1E; 2M2M; 2M2N; 2M2O; 2M2P; 2MLI; 2MPG; 2MPI; 2MVC; 2MVD; 2N2V; 2N2W; 2N2X; 2OLY; 2OLZ; 2OM0; 2OM1; 2OMG; 2OMH; 2OMI; 2OMQ; 2QIU; 2R34; 2R35; 2R36; 2RN5; 2VJZ; 2VK0; 2W44; 2WBY; 2WC0; 2WRU; 2WRV; 2WRW; 2WRX; 2WS0; 2WS1; 2WS4; 2WS6; 2WS7; 3AIY; 3BXQ; 3E7Y; 3E7Z; 3EXX; 3FQ9; 3HYD; 3I3Z; 3I40; 3ILG; 3INC; 3IR0; 3JSD; 3KQ6; 3P2X; 3P33; 3Q6E; 3ROV; 3TT8; 3U4N; 3UTQ; 3UTS; 3UTT; 3V19; 3V1G; 3W11; 3W12; 3W13; 3W7Y; 3W7Z; 3W80; 3ZI3; 3ZQR; 3ZS2; 3ZU1; 4AIY; 4AJX; 4AJZ; 4AK0; 4AKJ; 4CXL; 4CXN; 4CY7; 4EFX; 4EWW; 4EWX; 4EWZ; 4EX0; 4EX1; 4EXX; 4EY1; 4EY9; 4EYD; 4EYN; 4EYP; 4F0N; 4F0O; 4F1A; 4F1B; 4F1C; 4F1D; 4F1F; 4F1G; 4F4T; 4F4V; 4F51; 4F8F; 4FG3; 4FKA; 4GBC; 4GBI; 4GBK; 4GBL; 4GBN; 4IUZ; 4IYD; 4IYF; 4NIB; 4OGA; 4P65; 4RXW; 4UNE; 4UNG; 4UNH; 4WDI; 4XC4; 4Y19; 4Y1A; 4Z76; 4Z77; 4Z78; 5AIY; 5BOQ; 5BPO; 5BQQ; 5BTS; 5C0D; 5CJO; 5CNY; 5CO2; 5CO6; 5CO9; 5E7W; 5EMS; 5EN9; 5ENA; 5HPR; 5HPU; 5HQI; 5HRQ; 5HYJ; 5MAM; 5MHD; 5MT3; 5MT9; 5MWQ; 5T7R; 5UDP; 5UOZ; 5UQA; 5URT; 5URU; 5USP; 5USS; 5USV; 5UU2; 5UU3; 5UU4; 5VIZ; 5WBT; 5WDM; 5WOB; 6B3Q; 6B70; 6BFC; 6CE7; 6CE9; 6CEB; 6CK2; 6GNQ; 6GV0; 6H3M; 6HN5; 6JK8; 6JR3; 6K59; 6NWV; 6O17; 6P4Z; 6S34; 6S4I; 6S4J; 6SOF; 6TC2; 6TYH; 6U46; 6VEP; 6VER; 6VES; 6VET; 6X4X; 6Z7W; 6Z7Y; 7BW7; 7BW8; 7BWA; 7JP3; 7KD6; 7MD4; 7MD5; 7MQO; 7MQR; 7MQS; 7NHU; 7NMG; 7PG0; 7PG2; 7PG3; 7PG4; 7QAC; 7QGF; 7QID; 7RKD; 7RZE; 7RZF; 7RZI; 7S4Y; 7SL1; 7SL2; 7SL3; 7SL4; 7SL6; 7SL7; 7STH; 7STI; 7STJ; 7STK; 7U6E; 7V3P; 7YQ3; 7YQ4; 7YQ5; 7Z5L; 7Z5Q; 8EYX; 8EYY; 8EZ0; 8GSG; 8GUY; 8HGZ; 8HSF; 8HSK; 8IPZ; 8OKY; 8ONI; 8ONK; 8ONP; 8ONR; 8PI4; 8PI5; 8PI6; 8PJH; 8RRP; 8RVT; 8SBD; 8VCX; 8VDD; 8Z4B,INS,INS,HGNC:6081,Humans,DB00638; DB09564
3492,SLAM family member 7,SLAMF7,,BC027867,Q9NQ25,SLAF7_HUMAN,,SLAMF7,SLAMF7,HGNC:21394,Humans,DB06317
3493,Tyrosine-protein kinase JAK3,JAK3,,U57096,P52333,JAK3_HUMAN,1YVJ; 3LXK; 3LXL; 3PJC; 3ZC6; 3ZEP; 4HVD; 4HVG; 4HVH; 4HVI; 4I6Q; 4QPS; 4QT1; 4RIO; 4V0G; 4Z16; 5LWM; 5LWN; 5TOZ; 5TTS; 5TTU; 5TTV; 5VO6; 5W86; 5WFJ; 6AAK; 6DA4; 6DB3; 6DB4; 6DUD; 6GL9; 6GLA; 6GLB; 6HZV; 6NY4; 7APF; 7APG; 7C3N; 7Q6H; 7UYV; 8EXM,JAK3,JAK3,HGNC:6193,Humans,DB08877; DB08895; DB11697; DB11817; DB14924; DB14973
3496,B-lymphocyte antigen CD19,CD19,,BC006338,P15391,CD19_HUMAN,6AL5; 7JIC; 7URV; 7URX,CD19,CD19,HGNC:1633,Humans,DB09052; DB12530; DB13881; DB13915; DB15044; DB15699; DB16222; DB16582
3502,Guanylyl cyclase C,GUCY2C,,U20230,P25092,GUC2C_HUMAN,8FX4; 8GHO; 8GHP,GUCY2C,GUCY2C,HGNC:4688,Humans,DB08890; DB13170
3508,Parathyroid hormone/parathyroid hormone-related peptide receptor,PTH1R,,BC112247,Q03431,PTH1R_HUMAN,1BL1; 3C4M; 3H3G; 3L2J; 4Z8J; 5EMB; 6NBF; 6NBH; 6NBI; 7UZO; 7UZP; 7VVJ; 7VVK; 7VVL; 7VVM; 7VVN; 7VVO; 7Y35; 7Y36; 8BIA; 8BJ0; 8D51; 8D52; 8FLQ; 8FLR; 8FLS; 8FLT; 8FLU; 8GW8; 8HA0; 8HAF; 8HAO; 8JR9,PTH1R,PTHR1,HGNC:9608,Humans,DB05084; DB18676
3511,Induced myeloid leukemia cell differentiation protein Mcl-1,MCL1,,AF118278,Q07820,MCL1_HUMAN,2KBW; 2MHS; 2NL9; 2NLA; 2PQK; 3D7V; 3IO9; 3KJ0; 3KJ1; 3KJ2; 3KZ0; 3MK8; 3PK1; 3TWU; 3WIX; 3WIY; 4BPI; 4BPJ; 4HW2; 4HW3; 4HW4; 4OQ5; 4OQ6; 4WGI; 4WMR; 4WMS; 4WMT; 4WMU; 4WMV; 4WMW; 4WMX; 4ZBF; 4ZBI; 5C3F; 5C6H; 5FC4; 5FDO; 5FDR; 5IEZ; 5IF4; 5JSB; 5KU9; 5LOF; 5MES; 5MEV; 5UUM; 5VKC; 5VX2; 5W89; 5W8F; 6B4L; 6B4U; 6BW2; 6BW8; 6FS0; 6FS1; 6FS2; 6MBD; 6MBE; 6NE5; 6O4U; 6O6F; 6O6G; 6OQB; 6OQC; 6OQD; 6OQN; 6OVC; 6P3P; 6QB3; 6QB4; 6QB6; 6QFC; 6QFI; 6QFM; 6QFQ; 6QGD; 6QXJ; 6QYK; 6QYL; 6QYN; 6QYO; 6QYP; 6QZ5; 6QZ6; 6QZ7; 6QZ8; 6QZB; 6STJ; 6U63; 6U64; 6U65; 6U67; 6U6F; 6UA3; 6UAB; 6UD2; 6UDI; 6UDT; 6UDU; 6UDV; 6UDX; 6UDY; 6VBX; 6YBG; 6YBJ; 6YBK; 6YBL; 6ZIE; 7NB4; 7NB7; 7XGE; 8AV9; 8EKX; 8EL0; 8EL1; 8G3S; 8G3T; 8G3U; 8G3W; 8G3X; 8G3Y; 8H7B; 8IQM; 8QSO; 8SVY; 8T6F; 8VJP; 9BCG,MCL1,MCL1,HGNC:6943,Humans,DB00619; DB04813
3512,Casein kinase I isoform epsilon,CSNK1E,,BC006490,P49674,KC1E_HUMAN,4HNI; 4HOK,CSNK1E,CSNK1E,HGNC:2453,Humans,DB14989
3513,B2 bradykinin receptor,BDKRB2,,BC074895,P30411,BKRB2_HUMAN,7F2O; 7F6H; 7F6I,BDKRB2,BDKRB2,HGNC:1030,Humans,DB06196
3517,Tumor necrosis factor ligand superfamily member 11,TNFSF11,,AF013171,O14788,TNF11_HUMAN,3URF; 5BNQ,TNFSF11,TNFSF11,HGNC:11926,Humans,DB00480; DB06643
3520,Interleukin-4,IL4,,X06750,P05112,IL4_HUMAN,1BBN; 1BCN; 1CYL; 1HIJ; 1HIK; 1HZI; 1IAR; 1ITI; 1ITL; 1ITM; 1RCB; 2B8U; 2B8X; 2B8Y; 2B8Z; 2B90; 2B91; 2CYK; 2D48; 2INT; 3BPL; 3BPN; 3QB7; 4YDY; 5FHX; 6OEL; 8A4F; 8CGF; 8CH7,IL4,IL4,HGNC:6014,Humans,DB12159
3522,Prostaglandin E2 receptor EP4 subtype,PTGER4,,BC113523,P35408,PE2R4_HUMAN,5YHL; 5YWY; 7D7M; 8GCM; 8GCP; 8GD9; 8GDA; 8GDB,PTGER4,PTGER4,HGNC:9596,Humans,DB00770; DB00917; DB12789
3527,Neuraminidase,NA,,M54967,P27907,NRAM_INBBE,1A4G; 1A4Q; 1NSB; 1NSC; 1NSD,,,,Influenza B virus (strain B/Beijing/1/1987),DB00558; DB06614
3528,Somatostatin receptor type 2,SSTR2,,BC095495,P30874,SSR2_HUMAN,7T10; 7T11; 7UL5; 7WIC; 7WIG; 7WJ5; 7XAT; 7XAU; 7XAV; 7XMR; 7Y24; 7Y26; 7Y27; 7YAC; 7YAE,SSTR2,SSTR2,HGNC:11331,Humans,DB00104; DB06663; DB06791; DB09099; DB13925; DB13985; DB15494; DB15873
3529,Somatostatin receptor type 3,SSTR3,,BC096829,P32745,SSR3_HUMAN,8XIQ; 8XIR,SSTR3,SSTR3,HGNC:11332,Humans,DB06663; DB09099; DB13985; DB15494
3531,Chymotrypsinogen B,CTRB1,,BC005385,P17538,CTRB1_HUMAN,,CTRB1,CTRB1,HGNC:2521,Humans,DB06692
3537,"Cholesterol side-chain cleavage enzyme, mitochondrial",CYP11A1,181376,M14565,P05108,CP11A_HUMAN,3N9Y; 3N9Z; 3NA0; 3NA1,CYP11A1,,HGNC:2590,Humans,DB00357; DB05667
3539,Aldehyde oxidase,AOX1,438656,L11005,Q06278,AOXA_HUMAN,4UHW; 4UHX; 5EPG; 6Q6Q; 7OPN; 7ORC; 8EMT,AOX1,,HGNC:553,Humans,DB00170
3542,"Cytochrome P450 11B2, mitochondrial",CYP11B2,35200,X54741,P19099,C11B2_HUMAN,4DVQ; 4FDH; 4ZGX; 6XZ8; 6XZ9; 7M8I; 7M8V,CYP11B2,,HGNC:2592,Humans,DB05667
3546,"Alkaline phosphatase, tissue-nonspecific isozyme",ALPL,28738,X14174,P05186,PPBT_HUMAN,7YIV; 7YIW; 7YIX,ALPL,,HGNC:438,Humans,DB00848
3552,C-X-C chemokine receptor type 1,CXCR1,559050,L19591,P25024,CXCR1_HUMAN,1ILP; 1ILQ; 2LNL; 6XMN; 8IC0,CXCR1,,HGNC:6026,Humans,DB01050
3561,Prostaglandin D2 receptor 2,PTGDR2,4204216,AB008535,Q9Y5Y4,PD2R2_HUMAN,6D26; 6D27; 7M8W,PTGDR2,,HGNC:4502,Humans,DB11629; DB12789
3567,Receptor-type tyrosine-protein phosphatase S,PTPRS,1109792,U35234,Q13332,PTPRS_HUMAN,2FH7; 2YD2; 2YD3; 2YD9; 4BPC; 4PBX,PTPRS,,HGNC:9681,Humans,DB01077
3570,Geranylgeranyl pyrophosphate synthase,GGPS1,4520350,AB017971,O95749,GGPPS_HUMAN,2Q80; 6C56; 6C57; 6G31; 6G32; 6R4V,GGPS1,,HGNC:4249,Humans,DB00399; DB00710
3573,Major histocompatibility complex class I-related gene protein,MR1,940354,U22963,Q95460,HMR1_HUMAN,4GUP; 4L4T; 4L4V; 4LCW; 4NQC; 4NQD; 4NQE; 4PJ5; 4PJ7; 4PJ8; 4PJ9; 4PJA; 4PJB; 4PJC; 4PJD; 4PJE; 4PJF; 4PJG; 4PJH; 4PJI; 4PJX; 5D5M; 5D7I; 5D7J; 5D7L; 5U16; 5U17; 5U1R; 5U2V; 5U6Q; 5U72; 6MWR; 6PUC; 6PUD; 6PUE; 6PUF; 6PUG; 6PUH; 6PUI; 6PUJ; 6PUK; 6PUL; 6PUM; 6PVC; 6PVD; 6W9U; 6W9V; 6XQP; 7LLI; 7LLJ; 7RNO; 7UFJ; 7UMG; 7ZT2; 7ZT3; 7ZT4; 7ZT5; 7ZT7; 7ZT8; 7ZT9; 8BP6,MR1,,HGNC:4975,Humans,DB00098
3575,Integrin beta-1,ITGB1,31442,X07979,P05556,ITB1_HUMAN,3G9W; 3T9K; 3VI3; 3VI4; 4DX9; 4WJK; 4WK0; 4WK2; 4WK4; 7CEB; 7CEC; 7NWL; 7NXD; 8RPQ; 9CKV,ITGB1,,HGNC:6153,Humans,DB00098
3576,Integrin alpha-V,ITGAV,340307,M14648,P06756,ITAV_HUMAN,1JV2; 1L5G; 1M1X; 1U8C; 3IJE; 4G1E; 4G1M; 4MMX; 4MMY; 4MMZ; 4O02; 4UM8; 4UM9; 5FFG; 5FFO; 5NEM; 5NER; 5NET; 5NEU; 6AVQ; 6AVR; 6AVU; 6DJP; 6MK0; 6MSL; 6MSU; 6NAJ; 6OM1; 6OM2; 6UJA; 6UJB; 6UJC; 7Y1T; 8IJ5; 8TCF; 8TCG,ITGAV,,HGNC:6150,Humans,DB00098; DB00451
3577,Penicillin binding protein 2a,mecA,,,C1KC03,C1KC03_STAAU,,,,,Staphylococcus aureus,DB00274; DB01000; DB01607
3578,Guanylate cyclase soluble subunit alpha-2,GUCY1A2,31671,X63282,P33402,GCYA2_HUMAN,,GUCY1A2,,HGNC:4684,Humans,DB00435; DB01020; DB08931; DB09241; DB09282; DB13170
3579,Penicillin-binding protein 2,mrdA,42314,X04516,P0AD65,PBP2_ECOLI,,,,,Escherichia coli (strain K12),DB00303; DB00438; DB01327; DB01328; DB01329; DB01413; DB01415; DB01598; DB06211; DB09050; DB16335
3580,Nischarin,NISCH,3462807,AF082516,Q9Y2I1,NISCH_HUMAN,3P0C; 8ESF,NISCH,,HGNC:18006,Humans,DB09242
3582,Potassium channel subfamily K member 3,KCNK3,2465542,AF006823,O14649,KCNK3_HUMAN,6RV2; 6RV3; 6RV4,KCNK3,,HGNC:6278,Humans,DB00561; DB01159
3583,Potassium channel subfamily K member 9,KCNK9,7546843,AF212829,Q9NPC2,KCNK9_HUMAN,3P1N; 3P1O; 3P1P; 3P1Q; 3P1R; 3P1S; 3SMK; 3SML; 3SMM; 3SMN; 3SMO; 3SP5; 3SPR; 3UX0; 4FR3; 6GHP; 8K1J; 8K1Q; 8K1V; 8K1Z,KCNK9,,HGNC:6283,Humans,DB00561; DB01159
3584,Neuronal acetylcholine receptor subunit beta-4,CHRNB4,1458126,U62439,P30926,ACHB4_HUMAN,6PV7; 6PV8,CHRNB4,,HGNC:1964,Humans,DB01090
3585,Neuronal acetylcholine receptor subunit alpha-3,CHRNA3,177898,M86383,P32297,ACHA3_HUMAN,4ZK4; 5SYO; 5TVC; 6PV7; 6PV8,CHRNA3,,HGNC:1957,Humans,DB00848; DB01090; DB06402
3592,Gamma-aminobutyric acid receptor subunit gamma-2,GABRG2,31637,X15376,P18507,GBRG2_HUMAN,6D6T; 6D6U; 6HUG; 6HUJ; 6HUK; 6HUO; 6HUP; 6I53; 6X3S; 6X3T; 6X3U; 6X3V; 6X3W; 6X3X; 6X3Z; 6X40; 7QNB; 7QNE; 7T0W; 7T0Z; 8DD2; 8DD3; 8SGO; 8SI9; 8SID; 8VQY; 8VRN,GABRG2,,HGNC:4087,Humans,DB00395; DB01205; DB02530; DB11859
3594,Gamma-aminobutyric acid receptor subunit gamma-3,GABRG3,1754749,S82769,Q99928,GBRG3_HUMAN,,GABRG3,,HGNC:4088,Humans,DB00292; DB00306; DB00349; DB00425; DB01154; DB01205; DB06797; DB09118; DB11859; DB12404; DB15490
3599,Gamma-aminobutyric acid receptor subunit delta,GABRD,2388693,AF016917,O14764,GBRD_HUMAN,7QN5; 7QN6; 7QN7; 7QN8; 7QN9; 7QNC; 7QND,GABRD,,HGNC:4084,Humans,DB11859
3603,A-type voltage-gated potassium channel KCND2,KCND2,4530478,AF121104,Q9NZV8,KCND2_HUMAN,7E7Z; 7E83; 7E84; 7E87; 7E8B; 7E8E; 7E8H; 7F0J; 7F3F; 7UK5; 7UKC; 7UKD; 7UKE; 7UKF; 7UKG; 7UKH,KCND2,,HGNC:6238,Humans,DB06637
3604,A-type voltage-gated potassium channel KCND3,KCND3,2935434,AF048712,Q9UK17,KCND3_HUMAN,1S1G; 2NZ0; 7W3Y; 7W6N; 7W6S; 7W6T,KCND3,,HGNC:6239,Humans,DB01390; DB04855; DB06217; DB06637
3605,BDNF/NT-3 growth factors receptor,NTRK2,530791,U12140,Q16620,NTRK2_HUMAN,1HCF; 1WWB; 2MFQ; 4ASZ; 4AT3; 4AT4; 4AT5; 5MO9; 8OYD,NTRK2,,HGNC:8032,Humans,DB11986; DB14723; DB16826
3610,Aldo-keto reductase family 1 member D1,AKR1D1,431857,Z28339,P51857,AK1D1_HUMAN,3BUR; 3BUV; 3BV7; 3CAQ; 3CAS; 3CAV; 3CMF; 3COT; 3DOP; 3G1R; 3UZW; 3UZX; 3UZY; 3UZZ,AKR1D1,,HGNC:388,Humans,DB00548
3612,Cytochrome P450 3A7,CYP3A7,220149,D00408,P24462,CP3A7_HUMAN,7MK8,CYP3A7,,HGNC:2640,Humans,DB09065
3613,Ribonucleoside-diphosphate reductase subunit M2 B,RRM2B,7229086,AB036063,Q7LG56,RIR2B_HUMAN,2VUX; 3HF1; 4DJN,RRM2B,,HGNC:17296,Humans,DB00242; DB00631
3614,DNA polymerase epsilon catalytic subunit A,POLE,3192938,L09561,Q07864,DPOE1_HUMAN,5VBN; 7PFO; 7PLO; 9F6D; 9F6E; 9F6F; 9F6I; 9F6J; 9F6K; 9F6L,POLE,,HGNC:9177,Humans,DB00242
3615,DNA polymerase epsilon subunit 2,POLE2,2697123,AF025840,P56282,DPOE2_HUMAN,2V6Z; 5VBN; 7PFO; 7PLO,POLE2,,HGNC:9178,Humans,DB00242; DB12151
3616,DNA polymerase epsilon subunit 4,POLE4,21411517,BC031331,Q9NR33,DPOE4_HUMAN,,POLE4,,HGNC:18755,Humans,DB00242
3617,DNA polymerase epsilon subunit 3,POLE3,8100806,AF226077,Q9NRF9,DPOE3_HUMAN,,POLE3,,HGNC:13546,Humans,DB00242
3618,MecA PBP2' (penicillin binding protein 2'),mecA,46611,X52593,Q53707,Q53707_STAAU,,,,,Staphylococcus aureus,DB00417; DB01603
3620,Gastric triacylglycerol lipase,LIPF,758063,X05997,P07098,LIPF_HUMAN,1HLG,LIPF,,HGNC:6622,Humans,DB01083
3621,Penicillin-binding protein 2,penA,150279,M32091,P08149,PBP2_NEIGO,3EQU; 3EQV; 4U3T,,,,Neisseria gonorrhoeae,DB00535
3622,PBP3,pbp3,,,Q60FT7,Q60FT7_HAEIF,,,,,Haemophilus influenzae,DB00535
3623,Cation-independent mannose-6-phosphate receptor,IGF2R,33055,Y00285,P11717,MPRI_HUMAN,1E6F; 1GP0; 1GP3; 1GQB; 1JPL; 1JWG; 1LF8; 2CNJ; 2L29; 2L2A; 2M68; 2M6T; 2V5N; 2V5O; 2V5P; 5IEI; 6N5X; 6N5Y; 6P8I; 6V02; 6Z30; 6Z31; 6Z32; 8AFZ,IGF2R,,HGNC:5467,Humans,DB16099; DB16708
3624,Penicillin-binding protein 2B,penA,984233,X16022,P0A3M6,PBP2_STRR6,2WAD; 2WAE; 2WAF,,,,Streptococcus pneumoniae (strain ATCC BAA-255 / R6),DB00319; DB00415; DB00456; DB00485; DB00493; DB00567; DB00607; DB00713; DB00739; DB01066; DB01140; DB01212; DB01331; DB01603; DB04918; DB14733
3625,Carbonic anhydrase 3,CA3,189053812,AK313254,P07451,CAH3_HUMAN,1Z93; 1Z97; 2HFW; 3UYN; 3UYQ,CA3,,HGNC:1374,Humans,DB00819
3628,Carbonic anhydrase 6,CA6,,,P23280,CAH6_HUMAN,3FE4,CA6,,HGNC:1380,Humans,DB00936; DB11672; DB14086
3629,Carbonic anhydrase 7,CA7,28192445,AY075019,P43166,CAH7_HUMAN,3MDZ; 3ML5; 6G4T; 6H36; 6H37; 6H38; 6SDT; 6ZR9; 7NC4; 7P1A; 8Q3U,CA7,,HGNC:1381,Humans,DB00703; DB00819; DB01144
3634,Carbonic anhydrase 14,CA14,6009640,AB025904,Q9ULX7,CAH14_HUMAN,4LU3; 5CJF,CA14,,HGNC:1372,Humans,DB00819; DB03255; DB06795; DB06824; DB11085; DB11672; DB14086
3635,Sodium channel regulatory subunit beta-1,SCN1B,307415,L10338,Q07699,SCN1B_HUMAN,6AGF; 6J8G; 6J8H; 6J8I; 6J8J; 7W77; 7W7F; 7W9K; 7W9L; 7W9M; 7W9P; 7W9T; 7XM9; 7XMF; 7XMG; 7XVE; 7XVF; 8FHD; 8G1A; 8GZ1; 8GZ2; 8I5B; 8I5G; 8I5X; 8I5Y; 8J4F; 8S9B; 8S9C; 8THG; 8THH; 8XMM; 8XMN; 8XMO,SCN1B,,HGNC:10586,Humans,DB00909
3636,Sodium channel regulatory subunit beta-2,SCN2B,3309111,AF007783,O60939,SCN2B_HUMAN,5FDY; 5FEB; 6J8E; 6J8G; 6J8H; 6J8I; 6J8J; 6VRR; 7W77; 7W7F; 7W9K; 7W9L; 7W9M; 7W9P; 7W9T; 7XM9; 7XMF; 7XMG; 7XVE; 7XVF; 8G1A; 8GZ1; 8GZ2; 8I5B; 8I5G; 8I5X; 8I5Y; 8S9B; 8S9C; 8THG; 8THH; 8XMN; 8XMO,SCN2B,,HGNC:10589,Humans,DB00909
3637,Sodium channel regulatory subunit beta-3,SCN3B,7160975,AJ243396,Q9NY72,SCN3B_HUMAN,4L1D; 7TJ8; 7TJ9,SCN3B,,HGNC:20665,Humans,DB00909
3638,Sodium channel regulatory subunit beta-4,SCN4B,27465047,AY149967,Q8IWT1,SCN4B_HUMAN,4MZ2; 4MZ3; 5XAW; 6VSV; 7DTD,SCN4B,,HGNC:10592,Humans,DB00909
3643,Ileal sodium/bile acid cotransporter,SLC10A2,595399,U10417,Q12908,NTCP2_HUMAN,,SLC10A2,,HGNC:10906,Humans,DB04348; DB16226; DB16261
3644,Hepatic sodium/bile acid cotransporter,SLC10A1,410214,L21893,Q14973,NTCP_HUMAN,7FCI; 7PQG; 7PQQ; 7VAD; 7VAG; 7WSI; 7ZYI; 8HRX; 8HRY; 8RQF,SLC10A1,,HGNC:10905,Humans,DB15248; DB16226
3645,Organic anion transporter 3,SLC22A8,4378059,AF097491,Q8TCC7,S22A8_HUMAN,,SLC22A8,,HGNC:10972,Humans,DB00345; DB00693; DB01032
3653,Solute carrier organic anion transporter family member 4C1,SLCO4C1,33308060,AF401643,Q6ZQN7,SO4C1_HUMAN,,SLCO4C1,,HGNC:23612,Humans,DB00390
3657,Multidrug and toxin extrusion protein 1,SLC47A1,7023138,AK001709,Q96FL8,S47A1_HUMAN,,SLC47A1,,HGNC:25588,Humans,DB00331
3674,50S ribosomal protein L4,rplD,42826,X02613,P60723,RL4_ECOLI,2J28; 2RDO; 3BBX; 3J5L; 3J7Z; 3J8G; 3J9Y; 3J9Z; 3JA1; 3JBU; 3JBV; 3JCD; 3JCE; 3JCJ; 3JCN; 4CSU; 4U1U; 4U1V; 4U20; 4U24; 4U25; 4U26; 4U27; 4UY8; 4V47; 4V48; 4V4H; 4V4Q; 4V4V; 4V4W; 4V50; 4V52; 4V53; 4V54; 4V55; 4V56; 4V57; 4V5B; 4V5H; 4V5Y; 4V64; 4V65; 4V66; 4V69; 4V6C; 4V6D; 4V6E; 4V6K; 4V6L; 4V6M; 4V6N; 4V6O; 4V6P; 4V6Q; 4V6R; 4V6S; 4V6T; 4V6V; 4V6Y; 4V6Z; 4V70; 4V71; 4V72; 4V73; 4V74; 4V75; 4V76; 4V77; 4V78; 4V79; 4V7A; 4V7B; 4V7C; 4V7D; 4V7I; 4V7S; 4V7T; 4V7U; 4V7V; 4V85; 4V89; 4V9C; 4V9D; 4V9O; 4V9P; 4WF1; 4WOI; 4WWW; 4YBB; 5ADY; 5AFI; 5AKA; 5GAD; 5GAE; 5GAF; 5GAG; 5GAH; 5H5U; 5IQR; 5IT8; 5J5B; 5J7L; 5J88; 5J8A; 5J91; 5JC9; 5JTE; 5JU8; 5KCR; 5KCS; 5KPS; 5KPV; 5KPW; 5KPX; 5L3P; 5LZA; 5LZB; 5LZC; 5LZD; 5LZE; 5LZF; 5MDV; 5MDW; 5MDY; 5MDZ; 5MGP; 5U4I; 5U9F; 5U9G,,,,Escherichia coli (strain K12),DB13179
3675,50S ribosomal protein L32,rpmF,970089,D63900,P49228,RL32_DEIRA,1J5A; 1JZX; 1JZY; 1JZZ; 1K01; 1NKW; 1NWX; 1NWY; 1OND; 1SM1; 1XBP; 2ZJP; 2ZJQ; 2ZJR; 3CF5; 3DLL; 3PIO; 3PIP; 4IO9; 4IOA; 4IOC; 4U67; 4V49; 4V4A; 4V4G; 4V4T; 5DM6; 5DM7,,,,Deinococcus radiodurans (strain ATCC 13939 / DSM 20539 / JCM 16871 / LMG 4051 / NBRC 15346 / NCIMB 9279 / R1 / VKM B-1422),DB13179
3676,30S ribosomal protein S10,rpsJ,1022792,U36504,Q5SHN7,RS10_THET8,1FJG; 1HNW; 1HNX; 1HNZ; 1HR0; 1I94; 1I95; 1I96; 1I97; 1IBK; 1IBL; 1IBM; 1J5E; 1JGO; 1JGP; 1JGQ; 1L1U; 1ML5; 1N32; 1N33; 1N34; 1N36; 1VVJ; 1VY4; 1VY5; 1VY6; 1VY7; 1XMO; 1XMQ; 1XNQ; 1XNR; 2E5L; 2F4V; 2HHH; 2UU9; 2UUA; 2UUB; 2UUC; 2UXB; 2UXC; 2UXD; 2VQE; 2VQF; 2ZM6; 3OTO; 3T1H; 3T1Y; 4AQY; 4B3M; 4B3R; 4B3S; 4B3T; 4DR1; 4DR2; 4DR3; 4DR4; 4DR5; 4DR6; 4DR7; 4DUY; 4DUZ; 4DV0; 4DV1; 4DV2; 4DV3; 4DV4; 4DV5; 4DV6; 4DV7; 4GKJ; 4GKK; 4JI0; 4JI1; 4JI2; 4JI3; 4JI4; 4JI5; 4JI6; 4JI7; 4JI8; 4JV5; 4JYA; 4K0K; 4KHP; 4L47; 4L71; 4LEL; 4LF4; 4LF5; 4LF6; 4LF7; 4LF8; 4LF9; 4LFA; 4LFB; 4LFC; 4LFZ; 4LNT; 4LSK; 4LT8; 4NXM; 4NXN; 4OX9; 4P6F; 4P70; 4TUA; 4TUB; 4TUC; 4TUD; 4TUE; 4V42; 4V49; 4V4A; 4V4I; 4V4P; 4V4R; 4V4S; 4V4T; 4V4X; 4V4Y; 4V4Z; 4V51; 4V5A; 4V5C; 4V5D; 4V5E; 4V5F; 4V5G; 4V5J; 4V5K; 4V5L; 4V5M; 4V5N; 4V5P; 4V5Q; 4V5R; 4V5S; 4V68; 4V6A; 4V6F; 4V6G; 4V7J; 4V7K; 4V7L; 4V7M; 4V7W; 4V7X; 4V7Y; 4V7Z; 4V87; 4V8A; 4V8B; 4V8C; 4V8D; 4V8E; 4V8F; 4V8G; 4V8H; 4V8I; 4V8J; 4V8N; 4V8O; 4V8Q; 4V8U; 4V8X; 4V90; 4V95; 4V97; 4V9A; 4V9B; 4V9H; 4V9I; 4V9R; 4V9S; 4W2E; 4W2F; 4W2G; 4W2H; 4W2I; 4W4G; 4WPO; 4WQ1; 4WQF; 4WQR; 4WQU; 4WQY; 4WR6; 4WRA; 4WRO; 4WSD; 4WSM; 4WT1; 4WT8; 4WU1; 4WZD; 4WZO; 4X62; 4X64; 4X65; 4X66; 4Y4O; 4Y4P; 4YHH; 4YPB; 4YZV; 4Z3Q; 4Z3R; 4Z3S; 4Z8C; 4ZER; 5A9Z; 5AA0; 5BR8; 5D8B,,,,Thermus thermophilus (strain HB8 / ATCC 27634 / DSM 579),DB01421
3685,D-alanyl-D-alanine carboxypeptidase DacC,dacC,41218,X06480,P08506,DACC_ECOLI,3IT9; 3ITA; 3ITB,,,,Escherichia coli (strain K12),DB00274; DB00303; DB00430; DB01329; DB01331; DB16335
3686,Penicillin-binding protein 1A,mrcA,1763284,U73780,Q07806,PBPA_PSEAE,4OON,,,,Pseudomonas aeruginosa (strain ATCC 15692 / PAO1 / 1C / PRS 101 / LMG 12228),DB00430; DB01329; DB14879
3687,Penicillin-binding protein 1B,ponB,4887211,AF147449,Q9X6W0,Q9X6W0_PSEAI,,,,,Pseudomonas aeruginosa,DB00430; DB01329; DB01413; DB09050; DB14879
3688,Penicillin-binding protein 2,pbpA,52214157,AP006841,Q70KI2,Q70KI2_BACFG,,,,,Bacteroides fragilis,DB00923; DB01326
3707,DNA-directed RNA polymerase subunit beta',rpoC,42814,V00339,P0A8T7,RPOC_ECOLI,2AUK; 2LMC; 3IYD; 3LU0; 4IQZ; 4JK1; 4JK2; 4KMU; 4KN4; 4KN7; 4MEX; 4MEY; 4XSX; 4XSY; 4XSZ; 4YG2; 4YLN; 4YLO; 4YLP; 4ZH2; 4ZH3; 4ZH4; 5BYH,,,,Escherichia coli (strain K12),DB00615; DB11753
3708,30S ribosomal protein S14,rpsN,809690,X01563,P0AG59,RS14_ECOLI,1M5G; 2YKR; 3J9Y; 3J9Z; 3JA1; 4A2I; 4ADV; 4U1U; 4U1V; 4U20; 4U24; 4U25; 4U26; 4U27; 4V47; 4V48; 4V4H; 4V4Q; 4V4V; 4V4W; 4V50; 4V52; 4V53; 4V54; 4V55; 4V56; 4V57; 4V5B; 4V5H; 4V5Y; 4V64; 4V65; 4V66; 4V69; 4V6C; 4V6D; 4V6E; 4V6K; 4V6L; 4V6M; 4V6N; 4V6O; 4V6P; 4V6Q; 4V6R; 4V6S; 4V6T; 4V6V; 4V6Y; 4V6Z; 4V70; 4V71; 4V72; 4V73; 4V74; 4V75; 4V76; 4V77; 4V78; 4V79; 4V7A; 4V7B; 4V7C; 4V7D; 4V7I; 4V7S; 4V7T; 4V7U; 4V7V; 4V85; 4V89; 4V9C; 4V9D; 4V9O; 4V9P; 4WF1; 4WOI; 4WWW; 4YBB; 5AFI,,,,Escherichia coli (strain K12),DB00560; DB00759; DB09093; DB12455
3709,30S ribosomal protein S13,rpsM,581217,X02543,P0A7S9,RS13_ECOLI,1M5G; 2YKR; 3J9Y; 3J9Z; 3JA1; 4A2I; 4ADV; 4U1U; 4U1V; 4U20; 4U24; 4U25; 4U26; 4U27; 4V47; 4V48; 4V4H; 4V4Q; 4V4V; 4V4W; 4V50; 4V52; 4V53; 4V54; 4V55; 4V56; 4V57; 4V5B; 4V5H; 4V5Y; 4V64; 4V65; 4V66; 4V69; 4V6C; 4V6D; 4V6E; 4V6K; 4V6L; 4V6N; 4V6O; 4V6P; 4V6Q; 4V6R; 4V6S; 4V6T; 4V6V; 4V6Y; 4V6Z; 4V70; 4V71; 4V72; 4V73; 4V74; 4V75; 4V76; 4V77; 4V78; 4V79; 4V7A; 4V7B; 4V7C; 4V7D; 4V7I; 4V7S; 4V7T; 4V7U; 4V7V; 4V85; 4V89; 4V9C; 4V9D; 4V9O; 4V9P; 4WF1; 4WOI; 4WWW; 4YBB; 5AFI,,,,Escherichia coli (strain K12),DB00560
3710,30S ribosomal protein S19,rpsS,42826,X02613,P0A7U3,RS19_ECOLI,1M5G; 2YKR; 3J9Y; 3J9Z; 3JA1; 4A2I; 4ADV; 4U1U; 4U1V; 4U20; 4U24; 4U25; 4U26; 4U27; 4V47; 4V48; 4V4H; 4V4Q; 4V4V; 4V4W; 4V50; 4V52; 4V53; 4V54; 4V55; 4V56; 4V57; 4V5B; 4V5H; 4V5Y; 4V64; 4V65; 4V66; 4V69; 4V6C; 4V6D; 4V6E; 4V6K; 4V6L; 4V6M; 4V6N; 4V6O; 4V6P; 4V6Q; 4V6R; 4V6S; 4V6T; 4V6V; 4V6Y; 4V6Z; 4V70; 4V71; 4V72; 4V73; 4V74; 4V75; 4V76; 4V77; 4V78; 4V79; 4V7A; 4V7B; 4V7C; 4V7D; 4V7I; 4V7S; 4V7T; 4V7U; 4V7V; 4V85; 4V89; 4V9C; 4V9D; 4V9O; 4V9P; 4WF1; 4WOI; 4WWW; 4YBB; 5AFI,,,,Escherichia coli (strain K12),DB00560; DB00759; DB09093; DB12455
3711,Tubulin delta chain,TUBD1,6457580,AF201333,Q9UJT1,TBD_HUMAN,,TUBD1,,HGNC:16811,Humans,DB00570
3712,Tubulin epsilon chain,TUBE1,6457582,AF201334,Q9UJT0,TBE_HUMAN,,TUBE1,,HGNC:20775,Humans,DB00570
3713,Tubulin gamma-1 chain,TUBG1,183703,M61764,P23258,TBG1_HUMAN,1Z5V; 1Z5W; 3CB2; 6V5V; 6V6S; 7AS4; 7QJ0; 7QJ1; 7QJ2; 7QJ3; 7QJ4; 7QJ5; 7QJ6; 7QJ7; 7QJ8; 7QJ9; 7QJA; 7QJB; 7QJC; 7QJD; 7QJE; 8Q62; 8VA2; 8VRD; 8VRJ; 8VRK,TUBG1,,HGNC:12417,Humans,DB00570
3721,Aryl hydrocarbon receptor,AHR,533324,D16354,P35869,AHR_HUMAN,5NJ8; 7ZUB; 8QMO,AHR,,HGNC:348,Humans,DB06083
3722,Steroid hormone receptor ERR1,ESRRA,36609,X51416,P11474,ERR1_HUMAN,1XB7; 2PJL; 3D24; 3K6P; 7E2E,ESRRA,,HGNC:3471,Humans,DB00253; DB00288; DB00547; DB00596; DB00663; DB00846; DB00896; DB00995; DB01047; DB01130; DB01260; DB01380; DB02789; DB06786; DB14596
3723,Penicillin-binding protein 1C,pbpC,1850613,U88571,P76577,PBPC_ECOLI,,,,,Escherichia coli (strain K12),DB01053; DB01327; DB09050
3724,DNA gyrase subunit A,gyrA,14971465,AE005672,P72524,GYRA_STRPN,,,,,Streptococcus pneumoniae serotype 4 (strain ATCC BAA-334 / TIGR4),DB01044; DB06771
3725,DNA gyrase subunit B,gyrB,1052803,X83917,P0A4L9,GYRB_STRPN,,,,,Streptococcus pneumoniae serotype 4 (strain ATCC BAA-334 / TIGR4),DB01044
3726,DNA topoisomerase 4 subunit A,parC,1490399,Z67739,P72525,PARC_STRPN,2NOV; 3FOE; 3FOF; 3K9F; 3KSA; 3KSB; 3LTN; 3RAD; 3RAE; 3RAF; 4JUO; 4KOE; 4KPE; 4KPF,,,,Streptococcus pneumoniae serotype 4 (strain ATCC BAA-334 / TIGR4),DB01044; DB06771
3727,DNA topoisomerase 4 subunit B,parE,1490399,Z67739,Q59961,PARE_STRPN,3FOE; 3FOF; 3K9F; 3KSA; 3KSB; 3LTN; 3RAD; 3RAE; 3RAF; 4JUO; 4KOE; 4KPE; 4KPF,,,,Streptococcus pneumoniae serotype 4 (strain ATCC BAA-334 / TIGR4),DB01044
3736,Tryptase alpha/beta-1,TPSAB1,339981,M33491,Q15661,TRYB1_HUMAN,1LTO; 2F9N; 2F9O; 2F9P; 2ZEB; 2ZEC; 4A6L; 4MPU; 4MPV; 4MPW; 4MPX; 4MQA; 5F03; 5WI6; 6O1F; 6P0P; 6VVU,TPSAB1,,HGNC:12019,Humans,DB00738
9110,Cyclopropane mycolic acid synthase 1,cmaA1,,,P9WPB7,CMAS1_MYCTU,1KP9; 1KPG; 1KPH,,,,Mycobacterium tuberculosis,DB05154
3758,Chymotrypsin-like elastase family member 1,CELA1,4731318,AF120493,Q9UNI1,CELA1_HUMAN,,CELA1,,HGNC:3308,Humans,DB05057
3766,2-Hydroxyacid oxidase 1,HAO1,7530485,AF244134,Q9UJM8,HAOX1_HUMAN,2NZL; 2RDT; 2RDU; 2RDW; 2W0U; 5QIB; 5QIC; 5QID; 5QIE; 5QIF; 5QIG; 5QIH; 6GMB; 6GMC; 6W44; 6W45; 6W4C; 7M2O; 7R4N; 7R4O; 7R4P,HAO1,,HGNC:4809,Humans,DB15935
3772,Mitogen-activated protein kinase 9,MAPK9,598183,L31951,P45984,MK09_HUMAN,3E7O; 3NPC; 7CML; 7N8T; 8ELC,MAPK9,,HGNC:6886,Humans,DB11718
3790,Mitogen-activated protein kinase 8,MAPK8,474901,L26318,P45983,MK08_HUMAN,1UKH; 1UKI; 2G01; 2GMX; 2H96; 2NO3; 2XRW; 2XS0; 3ELJ; 3O17; 3O2M; 3PZE; 3V3V; 3VUD; 3VUG; 3VUH; 3VUI; 3VUK; 3VUL; 3VUM; 4AWI; 4E73; 4G1W; 4HYS; 4HYU; 4IZY; 4L7F; 4QTD; 4UX9; 4YR8; 5LW1; 6F5E; 6ZR5; 8PT8; 8PT9; 8PTA; 8X5M,MAPK8,,HGNC:6881,Humans,DB11718
3798,Poly [ADP-ribose] polymerase 2,PARP2,6688130,AJ236912,Q9UGN5,PARP2_HUMAN,3KCZ; 3KJD; 4PJV; 4TVJ; 4ZZX; 4ZZY; 5D5K; 5DSY; 6F1K; 6F5B; 6F5F; 6TX3; 6USJ; 6X0L; 6X0M; 6X0N; 7AEO; 7R59; 8HE8; 8HKN; 8HKO; 8HKS; 8HLJ; 8HLQ; 8JNY,PARP2,,HGNC:272,Humans,DB09074; DB11760; DB11793; DB12332
3810,Serine/threonine-protein phosphatase PP1-alpha catalytic subunit,PPP1CA,35451,X70848,P62136,PP1A_HUMAN,3E7A; 3E7B; 3EGG; 3EGH; 3HVQ; 3N5U; 3V4Y; 4G9J; 4MOV; 4MOY; 4MP0; 4XPN; 5IOH; 6ALZ; 6CZO; 6DCX; 6DNO; 6G0I; 6G0J; 6GHM; 6OBN; 6OBP; 6OBQ; 6OBR; 6OBS; 6OBU; 6ZEE; 6ZEF; 6ZEG; 6ZEH; 6ZEI; 6ZEJ; 6ZK6; 7QFB; 7QM2; 7T0Y; 7TVF; 7TXH; 7UPI; 8DWK; 8DWL; 8SW5; 8SW6; 8U5G,PPP1CA,,HGNC:9281,Humans,DB12328
3823,Ribosomal protein uL16-like,RPL10L,23491783,AB063608,Q96L21,RL10L_HUMAN,4UG0; 4V6X; 5LKS; 5T2C; 6IP5; 6IP6; 6IP8; 6LQM; 6QZP; 6XA1; 6Y0G; 6Y2L; 6Y57; 6Y6X; 6Z6L; 6Z6M; 6Z6N; 6ZM7; 6ZME; 6ZMI; 6ZMO; 7BHP; 7OW7; 7QVP; 8IFD; 8IFE; 8JDJ; 8JDK; 8JDL; 8JDM; 8OHD; 8OJ0; 8OJ5; 8OJ8; 8QOI; 8XSX; 8Y0W; 8Y0X,RPL10L,,HGNC:17976,Humans,DB01421
3833,Large ribosomal subunit protein uL3,RPL3,313659,X73460,P39023,RL3_HUMAN,4UG0; 4V6X; 5AJ0; 5LKS; 5T2C; 6IP5; 6IP6; 6IP8; 6LQM; 6LSR; 6LSS; 6LU8; 6OLE; 6OLF; 6OLG; 6OLI; 6OLZ; 6OM0; 6OM7; 6QZP; 6W6L; 6XA1; 6Y0G; 6Y2L; 6Y57; 6Y6X; 6Z6L; 6Z6M; 6Z6N; 6ZM7; 6ZME; 6ZMI; 6ZMO; 7BHP; 7F5S; 7QVP; 7XNX; 7XNY; 8A3D; 8FKP; 8FKQ; 8FKR; 8FKS; 8FKT; 8FKU; 8FKV; 8FKW; 8FKX; 8FKY; 8FKZ; 8FL0; 8FL2; 8FL3; 8FL4; 8FL6; 8FL7; 8FL9; 8FLA; 8FLB; 8FLC; 8FLD; 8FLE; 8FLF; 8G5Y; 8G5Z; 8G60; 8G61; 8G6J; 8GLP; 8IDT; 8IDY; 8IE3; 8IFD; 8IFE; 8INE; 8INF; 8INK; 8IPD; 8IPX; 8IPY; 8IR1; 8IR3; 8JDJ; 8JDK; 8JDL; 8JDM; 8K2C; 8OHD; 8OJ0; 8OJ5; 8OJ8; 8QFD; 8QOI; 8XSX; 8XSY; 8XSZ; 8Y0W; 8Y0X; 8YOO; 8YOP,RPL3,,HGNC:10332,Humans,DB04865
3862,"[Pyruvate dehydrogenase (acetyl-transferring)] kinase isozyme 1, mitochondrial",PDK1,1088281,L42450,Q15118,PDK1_HUMAN,2Q8F; 2Q8G; 2Q8H,PDK1,,HGNC:8809,Humans,DB08809
3887,"Electron transfer flavoprotein-ubiquinone oxidoreductase, mitochondrial",ETFDH,545621,S69232,Q16134,ETFD_HUMAN,,ETFDH,,HGNC:3483,Humans,DB00331
3894,Beta-lactamase TEM,bla,208959,J01749,P62593,BLAT_ECOLX,1AXB; 1BT5; 1BTL; 1CK3; 1ERM; 1ERO; 1ERQ; 1ESU; 1FQG; 1JTD; 1JTG; 1JVJ; 1JWP; 1JWV; 1JWZ; 1LHY; 1LI0; 1LI9; 1M40; 1NXY; 1NY0; 1NYM; 1NYY; 1PZO; 1PZP; 1S0W; 1TEM; 1XPB; 1XXM; 1YT4; 1ZG4; 1ZG6; 2B5R; 2V1Z; 2V20; 3C7U; 3C7V; 3CMZ; 3DTM; 3JYI; 3TOI; 4DXB; 4DXC; 4GKU; 4IBR; 4IBX; 4ID4; 4MEZ; 4QY5; 4QY6; 4R4R; 4R4S; 4RVA; 4RX2; 4RX3; 4ZJ1; 4ZJ2; 4ZJ3,,,,Escherichia coli,DB09060; DB12107; DB12377
3997,Phospholipase A2,PLA2G1B,190013,M21054,P04054,PA21B_HUMAN,3ELO; 6Q42,PLA2G1B,,HGNC:9030,Humans,DB00223; DB00795; DB00838; DB02659; DB09031; DB11750
3998,"Fatty acid-binding protein, liver",FABP1,182358,M10617,P07148,FABPL_HUMAN,2F73; 2L67; 2L68; 2LKK; 2PY1; 3B2H; 3B2I; 3B2J; 3B2K; 3B2L; 3STK; 3STM; 3STN; 3VG2; 3VG3; 3VG4; 3VG5; 3VG6; 3VG7; 6DO6; 6DO7; 6DRG; 6MP4; 7DZE; 7DZF; 7DZG; 7DZH; 7DZI; 7DZJ; 7DZK; 7DZL; 7FXO; 7FY8; 7FYA; 7G00; 7G0W; 7G1X,FABP1,,HGNC:3555,Humans,DB04224; DB13873
4004,NS3 protease,,14150583,AF369229,Q91RS4,Q91RS4_9HEPC,2A4Q; 2F9U; 2OBO; 2P59; 2XCN,,,,Hepatitis C Virus,DB06290; DB13879
4041,STE20-like serine/threonine-protein kinase,SLK,1944185,AB002804,Q9H2G2,SLK_HUMAN,2J51; 2JFL; 2JFM; 2UV2; 4USF; 6HVD; 8BEM,SLK,,HGNC:11088,Humans,DB06616
4049,Protein mono-ADP-ribosyltransferase PARP3,PARP3,29788060,Y16836,Q9Y6F1,PARP3_HUMAN,2EOC; 3C49; 3C4H; 3CE0; 3FHB; 4GV0; 4GV2; 4GV4; 4L6Z; 4L70; 4L7L; 4L7N; 4L7O; 4L7P; 4L7R; 4L7U,PARP3,,HGNC:273,Humans,DB09074; DB12332
4071,GTPase KRas,KRAS,186764,M54968,P01116,RASK_HUMAN,1D8D; 1D8E; 1KZO; 1KZP; 1N4P; 1N4Q; 1N4R; 1N4S; 2MSC; 2MSD; 2MSE; 3GFT; 4DSN; 4DSO; 4EPR; 4EPT; 4EPV; 4EPW; 4EPX; 4EPY; 4L8G; 4LDJ; 4LPK; 4LRW; 4LUC; 4LV6; 4LYF; 4LYH; 4LYJ; 4M1O; 4M1S; 4M1T; 4M1W; 4M1Y; 4M21; 4M22; 4NMM; 4OBE; 4PZY; 4PZZ; 4Q01; 4Q02; 4Q03; 4QL3; 4TQ9; 4TQA; 4WA7; 5F2E; 5KYK; 5MLA; 5MLB; 5O2S; 5O2T; 5OCG; 5OCO; 5OCT; 5TAR; 5TB5; 5UFE; 5UFQ; 5UK9; 5UQW; 5US4; 5USJ; 5V6S; 5V6V; 5V71; 5V9L; 5V9O; 5V9U; 5VBM; 5VP7; 5VPI; 5VPY; 5VPZ; 5VQ0; 5VQ1; 5VQ2; 5VQ6; 5VQ8; 5W22; 5WHA; 5WHB; 5WHD; 5WHE; 5WLB; 5WPM; 5XCO; 5YXZ; 5YY1; 6ARK; 6ASA; 6ASE; 6B0V; 6B0Y; 6BOF; 6BP1; 6CC9; 6CCH; 6CCX; 6CU6; 6E6F; 6E6G; 6EPL; 6EPM; 6EPN; 6EPO; 6EPP; 6F76; 6FA1; 6FA2; 6FA3; 6FA4; 6GJ5; 6GJ6; 6GJ7; 6GJ8; 6GOD; 6GOE; 6GOF; 6GOG; 6GOM; 6GQT; 6GQW; 6GQX; 6GQY; 6H46; 6H47; 6JTN; 6JTO; 6JTP; 6M9W; 6MBQ; 6MBT; 6MBU; 6MNX; 6MQG; 6MQN; 6MS9; 6MTA; 6N2J; 6N2K; 6O36; 6O46; 6O4Y; 6O4Z; 6O51; 6O53; 6OB2; 6OB3; 6OIM; 6P0Z; 6P8W; 6P8X; 6P8Y; 6P8Z; 6PGO; 6PGP; 6PQ3; 6PTS; 6PTW; 6QUU; 6QUV; 6QUW; 6QUX; 6T5B; 6T5U; 6T5V; 6TAM; 6TAN; 6USX; 6USZ; 6UT0; 6V5L; 6V65; 6V6F; 6VC8; 6VJJ; 6W4E; 6W4F; 6WGN; 6WS2; 6WS4; 6XGU; 6XGV; 6XHA; 6XHB; 6YR8; 6YXW; 6ZL5; 6ZLI; 7A1W; 7A1X; 7A1Y; 7A47; 7ACA; 7ACF; 7ACH; 7ACQ; 7C40; 7C41; 7EW9; 7EWA; 7EWB; 7EYX; 7F0W; 7KFZ; 7KMR; 7KYZ; 7LC1; 7LC2; 7LGI; 7LZ5; 7MDP; 7MQU; 7NY8; 7O70; 7OK3; 7OK4; 7OO7; 7Q9U; 7R0M; 7R0N; 7R0Q; 7ROV; 7RP2; 7RP3; 7RP4; 7RPZ; 7RSC; 7RSE; 7RT1; 7RT2; 7RT3; 7RT4; 7RT5; 7SCW; 7SCX; 7STF; 7T1F; 7T47; 7TLE; 7TLG; 7TLK; 7U8H; 7VVB; 7W5R; 7YCC; 7YCE; 7YUZ; 7YV1; 8AFB; 8AFC; 8AFD; 8AQ5; 8AQ7; 8AZR; 8AZV; 8AZX; 8AZY; 8AZZ; 8B00; 8B69; 8B6I; 8B78; 8BE3; 8BE4; 8BE5; 8BLR; 8CPR; 8CX5; 8DGS; 8DGT; 8DNI; 8DNJ; 8DNK; 8DVG; 8EBZ; 8ECR; 8EDY; 8EER; 8EIE; 8EPW; 8EZG; 8F0M; 8FMI; 8FMJ; 8FMK; 8G42; 8G47; 8G4F; 8G4H; 8G9P; 8G9Q; 8I5C; 8I5D; 8I5E; 8JGD; 8JHL; 8JJS; 8ONV; 8QU8; 8QUG; 8QVU; 8QW6; 8QW7; 8S8C; 8STM; 8STN; 8T4V; 8T71; 8T72; 8T73; 8T74; 8T75; 8TBF; 8TBH; 8TBJ; 8TBK; 8TBL; 8TBM; 8TBN; 8TVK; 8TXE; 8TXG; 8TXH; 8TXJ; 8TXK; 8TY2; 8TY8; 8TY9; 8UN3; 8UN4; 8UN5; 8VR9; 8VRA; 8VRB; 8WTE; 8WUL; 8X6R; 9AX6; 9BFY; 9BG1,KRAS,,HGNC:6407,Humans,DB15568; DB15569
4102,BoNT/A,bont/a,,,Q7B8V4,Q7B8V4_CLOBO,2ISE; 2ISG; 2ISH; 3NF3,,,,Clostridium botulinum,DB13900
4136,Reverse transcriptase/RNaseH,pol,896047,U28646,Q72547,Q72547_9HIV1,2JLE; 3HYF; 3QIN; 3QIO,,,,Human immunodeficiency virus 1,DB00238; DB00300; DB00495; DB00625; DB00649; DB00705; DB00709; DB00879; DB00900; DB00943; DB01048; DB08864; DB09299; DB11799
4145,Tyrosine-protein kinase JAK1,JAK1,,,P23458,JAK1_HUMAN,3EYG; 3EYH; 4E4L; 4E4N; 4E5W; 4EHZ; 4EI4; 4FK6; 4GS0; 4I5C; 4IVB; 4IVC; 4IVD; 4K6Z; 4K77; 4L00; 4L01; 5E1E; 5HX8; 5IXD; 5IXI; 5KHW; 5KHX; 5L04; 5WO4; 6AAH; 6BBU; 6C7Y; 6DBN; 6ELR; 6GGH; 6HZU; 6N77; 6N78; 6N79; 6N7A; 6N7B; 6N7C; 6N7D; 6RSB; 6RSC; 6RSD; 6RSE; 6RSH; 6SM8; 6SMB; 6TPE; 6TPF; 6W8L; 8EXJ,JAK1,,HGNC:6190,Humans,DB08877; DB08895; DB11763; DB11817; DB14845; DB14973; DB15091
4146,Non-receptor tyrosine-protein kinase TYK2,TYK2,37504,X54637,P29597,TYK2_HUMAN,3LXN; 3LXP; 3NYX; 3NZ0; 3ZON; 4GFO; 4GIH; 4GII; 4GJ2; 4GJ3; 4GVJ; 4OLI; 4PO6; 4PY1; 4WOV; 5C01; 5C03; 5F1Z; 5F20; 5TKD; 5WAL; 6AAM; 6DBK; 6DBM; 6NSL; 6NZE; 6NZF; 6NZH; 6NZP; 6NZQ; 6NZR; 6OVA; 6VNS; 6VNV; 6VNX; 6VNY; 6X8F; 6X8G; 7AX4; 7K7O; 7K7Q; 7UYR; 7UYS; 7UYT; 7UYU; 8EXN; 8EYC; 8S98; 8S99; 8S9A; 8TB5; 8TB6,TYK2,,HGNC:12440,Humans,DB08877; DB16650
4149,Annexin A5,ANXA5,,,P08758,ANXA5_HUMAN,1ANW; 1ANX; 1AVH; 1AVR; 1HAK; 1HVD; 1HVE; 1HVF; 1HVG; 1SAV; 2XO2; 2XO3; 6K22; 6K25; 8GYC; 8H0J; 8H9Z,ANXA5,,HGNC:543,Humans,DB00591
4185,Beta-lactamase SHV-1,bla,151861,M59181,P0AD64,BLA1_KLEPN,1ONG; 1Q2P; 1RCJ; 1SHV; 1TDG; 1TDL; 1VM1; 2A3U; 2A49; 2G2U; 2G2W; 2H0T; 2H0Y; 2H10; 2H5S; 2ZD8; 3C4O; 3C4P; 3D4F; 3MKE; 3MKF; 3MXR; 3MXS; 3N4I; 3OPH; 3OPL; 3OPP; 3OPR; 3V50; 3V5M; 4FCF; 4FD8; 4FH2; 4FH4; 4GD6; 4GD8; 4GDB; 4JPM; 4MBF; 4MBH; 4MBK; 4R3B; 4ZAM; 5EE8,,,,Klebsiella pneumoniae,DB09060; DB12107
4191,Rho-associated protein kinase 2,ROCK2,4520225,D87931,O75116,ROCK2_HUMAN,4L6Q; 4WOT; 5U7Q; 5U7R; 6ED6; 6P5M; 6P5P; 7JNT; 7JOV; 7P6N; 8GDS,ROCK2,,HGNC:10252,Humans,DB13931; DB16703
4238,Protein phosphatase 3 catalytic subunit alpha,PPP3CA,306477,L14778,Q08209,PP2BA_HUMAN,1AUI; 1M63; 1MF8; 2JOG; 2JZI; 2P6B; 2R28; 2W73; 3LL8; 4F0Z; 4Q5U; 5C1V; 5SVE; 6NUC; 6NUF; 6NUU; 6UUQ,PPP3CA,,HGNC:9314,Humans,DB00091; DB00337; DB00864; DB11693
4258,O-GlcNAcase BT_4395,,29337303,AE015928,Q89ZI2,OGA_BACTN,2CHN; 2CHO; 2J47; 2J4G; 2JIW; 2VVN; 2VVS; 2W4X; 2W66; 2W67; 2WCA; 2WZH; 2WZI; 2X0H; 2XJ7; 2XM1; 2XM2; 4AIS; 4AIU; 4UR9; 5ABE; 5ABF; 5ABG; 5ABH,,,,Bacteroides thetaiotaomicron (strain ATCC 29148 / DSM 2079 / NCTC 10582 / E50 / VPI-5482),DB00428
4281,Elongation factor 2,EEF2,31106,X51466,P13639,EF2_HUMAN,4V6X; 6D9J; 6Z6M; 6Z6N; 8XSX; 8Y0W; 8Y0X,EEF2,,HGNC:3214,Humans,DB12688
4290,Penicillin-binding protein 1A,pbpA,153767,M90527,Q8DR59,PBPA_STRR6,2C5W; 2C6W; 2V2F; 2ZC5; 2ZC6,,,,Streptococcus pneumoniae (strain ATCC BAA-255 / R6),DB00415; DB00456; DB00485; DB00493; DB00567; DB00607; DB00713; DB00739; DB01000; DB01140; DB01147; DB01331; DB01603
4294,Myosin-7,MYH7,179510,M58018,P12883,MYH7_HUMAN,2FXM; 2FXO; 3DTP; 4DB1; 4P7H; 4PA0; 4XA1; 4XA3; 4XA4; 4XA6; 5CHX; 5CJ0; 5CJ1; 5CJ4; 5TBY; 5WJ7; 5WJB; 5WLQ; 5WLZ; 5WME; 6PF2; 6PFP; 8ACT; 8EFD; 8EFE; 8EFH; 8EFI; 8ENC; 8G4L,MYH7,,HGNC:7577,Humans,DB14921
4315,Tyrosine-protein kinase Lyn,LYN,307144,M16038,P07948,LYN_HUMAN,1W1F; 1WA7; 3A4O; 5XY1; 6NMW; 8WFF,LYN,,HGNC:6735,Humans,DB06616
4335,Penicillin-binding protein 1b,pbp1b,15457529,AE007317,Q7CRA4,Q7CRA4_STRR6,2UWX; 2XD1; 2XD5; 2Y2G; 2Y2H; 2Y2I; 2Y2J; 2Y2K; 2Y2L; 2Y2M; 2Y2N; 2Y2O; 2Y2P; 2Y2Q,,,,Streptococcus pneumoniae (strain ATCC BAA-255 / R6),DB00319; DB00415; DB00456; DB00485; DB00493; DB00567; DB00607; DB00713; DB00739; DB01140; DB01331; DB01603
4347,Enoyl-[acyl-carrier-protein] reductase [NADPH] FabI,fabI,49240383,BX571856,Q6GI75,FABI_STAAR,3GNS; 3GNT; 3GR6; 4FS3,,,,Staphylococcus aureus (strain MRSA252),DB11155
4384,Calcium/calmodulin-dependent protein kinase type II subunit gamma,CAMK2G,21707842,BC034044,Q13555,KCC2G_HUMAN,2UX0; 2V7O,CAMK2G,,HGNC:1463,Humans,DB06616
4425,Small conductance calcium-activated potassium channel protein 1,KCNN1,1575661,U69883,Q92952,KCNN1_HUMAN,,KCNN1,,HGNC:6290,Humans,DB04209
4426,Small conductance calcium-activated potassium channel protein 2,KCNN2,10334701,AF239613,Q9H2S1,KCNN2_HUMAN,5V02; 5WBX; 5WC5; 6ALE,KCNN2,,HGNC:6291,Humans,DB04209
4427,Small conductance calcium-activated potassium channel protein 3,KCNN3,3309531,AF031815,Q9UGI6,KCNN3_HUMAN,,KCNN3,,HGNC:6292,Humans,DB04209
4428,Cytochrome b,MT-CYB,2978420,M99416,Q02768,CYB_PLAFA,,,,,Plasmodium falciparum,DB01117
4430,D-alanyl-D-alanine endopeptidase,pbpG,,,P0AFI5,PBP7_ECOLI,,,,,Escherichia coli (strain K12),DB01331
4435,Oxygen-insensitive NADPH nitroreductase,rdxA,,,O25608,RDXA_HELPY,3QDL,,,,Helicobacter pylori (strain ATCC 700392 / 26695),DB00916
4467,Myoglobin,MB,,,P02144,MYG_HUMAN,3RGK,MB,,HGNC:6915,Humans,DB11588
4494,Cation-dependent mannose-6-phosphate receptor,M6PR,,,P20645,MPRD_HUMAN,1JUQ,M6PR,,HGNC:6752,Humans,DB01272
4499,Thymidine kinase,TK,,,P09250,KITH_VZVD,,,,,,DB00194
4500,"Enoyl-CoA hydratase, mitochondrial",ECHS1,,,P30084,ECHM_HUMAN,2HW5,ECHS1,,HGNC:3151,Humans,DB09568
4502,Potassium voltage-gated channel subfamily A member 4,KCNA4,,,P22459,KCNA4_HUMAN,,KCNA4,,HGNC:6222,Humans,DB06637
4523,Bile salt-activated lipase,CEL,,,P19835,CEL_HUMAN,1F6W; 1JMY; 6H0T; 6H0V; 6H18; 6H19; 6H1A,CEL,,HGNC:1848,Humans,DB04348
4525,V-type proton ATPase subunit C 1,ATP6V1C1,,,P21283,VATC1_HUMAN,6WM2; 6WM3; 6WM4; 7U4T; 7UNF,ATP6V1C1,,HGNC:856,Humans,DB09552
4527,"Isocitrate dehydrogenase [NADP], mitochondrial",IDH2,,,P48735,IDHP_HUMAN,4JA8; 5GIS; 5I95; 5I96; 5SVN; 5SVO; 6ADI; 6UJ7; 6UJ8; 6UJ9; 6VFZ,IDH2,,HGNC:5383,Humans,DB13874; DB17097
4624,Transient receptor potential cation channel subfamily M member 7,TRPM7,,,Q96QT4,TRPM7_HUMAN,,TRPM7,,HGNC:17994,Humans,DB00179
4639,"Thymidine kinase 2, mitochondrial",TK2,,,O00142,KITM_HUMAN,,TK2,,HGNC:11831,Humans,DB03312
4643,Penicillin-binding protein 3,pbp3,,,Q75Y35,Q75Y35_STREE,,,,,Streptococcus pneumoniae,DB00319; DB00415; DB00447; DB00456; DB00485; DB00567; DB00607; DB00713; DB00739; DB00833; DB00948; DB01000; DB01140; DB01330; DB01331; DB01603
4644,Penicillin-binding protein 2a,pbp2a,,,Q8DNB6,Q8DNB6_STRR6,,,,,Streptococcus pneumoniae (strain ATCC BAA-255 / R6),DB00319; DB00415; DB00456; DB00485; DB00493; DB00567; DB00607; DB00713; DB00739; DB01331; DB01603
4647,Cell division protein,pbpB,,,Q51504,Q51504_PSEAI,3OC2; 3OCL; 3OCN; 3PBN; 3PBO; 3PBQ; 3PBS; 4FSF; 4L0L,,,,Pseudomonas aeruginosa,DB01413; DB06211; DB09050; DB14879
4648,Penicillin-binding protein 2,pbpA,,,Q9X6V3,Q9X6V3_PSEAI,,,,,Pseudomonas aeruginosa,DB14879
4650,50S ribosomal protein L16,rplP,,,P0ADY7,RL16_ECOLI,2J28; 2RDO; 3BBX; 3J5L; 3J7Z; 3J8G; 3J9Y; 3J9Z; 3JA1; 4CSU; 4U1U; 4U1V; 4U20; 4U24; 4U25; 4U26; 4U27; 4UY8; 4V47; 4V48; 4V4H; 4V4Q; 4V4V; 4V4W; 4V50; 4V52; 4V53; 4V54; 4V55; 4V56; 4V57; 4V5B; 4V5H; 4V5Y; 4V64; 4V65; 4V66; 4V69; 4V6C; 4V6D; 4V6E; 4V6K; 4V6L; 4V6M; 4V6N; 4V6O; 4V6P; 4V6Q; 4V6R; 4V6S; 4V6T; 4V6V; 4V6Y; 4V6Z; 4V70; 4V71; 4V72; 4V73; 4V74; 4V75; 4V76; 4V77; 4V78; 4V79; 4V7A; 4V7B; 4V7C; 4V7D; 4V7I; 4V7S; 4V7T; 4V7U; 4V7V; 4V85; 4V89; 4V9C; 4V9D; 4V9O; 4V9P; 4WF1; 4WOI; 4WWW; 4YBB; 5ADY; 5AFI; 5AKA,,,,Escherichia coli (strain K12),DB00446
4651,30S ribosomal protein S3,rpsC,,,P0A7V3,RS3_ECOLI,1M5G; 2YKR; 3J9Y; 3J9Z; 3JA1; 4A2I; 4ADV; 4ODQ; 4U1U; 4U1V; 4U20; 4U24; 4U25; 4U26; 4U27; 4V47; 4V48; 4V4H; 4V4Q; 4V4V; 4V4W; 4V50; 4V52; 4V53; 4V54; 4V55; 4V56; 4V57; 4V5B; 4V5H; 4V5Y; 4V64; 4V65; 4V66; 4V69; 4V6C; 4V6D; 4V6E; 4V6K; 4V6L; 4V6M; 4V6N; 4V6O; 4V6P; 4V6Q; 4V6R; 4V6S; 4V6T; 4V6V; 4V6Y; 4V6Z; 4V70; 4V71; 4V72; 4V73; 4V74; 4V75; 4V76; 4V77; 4V78; 4V79; 4V7A; 4V7B; 4V7C; 4V7D; 4V7I; 4V7S; 4V7T; 4V7U; 4V7V; 4V85; 4V89; 4V9C; 4V9D; 4V9O; 4V9P; 4WF1; 4WOI; 4WWW; 4YBB; 5AFI,,,,Escherichia coli (strain K12),DB00759; DB09093; DB12455
4652,30S ribosomal protein S8,rpsH,,,P0A7W7,RS8_ECOLI,1EG0; 1M5G; 1S03; 2YKR; 3J9Y; 3J9Z; 3JA1; 4A2I; 4ADV; 4U1U; 4U1V; 4U20; 4U24; 4U25; 4U26; 4U27; 4V47; 4V48; 4V4H; 4V4Q; 4V4V; 4V4W; 4V50; 4V52; 4V53; 4V54; 4V55; 4V56; 4V57; 4V5B; 4V5H; 4V5Y; 4V64; 4V65; 4V66; 4V69; 4V6C; 4V6D; 4V6E; 4V6K; 4V6L; 4V6M; 4V6N; 4V6O; 4V6P; 4V6Q; 4V6R; 4V6S; 4V6T; 4V6V; 4V6Y; 4V6Z; 4V70; 4V71; 4V72; 4V73; 4V74; 4V75; 4V76; 4V77; 4V78; 4V79; 4V7A; 4V7B; 4V7C; 4V7D; 4V7I; 4V7S; 4V7T; 4V7U; 4V7V; 4V85; 4V89; 4V9C; 4V9D; 4V9O; 4V9P; 4WF1; 4WOI; 4WWW; 4YBB; 5AFI,,,,Escherichia coli (strain K12),DB00759; DB09093; DB12455
4653,30S ribosomal protein S7,rpsG,,,P02359,RS7_ECOLI,1EG0; 1M5G; 1ML5; 2YKR; 3J5S; 3J9Y; 3J9Z; 3JA1; 4A2I; 4ADV; 4U1U; 4U1V; 4U20; 4U24; 4U25; 4U26; 4U27; 4V47; 4V48; 4V4H; 4V4Q; 4V4V; 4V4W; 4V50; 4V52; 4V53; 4V54; 4V55; 4V56; 4V57; 4V5B; 4V5H; 4V5Y; 4V64; 4V65; 4V66; 4V69; 4V6C; 4V6D; 4V6E; 4V6K; 4V6L; 4V6M; 4V6N; 4V6O; 4V6P; 4V6Q; 4V6R; 4V6S; 4V6T; 4V6V; 4V6Y; 4V6Z; 4V70; 4V71; 4V72; 4V73; 4V74; 4V75; 4V76; 4V77; 4V78; 4V79; 4V7A; 4V7B; 4V7C; 4V7D; 4V7I; 4V7S; 4V7T; 4V7U; 4V7V; 4V85; 4V89; 4V9C; 4V9D; 4V9O; 4V9P; 4WF1; 4WOI; 4WWW; 4YBB; 5AFI,,,,Escherichia coli (strain K12),DB00759; DB09093; DB12455
4657,Dihydropteroate synthase type-1,sulI,,,P0C002,DHP1_ECOLX,,,,,Escherichia coli,DB00634
4658,Folic acid synthesis protein FOL1,FOL1,,,P53848,FOL1_YEAST,2BMB,,,,Baker's yeast,DB00634
4659,Protein smoothened,SMO,,,Q99835,SMO_HUMAN,4JKV; 4N4W; 4O9R; 4QIM; 4QIN; 5L7D; 5L7I; 5V56; 5V57; 6OT0; 6XBJ; 6XBK; 6XBL; 6XBM; 7ZI0,SMO,,HGNC:11119,Humans,DB08828; DB09143; DB11978
4660,"Keratin, type I cytoskeletal 12",KRT12,,,Q99456,K1C12_HUMAN,,KRT12,,HGNC:6414,Humans,DB11157
4661,Acetylcholine receptor subunit alpha,CHRNA1,,,P02708,ACHA_HUMAN,4ZJS; 5HBT,CHRNA1,,HGNC:1955,Humans,DB01245
4668,Lanosterol synthase,ERG7,,,Q04782,ERG7_CANAL,,,,,Yeast,DB00239
4669,"1,3-beta-glucan synthase component FKS1",fksA,,,A2QLK4,FKS1_ASPNC,,,,,Aspergillus niger (strain CBS 513.88 / FGSC A1513),DB00362; DB00520; DB01141; DB16310
4670,Squalene monooxygenase,ERG1,,,Q92206,ERG1_CANAL,,,,,Yeast,DB00525; DB00857; DB01091
4671,"Carbamoyl-phosphate synthase [ammonia], mitochondrial",CPS1,,,P31327,CPSM_HUMAN,2YVQ; 4UTR; 4UTV; 4UTX; 4UTZ; 4UU7; 4UU8; 4UUA; 4UUB; 5DOT; 5DOU; 5OJO; 6UEL; 6W2J,CPS1,,HGNC:2323,Humans,DB06775
4672,Coagulation factor XII,F12,,,P00748,FA12_HUMAN,4BDW; 4BDX; 4XDE; 4XE4; 6B74; 6B77; 6GT6; 6L63; 6QF7; 6SZW; 6X0S; 6X0T; 7FBP; 7PRJ; 7PRK; 8R8D,F12,,HGNC:3530,Humans,DB06404; DB06689; DB09228
4674,Chromaffin granule amine transporter,SLC18A1,,,P54219,VMAT1_HUMAN,8TGG; 8TGH; 8TGI; 8TGJ; 8TGK; 8TGL; 8TGM; 8TGN,SLC18A1,,HGNC:10934,Humans,DB01577
4684,Putative high affinity immunoglobulin gamma Fc receptor IB,FCGR1BP,,,Q92637,FCGRB_HUMAN,,FCGR1BP,,HGNC:3614,Humans,DB00028
4685,Complement C4-A,C4A,,,P0C0L4,CO4A_HUMAN,1HZF; 5JPM; 5JPN; 5JTW; 6YSQ,C4A,,HGNC:1323,Humans,DB00028
4686,Complement C4-B,C4B,,,P0C0L5,CO4B_HUMAN,6YSQ,C4B_2,,HGNC:42398,Humans,DB00028
4688,5-hydroxytryptamine receptor 5A,HTR5A,,,P47898,5HT5A_HUMAN,7UM4; 7UM5; 7UM6; 7UM7; 7X5H,HTR5A,,HGNC:5300,Humans,DB13520
4698,Neutral alpha-glucosidase AB,GANAB,,,Q14697,GANAB_HUMAN,8D43; 8EMR,GANAB,,HGNC:4138,Humans,DB00491
4699,Neutral alpha-glucosidase C,GANC,,,Q8TET4,GANC_HUMAN,,GANC,,HGNC:4139,Humans,DB00491
4701,Genome polyprotein,NS3/4A,,,B0B3C9,B0B3C9_9HEPC,,,,,Hepatitis C Virus,DB05521; DB06290; DB08873; DB09297; DB11575; DB12026; DB13879
4702,Hyaluronan mediated motility receptor,HMMR,,,O75330,HMMR_HUMAN,,HMMR,,HGNC:5012,Humans,DB08818
4703,Parathyroid hormone 2 receptor,PTH2R,,,P49190,PTH2R_HUMAN,7F16,PTH2R,,HGNC:9609,Humans,DB05829
4711,Reduced folate transporter,SLC19A1,,,P41440,S19A1_HUMAN,7TX6; 7TX7; 7XPZ; 7XQ0; 7XQ1; 7XQ2; 7XTK; 8DEP; 8GOE; 8GOF; 8HII; 8HIJ; 8HIK,SLC19A1,,HGNC:10937,Humans,DB00158; DB00563
4715,Potassium voltage-gated channel subfamily A member 2,KCNA2,,,P16389,KCNA2_HUMAN,,KCNA2,,HGNC:6220,Humans,DB06637
4716,Potassium voltage-gated channel subfamily A member 3,KCNA3,,,P22001,KCNA3_HUMAN,4BGC; 7EJ1; 7EJ2; 7SSV; 7SSX; 7SSY; 7SSZ; 8DFL,KCNA3,,HGNC:6221,Humans,DB06637
4717,Potassium voltage-gated channel subfamily A member 5,KCNA5,,,P22460,KCNA5_HUMAN,,KCNA5,,HGNC:6224,Humans,DB04855; DB06217; DB06637
4718,Potassium voltage-gated channel subfamily A member 6,KCNA6,,,P17658,KCNA6_HUMAN,,KCNA6,,HGNC:6225,Humans,DB06637
4719,Potassium voltage-gated channel subfamily A member 7,KCNA7,,,Q96RP8,KCNA7_HUMAN,,KCNA7,,HGNC:6226,Humans,DB06637
4720,Potassium voltage-gated channel subfamily A member 10,KCNA10,,,Q16322,KCA10_HUMAN,,KCNA10,,HGNC:6219,Humans,DB06637
4721,Potassium voltage-gated channel subfamily B member 1,KCNB1,,,Q14721,KCNB1_HUMAN,7RE5; 7SPD,KCNB1,,HGNC:6231,Humans,DB06637
4722,Potassium voltage-gated channel subfamily B member 2,KCNB2,,,Q92953,KCNB2_HUMAN,,KCNB2,,HGNC:6232,Humans,DB06637
4723,Voltage-gated potassium channel KCNC1,KCNC1,,,P48547,KCNC1_HUMAN,7PHH; 7PHI; 7PHK; 7PHL; 7PQT; 7PQU; 8F1C; 8F1D; 8QUC; 8QUD,KCNC1,,HGNC:6233,Humans,DB06637
4724,Voltage-gated potassium channel KCNC2,KCNC2,,,Q96PR1,KCNC2_HUMAN,,KCNC2,,HGNC:6234,Humans,DB06637
4725,Voltage-gated potassium channel KCNC3,KCNC3,,,Q14003,KCNC3_HUMAN,,KCNC3,,HGNC:6235,Humans,DB06637
4726,A-type voltage-gated potassium channel KCND1,KCND1,,,Q9NSA2,KCND1_HUMAN,,KCND1,,HGNC:6237,Humans,DB06637
4728,Sphingosine kinase 1,SPHK1,,,Q9NYA1,SPHK1_HUMAN,3VZB; 3VZC; 3VZD; 4L02; 4V24,SPHK1,,HGNC:11240,Humans,DB08868
4732,RNA polymerase sigma factor SigA,sigA1,,,Q18BX5,Q18BX5_PEPD6,,,,,Clostridium difficile (strain 630),DB08874
4733,Sodium- and chloride-dependent GABA transporter 3,SLC6A11,,,P48066,S6A11_HUMAN,,SLC6A11,,HGNC:11044,Humans,DB02530
4736,Vascular endothelial growth factor B,VEGFB,,,P49765,VEGFB_HUMAN,2C7W; 2VWE; 2XAC; 6TKK,VEGFB,,HGNC:12681,Humans,DB08885
4737,Proteasome subunit beta type-9,PSMB9,,,P28065,PSB9_HUMAN,6AVO; 6E5B; 7AWE; 7B12; 9FST,PSMB9,,HGNC:9546,Humans,DB08889
4738,Proteasome subunit beta type-10,PSMB10,,,P40306,PSB10_HUMAN,6AVO; 6E5B; 6HV3; 6HV4; 6HV5; 6HV7; 6HVA; 6HVR; 6HVS; 6HVT; 6HVU; 6HVV; 6HVW; 7AWE; 7B12; 9FSV,PSMB10,,HGNC:9538,Humans,DB08889
4739,Proteasome subunit beta type-8,PSMB8,,,P28062,PSB8_HUMAN,5L5A; 5L5B; 5L5D; 5L5E; 5L5F; 5L5H; 5L5I; 5L5J; 5L5O; 5L5P; 5L5Q; 5L5R; 5L5S; 5L5T; 5L5U; 5L5V; 5LTT; 5M2B; 6AVO; 6E5B; 7AWE; 7B12,PSMB8,,HGNC:9545,Humans,DB08889
4741,Discoidin domain-containing receptor 2,DDR2,,,Q16832,DDR2_HUMAN,2WUH; 2Z4F; 6FER; 7AZB,DDR2,,HGNC:2731,Humans,DB08896
4742,Tyrosine-protein kinase FRK,FRK,,,P42685,FRK_HUMAN,,FRK,,HGNC:3955,Humans,DB08896
4743,Breakpoint cluster region protein,BCR,,,P11274,BCR_HUMAN,1K1F; 2AIN; 5N6R; 5N7E; 5OC7,BCR,,HGNC:1014,Humans,DB00619; DB01254; DB08901
4744,Dual specificity mitogen-activated protein kinase kinase 2,MAP2K2,,,P36507,MP2K2_HUMAN,1S9I; 4H3Q,MAP2K2,,HGNC:6842,Humans,DB06616; DB08911; DB11689; DB11967
4745,Mitogen-activated protein kinase kinase kinase 2,MAP3K2,,,Q9Y2U5,M3K2_HUMAN,2CU1; 2NPT; 5EX0; 5HQ8; 6LDV; 6LDW; 6LDX; 6LDY,MAP3K2,,HGNC:6854,Humans,DB06616
4746,Anoctamin-1,ANO1,,,Q5XXA6,ANO1_HUMAN,,ANO1,,HGNC:21625,Humans,DB04941; DB09372
4747,Protective antigen,pagA,,,P13423,PAG_BACAN,1ACC; 1T6B; 1TX5; 1TZN; 1TZO; 1V36; 3ETB; 3INO; 3J9C; 3KWV; 3MHZ; 3Q8A; 3Q8B; 3Q8C; 3Q8E; 3Q8F; 3TEW; 3TEX; 3TEY; 3TEZ; 4EE2; 4H2A; 4NAM,,,,Bacillus anthracis,DB05336; DB08902; DB09057
9136,ATP synthase subunit c,atpE,,,P9WPS1,ATPL_MYCTU,,,,,Mycobacterium tuberculosis,DB08903
4749,50S ribosomal protein L2,rpl2,,,P20276,RL2_HALMA,1C04; 1FFK; 1JJ2; 1K73; 1K8A; 1K9M; 1KC8; 1KD1; 1KQS; 1M1K; 1M90; 1N8R; 1NJI; 1Q7Y; 1Q81; 1Q82; 1Q86; 1QVF; 1QVG; 1S72; 1VQ4; 1VQ5; 1VQ6; 1VQ7; 1VQ8; 1VQ9; 1VQK; 1VQL; 1VQM; 1VQN; 1VQO; 1VQP; 1W2B; 1YHQ; 1YI2; 1YIJ; 1YIT; 1YJ9; 1YJN; 1YJW; 2OTJ; 2OTL; 2QA4; 2QEX; 3CC2; 3CC4; 3CC7; 3CCE; 3CCJ; 3CCL; 3CCM; 3CCQ; 3CCR; 3CCS; 3CCU; 3CCV; 3CD6; 3CMA; 3CME; 3CPW; 3CXC; 3G4S; 3G6E; 3G71; 3I55; 3I56; 3OW2; 4ADX; 4V9F,,,,Haloarcula marismortui (strain ATCC 43049 / DSM 3752 / JCM 8966 / VKM B-1809),DB04865
4753,Sodium/glucose cotransporter 2,SLC5A2,,,P31639,SC5A2_HUMAN,7VSI; 7YNJ; 7YNK; 8HB0; 8HDH; 8HEZ; 8HG7; 8HIN,SLC5A2,,HGNC:11037,Humans,DB06292; DB08907; DB09038; DB11827; DB12236; DB12713
4754,Sodium/glucose cotransporter 1,SLC5A1,,,P13866,SC5A1_HUMAN,7SL8; 7SLA; 7WMV; 7YNI,SLC5A1,,HGNC:11036,Humans,DB12713
4755,Protein cereblon,CRBN,,,Q96SW2,CRBN_HUMAN,4M91; 4TZ4; 5FQD; 5HXB; 5V3O; 6BN7; 6BN8; 6BN9; 6BNB; 6BOY; 6H0F; 6H0G; 6UML; 6XK9; 7BQU; 7BQV; 7LPS; 7U8F; 8CVP; 8D7U; 8D7V; 8D7W; 8D7X; 8D7Y; 8D7Z; 8D80; 8D81; 8DEY; 8G66; 8OIZ; 8OJH; 8TNP; 8TNQ; 8TNR; 8TZX; 8U15; 8U16; 8U17; 9CUO,CRBN,,HGNC:30185,Humans,DB00480; DB01041; DB08910
4756,Kelch-like ECH-associated protein 1,KEAP1,,,Q14145,KEAP1_HUMAN,1U6D; 1ZGK; 2FLU; 3VNG; 3VNH; 3ZGC; 3ZGD; 4CXI; 4CXJ; 4CXT; 4IFJ; 4IFL; 4IFN; 4IN4; 4IQK; 4L7B; 4L7C; 4L7D; 4N1B; 4XMB; 5DAD; 5DAF; 5F72; 5GIT; 5NLB; 5WFL; 5WFV; 5WG1; 5WHL; 5WHO; 5WIY; 5X54; 6FFM; 6FMP; 6FMQ; 6HWS; 6LRZ; 6ROG; 6SP1; 6SP4; 6T7V; 6T7Z; 6TG8; 6TYM; 6TYP; 6UF0; 6V6Z; 6W66; 6W67; 6W68; 6W69; 6WCQ; 6Z6A; 7EXI; 7K28; 7K29; 7K2A; 7K2B; 7K2C; 7K2D; 7K2E; 7K2F; 7K2G; 7K2H; 7K2I; 7K2J; 7K2K; 7K2L; 7K2M; 7K2N; 7K2O; 7K2P; 7K2Q; 7K2R; 7K2S; 7Q5H; 7Q6Q; 7Q6S; 7Q8R; 7Q96; 7X4W; 7X4X; 7XM2; 7XM3; 7XM4; 7XM5; 7XOT; 8EHV; 8EJR; 8EJS; 8IVG; 8IVR; 8IXS; 8PKS; 8PKU; 8PKV; 8PKW; 8PKX; 8WFG; 8X34; 8XGK; 8XGV,KEAP1,,HGNC:23177,Humans,DB04339; DB08908
4759,LIM domain kinase 1,LIMK1,,,P53667,LIMK1_HUMAN,3S95; 5HVJ; 5HVK; 5L6W; 5NXC; 6WLY; 7ATS; 7ATU; 7B8W; 8AAU,LIMK1,,HGNC:6613,Humans,DB11718
4769,Y+L amino acid transporter 1,SLC7A7,,,Q9UM01,YLAT1_HUMAN,,SLC7A7,,HGNC:11065,Humans,DB13146
4772,Receptor tyrosine-protein kinase erbB-4,ERBB4,,,Q15303,ERBB4_HUMAN,2AHX; 2L2T; 2LCX; 2R4B; 3BBT; 3BBW; 3BCE; 3U2P; 3U7U; 3U9U; 8U4I; 8U4J; 8U4K; 8U4L,ERBB4,,HGNC:3432,Humans,DB08916; DB11963
4782,Solute carrier family 22 member 12,SLC22A12,,,Q96S37,S22AC_HUMAN,8WJG; 8WJQ,SLC22A12,,HGNC:17989,Humans,DB01138; DB11560
4789,Tubulin beta-2 chain,,,,F1L7U3,F1L7U3_ASCSU,,,,,Pig roundworm,DB00518
795,Gamma-aminobutyric acid receptor subunit alpha-1,GABRA1,31631,X13584,P14867,GBRA1_HUMAN,6CDU; 6D1S; 6D6T; 6D6U; 6HUG; 6HUJ; 6HUK; 6HUO; 6HUP; 6I53; 6X3S; 6X3T; 6X3U; 6X3V; 6X3W; 6X3X; 6X3Z; 6X40; 7PBD; 7PBZ; 7PC0; 7QNE; 7T0W; 7T0Z; 8DD2; 8DD3; 8SGO; 8SI9; 8SID; 8VQY; 8VRN,GABRA1,GABRA1,HGNC:4075,Humans,DB00186; DB00189; DB00228; DB00231; DB00237; DB00241; DB00292; DB00306; DB00312; DB00349; DB00371; DB00402; DB00404; DB00475; DB00628; DB00683; DB00690; DB00753; DB00794; DB00801; DB00818; DB00829; DB00842; DB00897; DB01028; DB01068; DB01107; DB01159; DB01189; DB01205; DB01215; DB01236; DB01437; DB01544; DB01558; DB01559; DB01587; DB01588; DB01589; DB01595; DB01956; DB05087; DB09118; DB11859; DB12404; DB13872; DB15490
381,Gamma-aminobutyric acid receptor subunit alpha-2,GABRA2,386422,S62907,P47869,GBRA2_HUMAN,,GABRA2,GABRA2,HGNC:4076,Humans,DB00186; DB00189; DB00228; DB00231; DB00237; DB00241; DB00292; DB00306; DB00312; DB00349; DB00371; DB00402; DB00404; DB00475; DB00628; DB00683; DB00690; DB00753; DB00794; DB00801; DB00818; DB00829; DB00842; DB00897; DB01028; DB01068; DB01107; DB01159; DB01189; DB01205; DB01215; DB01236; DB01437; DB01544; DB01558; DB01559; DB01587; DB01588; DB01589; DB01595; DB01956; DB05087; DB09118; DB11859; DB12404; DB13872; DB15490
523,Gamma-aminobutyric acid receptor subunit alpha-3,GABRA3,386424,S62908,P34903,GBRA3_HUMAN,,GABRA3,GABRA3,HGNC:4077,Humans,DB00186; DB00189; DB00228; DB00231; DB00237; DB00241; DB00292; DB00306; DB00312; DB00349; DB00371; DB00402; DB00404; DB00475; DB00628; DB00683; DB00690; DB00753; DB00794; DB00801; DB00818; DB00829; DB00842; DB00897; DB01028; DB01068; DB01107; DB01159; DB01189; DB01205; DB01215; DB01236; DB01437; DB01544; DB01558; DB01559; DB01587; DB01588; DB01589; DB01595; DB01956; DB05087; DB09118; DB11859; DB12404; DB13872; DB15490
478,Gamma-aminobutyric acid receptor subunit alpha-4,GABRA4,905393,U30461,P48169,GBRA4_HUMAN,7QN5; 7QN7; 7QN9; 7QNA; 7QNC,GABRA4,GABRA4,HGNC:4078,Humans,DB00186; DB00189; DB00228; DB00231; DB00237; DB00241; DB00292; DB00306; DB00312; DB00349; DB00371; DB00402; DB00404; DB00475; DB00628; DB00683; DB00690; DB00753; DB00794; DB00801; DB00818; DB00829; DB00842; DB00897; DB01028; DB01068; DB01107; DB01159; DB01189; DB01205; DB01215; DB01236; DB01437; DB01544; DB01558; DB01559; DB01587; DB01588; DB01589; DB01595; DB01956; DB05087; DB09118; DB11859; DB12404; DB13872; DB15490
471,Gamma-aminobutyric acid receptor subunit alpha-5,GABRA5,182916,L08485,P31644,GBRA5_HUMAN,5O8F; 5OJM; 6A96; 8BEJ; 8BGI; 8BHA; 8BHB; 8BHG; 8BHI; 8BHK; 8BHM; 8BHO; 8BHQ; 8BHR; 8BHS,GABRA5,GABRA5,HGNC:4079,Humans,DB00186; DB00189; DB00228; DB00231; DB00237; DB00241; DB00292; DB00306; DB00312; DB00349; DB00371; DB00402; DB00404; DB00475; DB00628; DB00683; DB00690; DB00753; DB00794; DB00801; DB00818; DB00829; DB00842; DB00897; DB01028; DB01068; DB01107; DB01159; DB01189; DB01205; DB01215; DB01236; DB01437; DB01544; DB01558; DB01559; DB01587; DB01588; DB01589; DB01595; DB01956; DB05087; DB09118; DB11859; DB12404; DB13872; DB15490
764,Gamma-aminobutyric acid receptor subunit alpha-6,GABRA6,1470364,S81944,Q16445,GBRA6_HUMAN,,GABRA6,GABRA6,HGNC:4080,Humans,DB00186; DB00189; DB00228; DB00231; DB00237; DB00241; DB00292; DB00306; DB00312; DB00349; DB00371; DB00402; DB00404; DB00475; DB00628; DB00683; DB00690; DB00753; DB00794; DB00801; DB00818; DB00829; DB00842; DB00897; DB01028; DB01068; DB01107; DB01159; DB01189; DB01205; DB01215; DB01236; DB01437; DB01544; DB01558; DB01559; DB01587; DB01588; DB01589; DB01595; DB01956; DB05087; DB09118; DB11859; DB12404; DB13872; DB15490
2344,Gamma-aminobutyric acid receptor subunit beta-1,GABRB1,31635,X14767,P18505,GBRB1_HUMAN,,GABRB1,GABRB1,HGNC:4081,Humans,DB00186; DB00189; DB00228; DB00231; DB00237; DB00241; DB00292; DB00306; DB00312; DB00349; DB00371; DB00402; DB00404; DB00475; DB00628; DB00683; DB00690; DB00753; DB00794; DB00801; DB00818; DB00829; DB00842; DB00897; DB01028; DB01068; DB01107; DB01159; DB01189; DB01205; DB01215; DB01236; DB01437; DB01544; DB01558; DB01559; DB01587; DB01588; DB01589; DB01595; DB01956; DB05087; DB09118; DB11859; DB12404; DB13872; DB15490
2346,Gamma-aminobutyric acid receptor subunit beta-2,GABRB2,455946,S67368,P47870,GBRB2_HUMAN,6D6T; 6D6U; 6X3S; 6X3T; 6X3U; 6X3V; 6X3W; 6X3X; 6X3Z; 6X40; 7T0W; 7T0Z; 8DD2; 8DD3; 8SGO; 8SI9; 8SID; 8VQY; 8VRN,GABRB2,GABRB2,HGNC:4082,Humans,DB00186; DB00189; DB00228; DB00231; DB00237; DB00241; DB00292; DB00306; DB00312; DB00349; DB00371; DB00402; DB00404; DB00475; DB00628; DB00683; DB00690; DB00753; DB00794; DB00801; DB00818; DB00829; DB00842; DB00897; DB01028; DB01068; DB01107; DB01159; DB01189; DB01205; DB01215; DB01236; DB01437; DB01544; DB01558; DB01559; DB01587; DB01588; DB01589; DB01595; DB01956; DB05087; DB09118; DB11859; DB12404; DB13872; DB15490
2345,Gamma-aminobutyric acid receptor subunit beta-3,GABRB3,182925,M82919,P28472,GBRB3_HUMAN,4COF; 5O8F; 5OJM; 6A96; 6HUG; 6HUJ; 6HUK; 6HUO; 6HUP; 6I53; 6QFA; 7PBD; 7PBZ; 7PC0; 7QN5; 7QN6; 7QN7; 7QN8; 7QN9; 7QNA; 7QNB; 7QNC; 7QND; 7QNE; 8PVB,GABRB3,GABRB3,HGNC:4083,Humans,DB00186; DB00189; DB00228; DB00231; DB00237; DB00241; DB00292; DB00306; DB00312; DB00349; DB00371; DB00402; DB00404; DB00475; DB00628; DB00683; DB00690; DB00753; DB00794; DB00801; DB00818; DB00829; DB00842; DB00897; DB01028; DB01068; DB01107; DB01159; DB01189; DB01205; DB01215; DB01236; DB01437; DB01544; DB01558; DB01559; DB01587; DB01588; DB01589; DB01595; DB01956; DB05087; DB09118; DB11859; DB12404; DB13872; DB15490
3599,Gamma-aminobutyric acid receptor subunit delta,GABRD,2388693,AF016917,O14764,GBRD_HUMAN,7QN5; 7QN6; 7QN7; 7QN8; 7QN9; 7QNC; 7QND,GABRD,,HGNC:4084,Humans,DB00186; DB00189; DB00228; DB00231; DB00237; DB00241; DB00292; DB00306; DB00312; DB00349; DB00371; DB00402; DB00404; DB00475; DB00628; DB00683; DB00690; DB00753; DB00794; DB00801; DB00818; DB00829; DB00842; DB00897; DB01028; DB01068; DB01107; DB01159; DB01189; DB01205; DB01215; DB01236; DB01437; DB01544; DB01558; DB01559; DB01587; DB01588; DB01589; DB01595; DB01956; DB05087; DB09118; DB11859; DB12404; DB13872; DB15490
3595,Gamma-aminobutyric acid receptor subunit epsilon,GABRE,1857126,U66661,P78334,GBRE_HUMAN,,GABRE,,HGNC:4085,Humans,DB00186; DB00189; DB00228; DB00231; DB00237; DB00241; DB00292; DB00306; DB00312; DB00349; DB00371; DB00402; DB00404; DB00475; DB00628; DB00683; DB00690; DB00753; DB00794; DB00801; DB00818; DB00829; DB00842; DB00897; DB01028; DB01068; DB01107; DB01159; DB01189; DB01205; DB01215; DB01236; DB01437; DB01544; DB01558; DB01559; DB01587; DB01588; DB01589; DB01595; DB01956; DB05087; DB09118; DB11859; DB12404; DB13872; DB15490
3593,Gamma-aminobutyric acid receptor subunit gamma-1,GABRG1,193783776,AK122845,Q8N1C3,GBRG1_HUMAN,,GABRG1,,HGNC:4086,Humans,DB00186; DB00189; DB00228; DB00231; DB00237; DB00241; DB00292; DB00306; DB00312; DB00349; DB00371; DB00402; DB00404; DB00475; DB00628; DB00683; DB00690; DB00753; DB00794; DB00801; DB00818; DB00829; DB00842; DB00897; DB01028; DB01068; DB01107; DB01159; DB01189; DB01205; DB01215; DB01236; DB01437; DB01544; DB01558; DB01559; DB01587; DB01588; DB01589; DB01595; DB01956; DB05087; DB09118; DB11859; DB12404; DB13872; DB15490
3592,Gamma-aminobutyric acid receptor subunit gamma-2,GABRG2,31637,X15376,P18507,GBRG2_HUMAN,6D6T; 6D6U; 6HUG; 6HUJ; 6HUK; 6HUO; 6HUP; 6I53; 6X3S; 6X3T; 6X3U; 6X3V; 6X3W; 6X3X; 6X3Z; 6X40; 7QNB; 7QNE; 7T0W; 7T0Z; 8DD2; 8DD3; 8SGO; 8SI9; 8SID; 8VQY; 8VRN,GABRG2,,HGNC:4087,Humans,DB00186; DB00189; DB00228; DB00231; DB00237; DB00241; DB00292; DB00306; DB00312; DB00349; DB00371; DB00402; DB00404; DB00475; DB00628; DB00683; DB00690; DB00753; DB00794; DB00801; DB00818; DB00829; DB00842; DB00897; DB01028; DB01068; DB01107; DB01159; DB01189; DB01205; DB01215; DB01236; DB01437; DB01544; DB01558; DB01559; DB01587; DB01588; DB01589; DB01595; DB01956; DB05087; DB09118; DB11859; DB12404; DB13872; DB15490
3594,Gamma-aminobutyric acid receptor subunit gamma-3,GABRG3,1754749,S82769,Q99928,GBRG3_HUMAN,,GABRG3,,HGNC:4088,Humans,DB00186; DB00189; DB00228; DB00231; DB00237; DB00241; DB00292; DB00306; DB00312; DB00349; DB00371; DB00402; DB00404; DB00475; DB00628; DB00683; DB00690; DB00753; DB00794; DB00801; DB00818; DB00829; DB00842; DB00897; DB01028; DB01068; DB01107; DB01159; DB01189; DB01205; DB01215; DB01236; DB01437; DB01544; DB01558; DB01559; DB01587; DB01588; DB01589; DB01595; DB01956; DB05087; DB09118; DB11859; DB12404; DB13872; DB15490
3596,Gamma-aminobutyric acid receptor subunit pi,GABRP,2197001,U95367,O00591,GBRP_HUMAN,,GABRP,,HGNC:4089,Humans,DB00186; DB00189; DB00228; DB00231; DB00237; DB00241; DB00292; DB00306; DB00312; DB00349; DB00371; DB00402; DB00404; DB00475; DB00628; DB00683; DB00690; DB00753; DB00794; DB00801; DB00818; DB00829; DB00842; DB00897; DB01028; DB01068; DB01107; DB01159; DB01189; DB01205; DB01215; DB01236; DB01437; DB01544; DB01558; DB01559; DB01587; DB01588; DB01589; DB01595; DB01956; DB05087; DB09118; DB11859; DB12404; DB13872; DB15490
3597,Gamma-aminobutyric acid receptor subunit theta,GABRQ,7861736,AF189259,Q9UN88,GBRT_HUMAN,,GABRQ,,HGNC:14454,Humans,DB00186; DB00189; DB00228; DB00231; DB00237; DB00241; DB00292; DB00306; DB00312; DB00349; DB00371; DB00402; DB00404; DB00475; DB00628; DB00683; DB00690; DB00753; DB00794; DB00801; DB00818; DB00829; DB00842; DB00897; DB01028; DB01068; DB01107; DB01159; DB01189; DB01205; DB01215; DB01236; DB01437; DB01544; DB01558; DB01559; DB01587; DB01588; DB01589; DB01595; DB01956; DB05087; DB09118; DB11859; DB12404; DB13872; DB15490
2063,D-alanyl-D-alanine carboxypeptidase DacA,dacA,,X06479,P0AEB2,DACA_ECOLI,1HD8; 1NJ4; 1NZO; 1NZU; 1SDN; 1Z6F; 3BEB; 3BEC; 3MZD; 3MZE; 3MZF,,,,Gram positive and gram negative bacteria,DB00578; DB00671; DB01000; DB01602; DB06590; DB09050; DB09319; DB09320
744,D-alanyl-D-alanine carboxypeptidase DacB,dacB,41216,X59460,P24228,DACB_ECOLI,2EX2; 2EX6; 2EX8; 2EX9; 2EXA; 2EXB,,,,Gram positive and gram negative bacteria,DB00578; DB00671; DB01000; DB01602; DB06590; DB09050; DB09319; DB09320
3685,D-alanyl-D-alanine carboxypeptidase DacC,dacC,41218,X06480,P08506,DACC_ECOLI,3IT9; 3ITA; 3ITB,,,,Gram positive and gram negative bacteria,DB00578; DB00671; DB01000; DB01602; DB06590; DB09050; DB09319; DB09320
588,Penicillin-binding protein 1A,mrcA,581194,X02164,P02918,PBPA_ECOLI,,,,,Gram positive and gram negative bacteria,DB00578; DB00671; DB01000; DB01602; DB06590; DB09050; DB09319; DB09320
488,Penicillin-binding protein 1B,mrcB,42468,X02163,P02919,PBPB_ECOLI,3FWL; 3VMA,,,,Gram positive and gram negative bacteria,DB00578; DB00671; DB01000; DB01602; DB06590; DB09050; DB09319; DB09320
3579,Penicillin-binding protein 2,mrdA,42314,X04516,P0AD65,PBP2_ECOLI,,,,,Gram positive and gram negative bacteria,DB00578; DB00671; DB01000; DB01602; DB06590; DB09050; DB09319; DB09320
2393,Peptidoglycan synthase FtsI,ftsI,,K00137,P0AD68,FTSI_ECOLI,,,,,Gram positive and gram negative bacteria,DB00578; DB00671; DB01000; DB01602; DB06590; DB09050; DB09319; DB09320
4796,Transferrin receptor protein 1,TFRC,,,P02786,TFR1_HUMAN,1CX8; 1DE4; 1SUV; 2NSU; 3KAS; 3S9L; 3S9M; 3S9N; 6D03; 6D04; 6D05; 6GSR; 6H5I; 6OKD; 6W3H; 6WRV; 6WRW; 6WRX; 6Y76; 7ZQS; 8P0Z,TFRC,,HGNC:11763,Humans,DB13257
4797,Transferrin receptor protein 2,TFR2,,,Q9UP52,TFR2_HUMAN,,TFR2,,HGNC:11762,Humans,DB13257
365,"Glutamate receptor ionotropic, NMDA 1",GRIN1,219920,D13515,Q05586,NMDZ1_HUMAN,2HQW; 2NR1; 3BYA; 5H8F; 5H8H; 5H8N; 5H8Q; 5I2K; 5I2N; 5KCJ; 5KDT; 5TP9; 5TPA; 6IRA; 6IRF; 6IRG; 6IRH; 7EOQ; 7EOR; 7EOS; 7EOT; 7EOU; 7EU7; 7EU8; 7YFF; 7YFL; 7YFM; 7YFO; 7YFR; 8E92; 8E93; 8E94; 8E96; 8E97; 8E98; 8E99; 8JIZ; 8JJ0; 8JJ1; 8JJ2; 8UUE,GRIN1,GRIN1,HGNC:4584,Humans,DB00659; DB01043
760,"Glutamate receptor ionotropic, NMDA 2A",GRIN2A,558749,U09002,Q12879,NMDE1_HUMAN,3NFL; 5H8F; 5H8H; 5H8N; 5H8Q; 5I2K; 5I2N; 5KCJ; 5KDT; 5TP9; 5TPA; 6IRA; 6IRF; 6IRG; 6IRH; 7EOQ; 7EOR; 7EOS; 7EOT; 7EOU; 7EU7; 8E99; 8JIZ; 8JJ0; 8JJ1; 8JJ2,GRIN2A,GRIN2A,HGNC:4585,Humans,DB00659; DB01043
417,"Glutamate receptor ionotropic, NMDA 2B",GRIN2B,1899202,U90278,Q13224,NMDE2_HUMAN,5EWJ; 5EWL; 5EWM; 7EU8; 7KL0; 7KL1; 7KL2; 7UIS; 7UJP; 7UJQ; 7UJR; 7UJS; 7UJT,GRIN2B,GRIN2B,HGNC:4586,Humans,DB00659; DB01043
454,"Glutamate receptor ionotropic, NMDA 2C",GRIN2C,1196449,L76224,Q14957,NMDE3_HUMAN,8E92; 8E93; 8E94; 8E97; 8E98; 8E99,GRIN2C,GRIN2C,HGNC:4587,Humans,DB00659; DB01043
396,"Glutamate receptor ionotropic, NMDA 2D",GRIN2D,2444026,U77783,O15399,NMDE4_HUMAN,7YFF; 7YFL; 7YFM; 7YFO; 7YFR; 8E96,GRIN2D,GRIN2D,HGNC:4588,Humans,DB00659; DB01043
641,"Glutamate receptor ionotropic, NMDA 3A",GRIN3A,20372905,AJ416950,Q8TCU5,NMD3A_HUMAN,8USW; 8USX; 8UUE,GRIN3A,GRIN3A,HGNC:16767,Humans,DB00659; DB01043
534,"Glutamate receptor ionotropic, NMDA 3B",GRIN3B,3025446,AC004528,O60391,NMD3B_HUMAN,,GRIN3B,GRIN3B,HGNC:16768,Humans,DB00659; DB01043
4815,Pol polyprotein,pol,,,Q72874,Q72874_9HIV1,,,,,Human immunodeficiency virus 1,DB00224; DB00503; DB00701; DB00932; DB01072; DB01232; DB01264; DB01319; DB01601
4814,Integrase,pol,,,Q7ZJM1,Q7ZJM1_9HIV1,,,,,Human immunodeficiency virus 1,DB06817; DB08930; DB09101; DB11751; DB11799
291,5-hydroxytryptamine receptor 1A,HTR1A,189928,M28269,P08908,5HT1A_HUMAN,7E2X; 7E2Y; 7E2Z; 8FY8; 8FYE; 8FYL; 8FYT; 8FYX; 8JSP; 8JT6; 8PJK; 8PKM; 8W8B,HTR1A,HTR1A,HGNC:5286,Humans,DB01049; DB01239; DB11273; DB13345
797,5-hydroxytryptamine receptor 1B,HTR1B,219679,D10995,P28222,5HT1B_HUMAN,4IAQ; 4IAR; 5V54; 6G79; 7C61,HTR1B,HTR1B,HGNC:5287,Humans,DB01049; DB01239; DB11273; DB13345
659,5-hydroxytryptamine receptor 1D,HTR1D,177772,M89955,P28221,5HT1D_HUMAN,7E32,HTR1D,HTR1D,HGNC:5289,Humans,DB01049; DB01239; DB11273; DB13345
476,5-hydroxytryptamine receptor 1E,HTR1E,177774,M91467,P28566,5HT1E_HUMAN,7E33; 8UGY; 8UH3,HTR1E,HTR1E,HGNC:5291,Humans,DB01049; DB01239; DB11273; DB13345
460,5-hydroxytryptamine receptor 1F,HTR1F,307420,L05597,P30939,5HT1F_HUMAN,7EXD,HTR1F,HTR1F,HGNC:5292,Humans,DB01049; DB01239; DB11273; DB13345
451,5-hydroxytryptamine receptor 2A,HTR2A,36431,S42168,P28223,5HT2A_HUMAN,6A93; 6A94; 6WGT; 6WH4; 6WHA; 7RAN; 7VOD; 7VOE; 7WC4; 7WC5; 7WC6; 7WC7; 7WC8; 7WC9; 8JT8; 8UWL; 8V6U; 8ZMG,HTR2A,HTR2A,HGNC:5293,Humans,DB01049; DB01239; DB11273; DB13345
393,5-hydroxytryptamine receptor 2B,HTR2B,475198,X77307,P41595,5HT2B_HUMAN,4IB4; 4NC3; 5TUD; 5TVN; 6DRX; 6DRY; 6DRZ; 6DS0; 7SRQ; 7SRR; 7SRS,HTR2B,HTR2B,HGNC:5294,Humans,DB01049; DB01239; DB11273; DB13345
533,5-hydroxytryptamine receptor 2C,HTR2C,338028,M81778,P28335,5HT2C_HUMAN,6BQG; 6BQH; 8DPF; 8DPG; 8DPH; 8DPI; 8ZMF,HTR2C,HTR2C,HGNC:5295,Humans,DB01049; DB01239; DB11273; DB13345
311,5-hydroxytryptamine receptor 3A,HTR3A,681914,D49394,P46098,5HT3A_HUMAN,8AXD; 8BL8; 8BLA; 8BLB,HTR3A,HTR3A,HGNC:5297,Humans,DB01049; DB01239; DB11273; DB13345
4817,5-hydroxytryptamine receptor 3B,HTR3B,,,O95264,5HT3B_HUMAN,,HTR3B,,HGNC:5298,Humans,DB01049; DB01239; DB11273; DB13345
4818,5-hydroxytryptamine receptor 3C,HTR3C,,,Q8WXA8,5HT3C_HUMAN,,HTR3C,,HGNC:24003,Humans,DB01049; DB01239; DB11273; DB13345
4819,5-hydroxytryptamine receptor 3D,HTR3D,,,Q70Z44,5HT3D_HUMAN,,HTR3D,,HGNC:24004,Humans,DB01049; DB01239; DB11273; DB13345
4820,5-hydroxytryptamine receptor 3E,HTR3E,,,A5X5Y0,5HT3E_HUMAN,,HTR3E,,HGNC:24005,Humans,DB01049; DB01239; DB11273; DB13345
84,5-hydroxytryptamine receptor 4,HTR4,2661757,Y12505,Q13639,5HT4R_HUMAN,5EM9; 7XT8; 7XT9; 7XTA,HTR4,HTR4,HGNC:5299,Humans,DB01049; DB01239; DB11273; DB13345
945,5-hydroxytryptamine receptor 6,HTR6,1162924,L41147,P50406,5HT6R_HUMAN,7XTB; 7YS6; 8JLZ,HTR6,HTR6,HGNC:5301,Humans,DB01049; DB01239; DB11273; DB13345
650,5-hydroxytryptamine receptor 7,HTR7,1857143,U68487,P34969,5HT7R_HUMAN,7XTC,HTR7,HTR7,HGNC:5302,Humans,DB01049; DB01239; DB11273; DB13345
501,Alpha-1A adrenergic receptor,ADRA1A,433201,D25235,P35348,ADA1A_HUMAN,7YM8; 7YMH; 7YMJ; 8HN1; 8THK; 8THL,ADRA1A,ADRA1A,HGNC:277,Humans,DB00346; DB00598; DB00692; DB00697; DB00841; DB01136; DB06764; DB09167; DB09195
575,Alpha-1B adrenergic receptor,ADRA1B,,M99589,P35368,ADA1B_HUMAN,,ADRA1B,ADRA1B,HGNC:278,Humans,DB00346; DB00598; DB00692; DB00697; DB00841; DB01136; DB06764; DB09167; DB09195
715,Alpha-1D adrenergic receptor,ADRA1D,177807,M76446,P25100,ADA1D_HUMAN,,ADRA1D,ADRA1D,HGNC:280,Humans,DB00346; DB00598; DB00692; DB00697; DB00841; DB01136; DB06764; DB09167; DB09195
289,Alpha-2A adrenergic receptor,ADRA2A,178196,M23533,P08913,ADA2A_HUMAN,1HLL; 1HO9; 1HOD; 1HOF; 6K42; 6KUX; 6KUY; 7EJ0; 7EJ8; 7EJA; 7EJK; 7W6P; 7W7E,ADRA2A,ADRA2A,HGNC:281,Humans,DB00193; DB00217; DB00697; DB06707; DB09167; DB09195
572,Alpha-2B adrenergic receptor,ADRA2B,178198,M34041,P18089,ADA2B_HUMAN,6K41; 6K42,ADRA2B,ADRA2B,HGNC:282,Humans,DB00193; DB00217; DB00697; DB06707; DB09167; DB09195
342,Alpha-2C adrenergic receptor,ADRA2C,178194,J03853,P18825,ADA2C_HUMAN,6KUW,ADRA2C,ADRA2C,HGNC:283,Humans,DB00193; DB00217; DB00697; DB06707; DB09167; DB09195
172,Beta-1 adrenergic receptor,ADRB1,178200,J03019,P08588,ADRB1_HUMAN,2LSQ; 7BTS; 7BU6; 7BU7; 7BVQ,ADRB1,ADRB1,HGNC:285,Humans,DB00867; DB01049; DB01118; DB11273; DB11278; DB13345
694,Beta-2 adrenergic receptor,ADRB2,29371,Y00106,P07550,ADRB2_HUMAN,1GQ4; 2R4R; 2R4S; 2RH1; 3D4S; 3KJ6; 3NY8; 3NY9; 3NYA; 3P0G; 3PDS; 3SN6; 4GBR; 4LDE; 4LDL; 4LDO; 4QKX; 5D5A; 5D5B; 5D6L; 5JQH; 5X7D; 6E67; 6KR8; 6MXT; 6N48; 6NI3; 6OBA; 6PRZ; 6PS0; 6PS1; 6PS2; 6PS3; 6PS4; 6PS5; 6PS6; 7BZ2; 7DHI; 7DHR; 7XK9; 7XKA; 8GDZ; 8GE1; 8GE2; 8GE3; 8GE4; 8GE5; 8GE6; 8GE7; 8GE8; 8GE9; 8GEA; 8GEB; 8GEC; 8GED; 8GEE; 8GEF; 8GEG; 8GEH; 8GEI; 8GEJ; 8GFV; 8GFW; 8GFX; 8GFY; 8GFZ; 8GG0; 8GG1; 8GG2; 8GG3; 8GG4; 8GG5; 8GG6; 8GG7; 8GG8; 8GG9; 8GGA; 8GGB; 8GGC; 8GGE; 8GGF; 8GGI; 8GGJ; 8GGK; 8GGL; 8GGM; 8GGN; 8GGO; 8GGP; 8GGQ; 8GGR; 8GGS; 8GGT; 8GGU; 8GGV; 8GGW; 8GGX; 8GGY; 8GGZ; 8GH0; 8GH1; 8JJ8; 8JJL; 8JJO; 8UHB; 8UNL; 8UNM; 8UNN; 8UNO; 8UNP; 8UNQ; 8UNR; 8UNS; 8UNT; 8UNU; 8UNV; 8UNW; 8UNX; 8UNY; 8UNZ; 8UO0; 8UO1; 8UO2; 8UO3; 8UO4; 8W1V; 8ZBE; 8ZCJ,ADRB2,ADRB2,HGNC:286,Humans,DB00867; DB01049; DB01118; DB11273; DB11278; DB13345
1012,Beta-3 adrenergic receptor,ADRB3,178896,M29932,P13945,ADRB3_HUMAN,9IJD; 9IJE,ADRB3,ADRB3,HGNC:288,Humans,DB00867; DB01049; DB01118; DB11273; DB11278; DB13345
925,Alpha-1-acid glycoprotein 1,ORM1,757907,X02544,P02763,A1AG1_HUMAN,3KQ0,ORM1,ORM1,HGNC:8498,Humans,DB01041
3663,Alpha-1-acid glycoprotein 2,ORM2,16359000,BC015964,P19652,A1AG2_HUMAN,3APU; 3APV; 3APW; 3APX; 7OUB,ORM2,,HGNC:8499,Humans,DB01041
501,Alpha-1A adrenergic receptor,ADRA1A,433201,D25235,P35348,ADA1A_HUMAN,7YM8; 7YMH; 7YMJ; 8HN1; 8THK; 8THL,ADRA1A,ADRA1A,HGNC:277,Humans,DB01049; DB01365; DB09205; DB11273; DB11278; DB13345
575,Alpha-1B adrenergic receptor,ADRA1B,,M99589,P35368,ADA1B_HUMAN,,ADRA1B,ADRA1B,HGNC:278,Humans,DB01049; DB01365; DB09205; DB11273; DB11278; DB13345
715,Alpha-1D adrenergic receptor,ADRA1D,177807,M76446,P25100,ADA1D_HUMAN,,ADRA1D,ADRA1D,HGNC:280,Humans,DB01049; DB01365; DB09205; DB11273; DB11278; DB13345
289,Alpha-2A adrenergic receptor,ADRA2A,178196,M23533,P08913,ADA2A_HUMAN,1HLL; 1HO9; 1HOD; 1HOF; 6K42; 6KUX; 6KUY; 7EJ0; 7EJ8; 7EJA; 7EJK; 7W6P; 7W7E,ADRA2A,ADRA2A,HGNC:281,Humans,DB01049; DB01365; DB09205; DB11273; DB11278; DB13345
572,Alpha-2B adrenergic receptor,ADRA2B,178198,M34041,P18089,ADA2B_HUMAN,6K41; 6K42,ADRA2B,ADRA2B,HGNC:282,Humans,DB01049; DB01365; DB09205; DB11273; DB11278; DB13345
342,Alpha-2C adrenergic receptor,ADRA2C,178194,J03853,P18825,ADA2C_HUMAN,6KUW,ADRA2C,ADRA2C,HGNC:283,Humans,DB01049; DB01365; DB09205; DB11273; DB11278; DB13345
20,D(1A) dopamine receptor,DRD1,30397,X55760,P21728,DRD1_HUMAN,7CKW; 7CKX; 7CKY; 7CKZ; 7CRH; 7F0T; 7F1O; 7F1Z; 7F23; 7F24; 7JOZ; 7JV5; 7JVP; 7JVQ; 7LJC; 7LJD; 7X2C; 7X2D; 7X2F; 8IRR; 8JXR; 8JXS,DRD1,DRD1,HGNC:3020,Humans,DB09225; DB11274; DB11584
145,D(1B) dopamine receptor,DRD5,32049,X58454,P21918,DRD5_HUMAN,8IRV,DRD5,DRD5,HGNC:3026,Humans,DB09225; DB11274; DB11584
92,Muscarinic acetylcholine receptor M1,CHRM1,34451,X52068,P11229,ACM1_HUMAN,5CXV; 6OIJ; 6WJC; 6ZFZ; 6ZG4; 6ZG9,CHRM1,CHRM1,HGNC:1950,Humans,DB00340; DB11855; DB19325
560,Muscarinic acetylcholine receptor M2,CHRM2,177990,M16404,P08172,ACM2_HUMAN,3UON; 4MQS; 4MQT; 5YC8; 5ZK3; 5ZK8; 5ZKB; 5ZKC; 6OIK; 6U1N; 7T8X; 7T90; 7T94; 7T96; 8J8R; 8J97; 8JAF,CHRM2,CHRM2,HGNC:1951,Humans,DB00340; DB11855; DB19325
45,Muscarinic acetylcholine receptor M3,CHRM3,32324,X15266,P20309,ACM3_HUMAN,2CSA; 8E9W; 8E9Y; 8E9Z; 8EA0,CHRM3,CHRM3,HGNC:1952,Humans,DB00340; DB11855; DB19325
405,Muscarinic acetylcholine receptor M4,CHRM4,61970253,M16405,P08173,ACM4_HUMAN,5DSG; 6D9H; 6KP6; 7LD3; 7LD4; 7TRK; 7TRP; 7TRQ; 7TRS; 7V68; 7V69; 7V6A; 8E9X; 8FX5; 8IYH; 8IYW; 8JER; 8JHN,CHRM4,CHRM4,HGNC:1953,Humans,DB00340; DB11855; DB19325
247,Muscarinic acetylcholine receptor M5,CHRM5,177988,M80333,P08912,ACM5_HUMAN,6OL9,CHRM5,CHRM5,HGNC:1954,Humans,DB00340; DB11855; DB19325
1132,Protein kinase C alpha type,PRKCA,35483,X52479,P17252,KPCA_HUMAN,2ELI; 3IW4; 4DNL; 4RA4; 8U37; 8UAK,PRKCA,PRKCA,HGNC:9393,Humans,DB00675
872,Protein kinase C beta type,PRKCB,189969,M13975,P05771,KPCB_HUMAN,2I0E; 8SG2,PRKCB,PRKCB1,HGNC:9395,Humans,DB00675
2417,Protein kinase C delta type,PRKCD,,L07860,Q05655,KPCD_HUMAN,1YRK; 2YUU,PRKCD,PRKCD,HGNC:9399,Humans,DB00675
3431,Protein kinase C epsilon type,PRKCE,,X65293,Q02156,KPCE_HUMAN,2WH0; 5LIH,PRKCE,PRKCE,HGNC:9401,Humans,DB00675
4830,Protein kinase C gamma type,PRKCG,,,P05129,KPCG_HUMAN,2E73; 2UZP,PRKCG,,HGNC:9402,Humans,DB00675
3889,Protein kinase C iota type,PRKCI,432274,L18964,P41743,KPCI_HUMAN,1VD2; 1WMH; 1ZRZ; 3A8W; 3A8X; 3ZH8; 5LI1; 5LI9; 5LIH; 6ILZ,PRKCI,,HGNC:9404,Humans,DB00675
1385,Protein kinase C theta type,PRKCQ,558099,L01087,Q04759,KPCT_HUMAN,1XJD; 2ENJ; 2ENN; 2ENZ; 2JED; 4Q9Z; 4RA5; 5F9E,PRKCQ,PRKCQ,HGNC:9410,Humans,DB00675
4831,Protein kinase C zeta type,PRKCZ,,,Q05513,KPCZ_HUMAN,,PRKCZ,,HGNC:9412,Humans,DB00675
141,Sodium channel protein type 1 subunit alpha,SCN1A,12642270,AF225985,P35498,SCN1A_HUMAN,7DTD,SCN1A,SCN1A,HGNC:10585,Humans,DB00907; DB05541; DB13269
177,Sodium channel protein type 10 subunit alpha,SCN10A,4838145,AF117907,Q9Y5Y9,SCNAA_HUMAN,7WE4; 7WEL; 7WFR; 7WFW,SCN10A,SCN10A,HGNC:10582,Humans,DB00907; DB05541; DB13269
192,Sodium channel protein type 11 subunit alpha,SCN11A,6572950,AF188679,Q9UI33,SCNBA_HUMAN,,SCN11A,SCN11A,HGNC:10583,Humans,DB00907; DB05541; DB13269
2081,Sodium channel protein type 2 subunit alpha,SCN2A,457879,M94055,Q99250,SCN2A_HUMAN,2KAV; 4JPZ; 4RLY; 6BUT; 6J8E,SCN2A,SCN2A,HGNC:10588,Humans,DB00907; DB05541; DB13269
2082,Sodium channel protein type 3 subunit alpha,SCN3A,7414320,AJ251507,Q9NY46,SCN3A_HUMAN,7W77; 7W7F,SCN3A,SCN3A,HGNC:10590,Humans,DB00907; DB05541; DB13269
2083,Sodium channel protein type 4 subunit alpha,SCN4A,338213,M81758,P35499,SCN4A_HUMAN,6AGF; 6MBA; 6MC9,SCN4A,SCN4A,HGNC:10591,Humans,DB00907; DB05541; DB13269
197,Sodium channel protein type 5 subunit alpha,SCN5A,184039,M77235,Q14524,SCN5A_HUMAN,2KBI; 2L53; 4DCK; 4DJC; 4JQ0; 4OVN; 5DBR; 6LQA; 6MUD; 7DTC; 7L83,SCN5A,SCN5A,HGNC:10593,Humans,DB00907; DB05541; DB13269
4833,Sodium channel protein type 7 subunit alpha,SCN7A,,,Q01118,SCN7A_HUMAN,7TJ8; 7TJ9,SCN7A,,HGNC:10594,Humans,DB00907; DB05541; DB13269
2084,Sodium channel protein type 8 subunit alpha,SCN8A,4321647,AF050736,Q9UQD0,SCN8A_HUMAN,8FHD; 8GZ1; 8GZ2,SCN8A,SCN8A,HGNC:10596,Humans,DB00907; DB05541; DB13269
1143,Sodium channel protein type 9 subunit alpha,SCN9A,758110,X82835,Q15858,SCN9A_HUMAN,5EK0; 6J8G; 6J8H; 6J8I; 6J8J; 6N4Q; 6N4R; 6NT3; 6NT4; 6VXO; 6W6O; 7K48; 7W9K; 7W9L; 7W9M; 7W9P; 7W9T; 7XM9; 7XMF; 7XMG; 7XVE; 7XVF; 8F0P; 8F0Q; 8F0R; 8F0S; 8G1A; 8I5B; 8I5G; 8I5X; 8I5Y; 8J4F; 8S9B; 8S9C; 8THG; 8THH; 8XMM; 8XMN; 8XMO,SCN9A,SCN9A,HGNC:10597,Humans,DB00907; DB05541; DB13269
3635,Sodium channel regulatory subunit beta-1,SCN1B,307415,L10338,Q07699,SCN1B_HUMAN,6AGF; 6J8G; 6J8H; 6J8I; 6J8J; 7W77; 7W7F; 7W9K; 7W9L; 7W9M; 7W9P; 7W9T; 7XM9; 7XMF; 7XMG; 7XVE; 7XVF; 8FHD; 8G1A; 8GZ1; 8GZ2; 8I5B; 8I5G; 8I5X; 8I5Y; 8J4F; 8S9B; 8S9C; 8THG; 8THH; 8XMM; 8XMN; 8XMO,SCN1B,,HGNC:10586,Humans,DB00907; DB05541; DB13269
3636,Sodium channel regulatory subunit beta-2,SCN2B,3309111,AF007783,O60939,SCN2B_HUMAN,5FDY; 5FEB; 6J8E; 6J8G; 6J8H; 6J8I; 6J8J; 6VRR; 7W77; 7W7F; 7W9K; 7W9L; 7W9M; 7W9P; 7W9T; 7XM9; 7XMF; 7XMG; 7XVE; 7XVF; 8G1A; 8GZ1; 8GZ2; 8I5B; 8I5G; 8I5X; 8I5Y; 8S9B; 8S9C; 8THG; 8THH; 8XMN; 8XMO,SCN2B,,HGNC:10589,Humans,DB00907; DB05541; DB13269
3637,Sodium channel regulatory subunit beta-3,SCN3B,7160975,AJ243396,Q9NY72,SCN3B_HUMAN,4L1D; 7TJ8; 7TJ9,SCN3B,,HGNC:20665,Humans,DB00907; DB05541; DB13269
3638,Sodium channel regulatory subunit beta-4,SCN4B,27465047,AY149967,Q8IWT1,SCN4B_HUMAN,4MZ2; 4MZ3; 5XAW; 6VSV; 7DTD,SCN4B,,HGNC:10592,Humans,DB00907; DB05541; DB13269
679,Voltage-dependent calcium channel gamma-1 subunit,CACNG1,306473,L07738,Q06432,CCG1_HUMAN,,CACNG1,CACNG1,HGNC:1405,Humans,DB00228; DB11148
5033,Voltage-dependent calcium channel gamma-2 subunit,CACNG2,,,Q9Y698,CCG2_HUMAN,6DLZ; 6DM0; 6DM1; 6O9G; 6TNO,CACNG2,,HGNC:1406,Humans,DB00228; DB11148
9289,Voltage-dependent calcium channel gamma-3 subunit,CACNG3,,,O60359,CCG3_HUMAN,,CACNG3,,HGNC:1407,Humans,DB00228; DB11148
9287,Voltage-dependent calcium channel gamma-4 subunit,CACNG4,,,Q9UBN1,CCG4_HUMAN,,CACNG4,,HGNC:1408,Humans,DB00228; DB11148
9286,Voltage-dependent calcium channel gamma-5 subunit,CACNG5,,,Q9UF02,CCG5_HUMAN,,CACNG5,,HGNC:1409,Humans,DB00228; DB11148
9290,Voltage-dependent calcium channel gamma-6 subunit,CACNG6,,,Q9BXT2,CCG6_HUMAN,,CACNG6,,HGNC:13625,Humans,DB00228; DB11148
9285,Voltage-dependent calcium channel gamma-7 subunit,CACNG7,,,P62955,CCG7_HUMAN,,CACNG7,,HGNC:13626,Humans,DB00228; DB11148
9288,Voltage-dependent calcium channel gamma-8 subunit,CACNG8,,,Q8WXS5,CCG8_HUMAN,,CACNG8,,HGNC:13628,Humans,DB00228; DB11148
691,Voltage-dependent calcium channel subunit alpha-2/delta-1,CACNA2D1,179762,M76559,P54289,CA2D1_HUMAN,7MIX; 7MIY; 7UHF; 7UHG; 7VFS; 7VFU; 7VFV; 7VFW; 7XLQ; 7YG5; 8E59; 8E5A; 8E5B; 8EPL; 8EPM; 8FHS; 8HLP; 8HMA; 8HMB; 8IF3; 8IF4; 8WE6; 8WE7; 8WE8; 8WE9; 8WEA; 8X90; 8X91; 8X93,CACNA2D1,CACNA2D1,HGNC:1399,Humans,DB00228; DB11148
2396,Voltage-dependent calcium channel subunit alpha-2/delta-2,CACNA2D2,,AJ251368,Q9NY47,CA2D2_HUMAN,,CACNA2D2,CACNA2D2,HGNC:1400,Humans,DB00228; DB11148
3563,Voltage-dependent calcium channel subunit alpha-2/delta-3,CACNA2D3,7105926,AJ272268,Q8IZS8,CA2D3_HUMAN,,CACNA2D3,,HGNC:15460,Humans,DB00228; DB11148
9284,Voltage-dependent calcium channel subunit alpha-2/delta-4,CACNA2D4,,,Q7Z3S7,CA2D4_HUMAN,,CACNA2D4,,HGNC:20202,Humans,DB00228; DB11148
430,Voltage-dependent L-type calcium channel subunit alpha-1C,CACNA1C,,M92270,Q13936,CAC1C_HUMAN,1T0J; 2BE6; 2F3Y; 2F3Z; 2LQC; 3G43; 3OXQ; 5V2P; 5V2Q; 6C0A; 6DAD; 6DAE; 6DAF; 6U39; 6U3A; 6U3B; 6U3D; 7L8V; 8EOG; 8EOI; 8FD7; 8FHS; 8WE6; 8WE7; 8WE8; 8WE9; 8WEA,CACNA1C,CACNA1C,HGNC:1390,Humans,DB00228; DB11148
2359,Voltage-dependent L-type calcium channel subunit alpha-1D,CACNA1D,179764,M76558,Q01668,CAC1D_HUMAN,3LV3; 7UHF; 7UHG; 8E59; 8E5A; 8E5B,CACNA1D,CACNA1D,HGNC:1391,Humans,DB00228; DB11148
2357,Voltage-dependent L-type calcium channel subunit alpha-1F,CACNA1F,3183953,AJ006216,O60840,CAC1F_HUMAN,,CACNA1F,CACNA1F,HGNC:1393,Humans,DB00228; DB11148
2355,Voltage-dependent L-type calcium channel subunit alpha-1S,CACNA1S,1698403,U30707,Q13698,CAC1S_HUMAN,2VAY; 6B27,CACNA1S,CACNA1S,HGNC:1397,Humans,DB00228; DB11148
303,Voltage-dependent L-type calcium channel subunit beta-1,CACNB1,179806,M92303,Q02641,CACB1_HUMAN,7VFS; 7VFU; 7VFV; 7VFW; 7XLQ; 7YG5,CACNB1,CACNB1,HGNC:1401,Humans,DB00228; DB11148
2354,Voltage-dependent L-type calcium channel subunit beta-2,CACNB2,300417,S60415,Q08289,CACB2_HUMAN,8HLP; 8HMA; 8HMB,CACNB2,CACNB2,HGNC:1402,Humans,DB00228; DB11148
2358,Voltage-dependent L-type calcium channel subunit beta-3,CACNB3,435135,X76555,P54284,CACB3_HUMAN,7MIX; 7MIY; 7UHF; 7UHG; 8E59; 8E5A; 8E5B; 8EPL; 8FHS; 8WE6; 8WE7; 8WE8; 8WE9; 8X90; 8X91; 8X93,CACNB3,CACNB3,HGNC:1403,Humans,DB00228; DB11148
2356,Voltage-dependent L-type calcium channel subunit beta-4,CACNB4,2058727,U95020,O00305,CACB4_HUMAN,2D46,CACNB4,CACNB4,HGNC:1404,Humans,DB00228; DB11148
2226,Voltage-dependent N-type calcium channel subunit alpha-1B,CACNA1B,179758,M94172,Q00975,CAC1B_HUMAN,2LCM; 7MIX; 7MIY; 7VFS; 7VFU; 7VFV; 7VFW,CACNA1B,CACNA1B,HGNC:1389,Humans,DB00228; DB11148
356,Voltage-dependent P/Q-type calcium channel subunit alpha-1A,CACNA1A,2213913,AF004884,O00555,CAC1A_HUMAN,3BXK; 8X90; 8X91; 8X93,CACNA1A,CACNA1A,HGNC:1388,Humans,DB00228; DB11148
5024,Voltage-dependent R-type calcium channel subunit alpha-1E,CACNA1E,,,Q15878,CAC1E_HUMAN,3BXL; 7XLQ; 7YG5; 8EPL; 8EPM,CACNA1E,,HGNC:1392,Humans,DB00228; DB11148
483,Voltage-dependent T-type calcium channel subunit alpha-1G,CACNA1G,6625659,AF134986,O43497,CAC1G_HUMAN,,,CACNA1G,HGNC:1394,Humans,DB00228; DB11148
864,Voltage-dependent T-type calcium channel subunit alpha-1H,CACNA1H,14670397,AF051946,O95180,CAC1H_HUMAN,9AYG; 9AYH; 9AYJ; 9AYK; 9AYL,CACNA1H,CACNA1H,HGNC:1395,Humans,DB00228; DB11148
12,Voltage-dependent T-type calcium channel subunit alpha-1I,CACNA1I,5565888,AF129133,Q9P0X4,CAC1I_HUMAN,7WLI; 7WLJ; 7WLK; 7WLL,CACNA1I,CACNA1I,HGNC:1396,Humans,DB00228; DB11148
2387,Nuclear factor NF-kappa-B p100 subunit,NFKB2,,X61498,Q00653,NFKB2_HUMAN,1A3Q; 2D96; 3DO7; 4OT9; 5ZMC; 7CLI; 7VUP; 7VUQ; 7W7L; 8G8Q; 8G8S,NFKB2,NFKB2,HGNC:7795,Humans,DB13751
1086,Nuclear factor NF-kappa-B p105 subunit,NFKB1,189180,M55643,P19838,NFKB1_HUMAN,1MDI; 1MDJ; 1MDK; 1NFI; 1SVC; 2DBF; 2O61; 3GUT; 7LEQ; 7LET; 7LF4; 7LFC; 7RG4; 7RG5; 8TQD,NFKB1,NFKB1,HGNC:7794,Humans,DB13751
644,ATP-sensitive inward rectifier potassium channel 1,KCNJ1,529313,U12541,P48048,KCNJ1_HUMAN,,KCNJ1,KCNJ1,HGNC:6255,Humans,DB00867; DB11148
4840,ATP-sensitive inward rectifier potassium channel 10,KCNJ10,,,P78508,KCJ10_HUMAN,,KCNJ10,,HGNC:6256,Humans,DB00867; DB11148
708,ATP-sensitive inward rectifier potassium channel 11,KCNJ11,1088445,D50582,Q14654,KCJ11_HUMAN,6C3O; 6C3P; 7S5T; 7S5X; 7S5Y; 7S5Z; 7S60; 7S61,KCNJ11,KCNJ11,HGNC:6257,Humans,DB00867; DB11148
1131,ATP-sensitive inward rectifier potassium channel 12,KCNJ12,567019,L36069,Q14500,KCJ12_HUMAN,,KCNJ12,KCNJ12,HGNC:6258,Humans,DB00867; DB11148
4842,ATP-sensitive inward rectifier potassium channel 14,KCNJ14,,,Q9UNX9,KCJ14_HUMAN,,KCNJ14,,HGNC:6260,Humans,DB00867; DB11148
4841,ATP-sensitive inward rectifier potassium channel 15,KCNJ15,,,Q99712,KCJ15_HUMAN,,KCNJ15,,HGNC:6261,Humans,DB00867; DB11148
2441,ATP-sensitive inward rectifier potassium channel 8,KCNJ8,,D50312,Q15842,KCNJ8_HUMAN,,KCNJ8,KCNJ8,HGNC:6269,Humans,DB00867; DB11148
553,Calcium-activated potassium channel subunit alpha-1,KCNMA1,537439,U13913,Q12791,KCMA1_HUMAN,2K44; 3MT5; 3NAF; 6ND0; 6V22; 6V35; 6V38; 6V3G; 6V5A; 7YO3; 8GH9; 8GHF; 8GHG; 8Z3S,KCNMA1,KCNMA1,HGNC:6284,Humans,DB00867; DB09089
4422,Calcium-activated potassium channel subunit beta-1,KCNMB1,1326067,U25138,Q16558,KCMB1_HUMAN,,KCNMB1,,HGNC:6285,Humans,DB00867; DB09089
3196,Calcium-activated potassium channel subunit beta-2,KCNMB2,,AF099137,Q9Y691,KCMB2_HUMAN,1JO6,KCNMB2,KCNMB2,HGNC:6286,Humans,DB00867; DB09089
4423,Calcium-activated potassium channel subunit beta-3,KCNMB3,5880671,AF139471,Q9NPA1,KCMB3_HUMAN,,KCNMB3,,HGNC:6287,Humans,DB00867; DB09089
4424,Calcium-activated potassium channel subunit beta-4,KCNMB4,7799988,AF160967,Q86W47,KCMB4_HUMAN,5Y7L; 6V22; 6V35,KCNMB4,,HGNC:6289,Humans,DB00867; DB09089
415,Intermediate conductance calcium-activated potassium channel protein 4,KCNN4,2584866,AF000972,O15554,KCNN4_HUMAN,6CNM; 6CNN; 6CNO; 6D42,KCNN4,KCNN4,HGNC:6293,Humans,DB00867; DB09089
4425,Small conductance calcium-activated potassium channel protein 1,KCNN1,1575661,U69883,Q92952,KCNN1_HUMAN,,KCNN1,,HGNC:6290,Humans,DB00867; DB09089
4426,Small conductance calcium-activated potassium channel protein 2,KCNN2,10334701,AF239613,Q9H2S1,KCNN2_HUMAN,5V02; 5WBX; 5WC5; 6ALE,KCNN2,,HGNC:6291,Humans,DB00867; DB09089
4427,Small conductance calcium-activated potassium channel protein 3,KCNN3,3309531,AF031815,Q9UGI6,KCNN3_HUMAN,,KCNN3,,HGNC:6292,Humans,DB00867; DB09089
677,5'-AMP-activated protein kinase catalytic subunit alpha-1,PRKAA1,4115829,AB022017,Q13131,AAPK1_HUMAN,4RED; 4RER; 4REW; 5EZV; 6C9F; 6C9G; 6C9H; 6C9J; 7JHG; 7JHH; 7JIJ; 7M74,PRKAA1,PRKAA1,HGNC:9376,Humans,DB00131
4843,5'-AMP-activated protein kinase catalytic subunit alpha-2,PRKAA2,,,P54646,AAPK2_HUMAN,2H6D; 2LTU; 2YZA; 3AQV; 4CFE; 4CFF; 4ZHX; 5EZV; 5ISO; 6B1U; 6B2E; 6BX6; 7MYJ; 8BIK,PRKAA2,,HGNC:9377,Humans,DB00131
254,5'-AMP-activated protein kinase subunit beta-1,PRKAB1,2916800,AJ224515,Q9Y478,AAKB1_HUMAN,4CFE; 4CFF; 4ZHX; 5EZV; 5ISO; 6B1U; 6C9F; 6C9G; 6C9H; 6C9J; 7MYJ; 8BIK,PRKAB1,PRKAB1,HGNC:9378,Humans,DB00131
774,5'-AMP-activated protein kinase subunit beta-2,PRKAB2,2916802,AJ224538,O43741,AAKB2_HUMAN,2F15; 2V8Q; 2V92; 2V9J; 2Y8L; 2Y8Q; 2YA3; 4CFH; 4EAI; 4EAJ; 4RER; 4REW; 6B2E; 7JHG; 7JHH; 7JIJ; 7M74,PRKAB2,PRKAB2,HGNC:9379,Humans,DB00131
4844,5'-AMP-activated protein kinase subunit gamma-1,PRKAG1,,,P54619,AAKG1_HUMAN,2UV4; 2UV5; 2UV6; 2UV7; 4CFE; 4CFF; 4RER; 4REW; 4ZHX; 5EZV; 5ISO; 6B1U; 6B2E; 6C9F; 6C9G; 6C9H; 6C9J; 7JHG; 7JHH; 7JIJ; 7M74; 7MYJ; 8BIK,PRKAG1,,HGNC:9385,Humans,DB00131
4845,5'-AMP-activated protein kinase subunit gamma-2,PRKAG2,,,Q9UGJ0,AAKG2_HUMAN,,PRKAG2,,HGNC:9386,Humans,DB00131
4846,5'-AMP-activated protein kinase subunit gamma-3,PRKAG3,,,Q9UGI9,AAKG3_HUMAN,,PRKAG3,,HGNC:9387,Humans,DB00131
2198,Amine oxidase [flavin-containing] A,MAOA,187353,M68840,P21397,AOFA_HUMAN,2BXR; 2BXS; 2Z5X; 2Z5Y,MAOA,MAOA,HGNC:6833,Humans,DB00182; DB01168
2196,Amine oxidase [flavin-containing] B,MAOB,398415,S62734,P27338,AOFB_HUMAN,1GOS; 1OJ9; 1OJA; 1OJC; 1OJD; 1S2Q; 1S2Y; 1S3B; 1S3E; 2BK3; 2BK4; 2BK5; 2BYB; 2C64; 2C65; 2C66; 2C67; 2C70; 2C72; 2C73; 2C75; 2C76; 2V5Z; 2V60; 2V61; 2VRL; 2VRM; 2VZ2; 2XCG; 2XFN; 2XFO; 2XFP; 2XFQ; 2XFU; 3PO7; 3ZYX; 4A79; 4A7A; 4CRT; 5MRL; 6FVZ; 6FW0; 6FWC; 6RKB; 6RKP; 6RLE; 6YT2; 7B0V; 7B0Z; 7P4F; 7P4H; 7ZW3,MAOB,MAOB,HGNC:6834,Humans,DB00182; DB01168
4881,"Myosin light chain kinase 2, skeletal/cardiac muscle",MYLK2,,,Q9H1R3,MYLK2_HUMAN,2LV6; 3KF9,MYLK2,,HGNC:16243,Humans,DB04825
365,"Glutamate receptor ionotropic, NMDA 1",GRIN1,219920,D13515,Q05586,NMDZ1_HUMAN,2HQW; 2NR1; 3BYA; 5H8F; 5H8H; 5H8N; 5H8Q; 5I2K; 5I2N; 5KCJ; 5KDT; 5TP9; 5TPA; 6IRA; 6IRF; 6IRG; 6IRH; 7EOQ; 7EOR; 7EOS; 7EOT; 7EOU; 7EU7; 7EU8; 7YFF; 7YFL; 7YFM; 7YFO; 7YFR; 8E92; 8E93; 8E94; 8E96; 8E97; 8E98; 8E99; 8JIZ; 8JJ0; 8JJ1; 8JJ2; 8UUE,GRIN1,GRIN1,HGNC:4584,Humans,DB00193; DB00333; DB11823
760,"Glutamate receptor ionotropic, NMDA 2A",GRIN2A,558749,U09002,Q12879,NMDE1_HUMAN,3NFL; 5H8F; 5H8H; 5H8N; 5H8Q; 5I2K; 5I2N; 5KCJ; 5KDT; 5TP9; 5TPA; 6IRA; 6IRF; 6IRG; 6IRH; 7EOQ; 7EOR; 7EOS; 7EOT; 7EOU; 7EU7; 8E99; 8JIZ; 8JJ0; 8JJ1; 8JJ2,GRIN2A,GRIN2A,HGNC:4585,Humans,DB00193; DB00333; DB11823
417,"Glutamate receptor ionotropic, NMDA 2B",GRIN2B,1899202,U90278,Q13224,NMDE2_HUMAN,5EWJ; 5EWL; 5EWM; 7EU8; 7KL0; 7KL1; 7KL2; 7UIS; 7UJP; 7UJQ; 7UJR; 7UJS; 7UJT,GRIN2B,GRIN2B,HGNC:4586,Humans,DB00193; DB00333; DB11823
454,"Glutamate receptor ionotropic, NMDA 2C",GRIN2C,1196449,L76224,Q14957,NMDE3_HUMAN,8E92; 8E93; 8E94; 8E97; 8E98; 8E99,GRIN2C,GRIN2C,HGNC:4587,Humans,DB00193; DB00333; DB11823
396,"Glutamate receptor ionotropic, NMDA 2D",GRIN2D,2444026,U77783,O15399,NMDE4_HUMAN,7YFF; 7YFL; 7YFM; 7YFO; 7YFR; 8E96,GRIN2D,GRIN2D,HGNC:4588,Humans,DB00193; DB00333; DB11823
641,"Glutamate receptor ionotropic, NMDA 3A",GRIN3A,20372905,AJ416950,Q8TCU5,NMD3A_HUMAN,8USW; 8USX; 8UUE,GRIN3A,GRIN3A,HGNC:16767,Humans,DB00193; DB00333; DB11823
534,"Glutamate receptor ionotropic, NMDA 3B",GRIN3B,3025446,AC004528,O60391,NMD3B_HUMAN,,GRIN3B,GRIN3B,HGNC:16768,Humans,DB00193; DB00333; DB11823
4919,Sodium/potassium-transporting ATPase subunit beta-1,ATP1B1,,,P05026,AT1B1_HUMAN,7E1Z; 7E20; 7E21; 8D3U; 8D3V; 8D3W; 8D3X; 8D3Y,ATP1B1,,HGNC:804,Humans,DB00390; DB01396
4926,Steroid hormone receptor ERR2,ESRRB,,,O95718,ERR2_HUMAN,1LO1; 6LIT; 6LN4,ESRRB,,HGNC:3473,Humans,DB00253; DB00288; DB00547; DB00596; DB00663; DB00846; DB00995; DB01047; DB01130; DB01260; DB01380; DB06786; DB14596
4943,Sodium/potassium-transporting ATPase subunit beta-2,ATP1B2,,,P14415,AT1B2_HUMAN,,ATP1B2,,HGNC:805,Humans,DB00390; DB01396
4951,Sodium/potassium-transporting ATPase subunit beta-3,ATP1B3,,,P54709,AT1B3_HUMAN,,ATP1B3,,HGNC:806,Humans,DB00390; DB01396
4959,Sodium/potassium-transporting ATPase subunit alpha-2,ATP1A2,,,P50993,AT1A2_HUMAN,,ATP1A2,,HGNC:800,Humans,DB00390; DB01396
4972,Sodium/potassium-transporting ATPase subunit alpha-3,ATP1A3,,,P13637,AT1A3_HUMAN,8D3U; 8D3V; 8D3W; 8D3X; 8D3Y,ATP1A3,,HGNC:801,Humans,DB00390; DB01396
5220,Ryanodine receptor 2,RYR2,,,Q92736,RYR2_HUMAN,4JKQ; 6Y4O; 6Y4P; 7KL5; 7U9Q; 7U9R; 7U9T; 7U9X; 7U9Z; 7UA1; 7UA3; 7UA4; 7UA5; 7UA9; 8UQ2; 8UQ3; 8UQ4; 8UQ5; 8UXC; 8UXE; 8UXF; 8UXG; 8UXH; 8UXI; 8UXL; 8UXM,RYR2,,HGNC:10484,Humans,DB09085
5225,Cyclic nucleotide-gated channel alpha-1,CNGA1,,,P29973,CNGA1_HUMAN,7LFT; 7LFW; 7LFX; 7LFY; 7LG1; 7RH9; 7RHG; 7RHH; 7RHI; 7RHJ; 7RHK; 7RHL,CNGA1,,HGNC:2148,Humans,DB04209
5387,ADP-ribosyl cyclase/cyclic ADP-ribose hydrolase 1,CD38,,,P28907,CD38_HUMAN,1YH3; 1ZVM; 2EF1; 2HCT; 2I65; 2I66; 2I67; 2O3Q; 2O3R; 2O3S; 2O3T; 2O3U; 2PGJ; 2PGL; 3DZF; 3DZG; 3DZH; 3DZI; 3DZJ; 3DZK; 3F6Y; 3I9M; 3I9N; 3OFS; 3RAJ; 3ROK; 3ROM; 3ROP; 3ROQ; 3U4H; 3U4I; 4CMH; 4F45; 4F46; 4OGW; 4TMF; 4XJS; 4XJT; 5F1K; 5F1O; 5F21; 6EDR; 6VUA; 7DHA; 7DUO; 7VKE; 8BYU; 8D0M; 8IL3; 8P8C,CD38,,HGNC:1667,Humans,DB09331; DB14811
5467,Tyrosine-protein kinase Fgr,FGR,,,P09769,FGR_HUMAN,7JT9; 7UY0; 7UY3,FGR,,HGNC:3697,Humans,DB06616
5479,Transcription factor p65,RELA,,,Q04206,TF65_HUMAN,1NFI; 2LSP; 2O61; 3GUT; 3QXY; 3RC0; 4KV1; 4KV4; 5U4K; 5URN; 6NV2; 6QHL; 6QHM; 6YOW; 6YOX; 6YOY; 6YP2; 6YP3; 6YP8; 6YPL; 6YPY; 6YQ2; 7BI3; 7BIQ; 7BIW; 7BIY; 7BJB; 7BJF; 7BJL; 7BJW; 7BKH; 7LET; 7LEU; 7LF4; 7NJ9; 7NJB; 7NK3; 7NK5; 7NLA; 7NLE; 7NM1; 7NM3; 7NM9; 7NMH; 7NQP; 7NR7; 7NSV; 7NV4; 7NVI; 7NWS; 7NXS; 7NXT; 7NXW; 7NXY; 7NY4; 7NYE; 7NYF; 7NYG; 7NZ6; 7NZG; 7NZK; 7NZV; 7O34; 7O3A; 7O3F; 7O3P; 7O3Q; 7O3R; 7O3S; 7O57; 7O59; 7O5A; 7O5C; 7O5D; 7O5F; 7O5G; 7O5O; 7O5P; 7O5S; 7O5U; 7O5X; 7O6F; 7O6G; 7O6I; 7O6J; 7O6K; 7O6M; 7O6O,RELA,,HGNC:9955,Humans,DB00795; DB06439; DB13063
5489,Platelet-activating factor receptor,PTAFR,,,P25105,PTAFR_HUMAN,5ZKP; 5ZKQ,PTAFR,,HGNC:9582,Humans,DB00208; DB11614
5629,5HT3 serotonin receptor,,,,Q9UE69,Q9UE69_HUMAN,,,,,Humans,DB00370
5835,G-protein coupled bile acid receptor 1,GPBAR1,,,Q8TDU6,GPBAR_HUMAN,7BW0; 7CFM; 7CFN; 7XTQ,GPBAR1,,HGNC:19680,Humans,DB04348
5840,P2X purinoceptor 4,P2RX4,,,Q99571,P2RX4_HUMAN,,P2RX4,,HGNC:8535,Humans,DB09119; DB14575
5853,Dihydropyrimidinase-related protein 2,DPYSL2,,,Q16555,DPYL2_HUMAN,2GSE; 2VM8; 5LXX; 5MKV; 5MLE; 5X1A; 5X1C; 5X1D; 5YZ5; 5YZA; 5YZB; 6JV9; 6JVB; 7X68; 8DNM,DPYSL2,,HGNC:3014,Humans,DB06218
5907,Interleukin-17A,IL17A,,,Q16552,IL17_HUMAN,2VXS; 4HR9; 4HSA; 4QHU; 5HHV; 5HHX; 5HI3; 5HI4; 5HI5; 5N7W; 5N92; 5NAN; 5VB9; 6WIO; 6WIR; 7AMA; 7AMG; 7UWM; 7UWN; 7WKX; 7Z2M; 7ZAN; 8B7W; 8CDG; 8DY1; 8DY5; 8DYF; 8DYG; 8DYH; 8DYI; 8USR; 8USS,IL17A,,HGNC:5981,Humans,DB09029; DB11569; DB12917
5908,Orexin/Hypocretin receptor type 1,HCRTR1,,,O43613,OX1R_HUMAN,4ZJ8; 4ZJC; 6TO7; 6TOD; 6TOS; 6TOT; 6TP3; 6TP4; 6TP6; 6TQ4; 6TQ6; 6TQ7; 6TQ9; 6V9S,HCRTR1,,HGNC:4848,Humans,DB09034; DB11951; DB15031
5909,Orexin receptor type 2,HCRTR2,,,O43614,OX2R_HUMAN,4S0V; 5WQC; 5WS3; 6TPG; 6TPJ; 6TPN; 7L1U; 7L1V; 7SQO; 7SR8; 7XRR,HCRTR2,,HGNC:4849,Humans,DB09034; DB11951; DB15031
8538,DNA gyrase subunit A,gyrA,,,P0AES4,GYRA_ECOLI,1AB4; 1X75; 1ZI0; 2Y3P; 3NUH; 4ELY,,,,Escherichia coli (strain K12),DB11943
8541,DNA gyrase subunit A,gyrA,,,P20831,GYRA_STAAU,4PLB; 5BS3,,,,Staphylococcus aureus,DB00218; DB00365; DB00537; DB00685; DB01044; DB01137; DB01155; DB01165; DB01208; DB06771; DB09047; DB12924
8641,Penicillin-binding protein 4,pbp4,,,P72355,P72355_STAAU,,,,,Staphylococcus aureus,DB06211
8752,Malaria protein EXP-1,EXP-1,,,P04926,EXP1_PLAFA,,,,,Plasmodium falciparum,DB09274
8753,Proprotein convertase subtilisin/kexin type 9,PCSK9,,,Q8NBP7,PCSK9_HUMAN,2P4E; 2PMW; 2QTW; 2W2M; 2W2N; 2W2O; 2W2P; 2W2Q; 2XTJ; 3BPS; 3GCW; 3GCX; 3H42; 3M0C; 3P5B; 3P5C; 3SQO; 4K8R; 4NE9; 4NMX; 4OV6; 5OCA; 5VL7; 5VLA; 5VLH; 5VLK; 5VLL; 5VLP; 6E4Y; 6E4Z; 6MV5; 6OLZ; 6OM0; 6OM7; 6U26; 6U2F; 6U2N; 6U2P; 6U36; 6U38; 6U3I; 6U3X; 7ANQ,PCSK9,,HGNC:20001,Humans,DB09302; DB09303; DB14901
8755,Extended-spectrum beta-lactamase PER-1,per1,,,P37321,BLE1_PSEAI,1E25,,,,Pseudomonas aeruginosa,DB09060; DB18716
8756,Class D OXA-48 carbapenemase,OXA-48,,,A0A023W3H0,A0A023W3H0_KLEPN,,,,,Klebsiella pneumoniae,DB09060
8757,Carbapenem-hydrolyzing beta-lactamase KPC,bla,,,Q9F663,BLKPC_KLEPN,2OV5; 3E2K; 3E2L; 3RXW; 3RXX,,,,Klebsiella pneumoniae,DB09060; DB12107
8758,Beta-lactamase UOE-1,blaUOE-1,,,Q9EXV5,Q9EXV5_ECOLX,4HBT; 4HBU; 5FA7; 5FAO; 5FAP,,,,Escherichia coli,DB09060
8759,Nonstructural protein 5A,NS5A,,,Q5L478,Q5L478_9HEPC,,,,,Hepatitis C Virus,DB09027; DB09102; DB09296; DB11574; DB11613; DB13878
8760,Sphingosine 1-phosphate receptor 1,S1PR1,,,P21453,S1PR1_HUMAN,3V2W; 3V2Y; 7EO2; 7EO4; 7EVY; 7EVZ; 7EW0; 7EW7; 7TD3; 7TD4; 7VIE; 7VIF; 7VIG; 7VIH; 7WF7; 8G94,S1PR1,,HGNC:3165,Humans,DB08868; DB12016; DB12371; DB12612; DB14766
8762,Nonstructural protein 5b,NS5b,,,P87764,P87764_9HEPC,,,,,,DB09183
8764,Corticotropin-releasing factor receptor 1,CRHR1,,,P34998,CRFR1_HUMAN,2L27; 3EHS; 3EHT; 3EHU; 4K5Y; 4Z9G; 6P9X; 6PB0; 8GTG; 8GTI; 8GTM,CRHR1,,HGNC:2357,Humans,DB06402; DB09067
8765,Thyrotropin-releasing hormone receptor,TRHR,,,P34981,TRFR_HUMAN,7WKD; 7X1T; 7X1U; 7XW9,TRHR,,HGNC:12299,Humans,DB09421
981,Interleukin-12 subunit beta,IL12B,180626,M65272,P29460,IL12B_HUMAN,1F42; 1F45; 3D85; 3D87; 3DUH; 3HMX; 3QWR; 4GRW; 5MJ3; 5MJ4; 5MXA; 5MZV; 5NJD; 6UIB; 6WDQ; 8CR8; 8OE4; 8XRP; 8YI7,IL12B,IL12B,HGNC:5970,Humans,DB05679; DB14004; DB14762
3415,Interleukin-23 subunit alpha,IL23A,,AF301620,Q9NPF7,IL23A_HUMAN,3D85; 3D87; 3DUH; 3QWR; 4GRW; 5MJ3; 5MJ4; 5MXA; 5MZV; 5NJD; 6UIB; 6WDQ; 8CR8; 8OE4,IL23A,IL23A,HGNC:15488,Humans,DB05679; DB14004; DB14762
2365,Histone deacetylase 1,HDAC1,1277084,U50079,Q13547,HDAC1_HUMAN,4BKX; 5ICN; 6Z2J; 6Z2K; 7AO8; 7AO9; 7AOA; 7SME,HDAC1,HDAC1,HGNC:4852,Humans,DB05015; DB06603; DB12645
8799,Histone deacetylase 11,HDAC11,,,Q96DB2,HDA11_HUMAN,,HDAC11,,HGNC:19086,Humans,DB05015; DB06603; DB12645
2366,Histone deacetylase 2,HDAC2,1667394,U31814,Q92769,HDAC2_HUMAN,3MAX; 4LXZ; 4LY1; 5IWG; 5IX0; 6G3O; 6WBW; 6WBZ; 6WHN; 6WHO; 6WHQ; 6WHZ; 6WI3; 6XDM; 6XEB; 6XEC; 7JS8; 7KBG; 7KBH; 7LTG; 7LTK; 7LTL; 7MOS; 7MOT; 7MOX; 7MOY; 7MOZ; 7ZZO; 7ZZP; 7ZZR; 7ZZS; 7ZZT; 7ZZU; 7ZZW; 8A0B; 8BPA; 8BPB; 8BPC; 8C60,HDAC2,HDAC2,HGNC:4853,Humans,DB05015; DB06603; DB12645
2367,Histone deacetylase 3,HDAC3,2326173,U66914,O15379,HDAC3_HUMAN,4A69,HDAC3,HDAC3,HGNC:4854,Humans,DB05015; DB06603; DB12645
3523,Histone deacetylase 4,HDAC4,,AF132607,P56524,HDAC4_HUMAN,2H8N; 2O94; 2VQJ; 2VQM; 2VQO; 2VQQ; 2VQV; 2VQW; 3UXG; 3UZD; 3V31; 4CBT; 4CBY; 5A2S; 5ZOO; 5ZOP; 6FYZ; 7XUZ; 8PDE,HDAC4,HDAC4,HGNC:14063,Humans,DB05015; DB06603; DB12645
3524,Histone deacetylase 5,HDAC5,,BK000028,Q9UQL6,HDAC5_HUMAN,5UWI; 8Q9P,HDAC5,HDAC5,HGNC:14068,Humans,DB05015; DB06603; DB12645
2368,Histone deacetylase 6,HDAC6,4754911,AF132609,Q9UBN7,HDAC6_HUMAN,3C5K; 3GV4; 3PHD; 5B8D; 5EDU; 5KH3; 5KH7; 5KH9; 5WBN; 5WPB; 6CE6; 6CE8; 6CEA; 6CEC; 6CED; 6CEE; 6CEF; 7ZYU; 8G43; 8G44; 8G45,HDAC6,HDAC6,HGNC:14064,Humans,DB05015; DB06603; DB12645
3525,Histone deacetylase 7,HDAC7,,BC020505,Q8WUI4,HDAC7_HUMAN,3C0Y; 3C0Z; 3C10; 3ZNR; 3ZNS; 8Q9Q,HDAC7,HDAC7,HGNC:14067,Humans,DB05015; DB06603; DB12645
1608,Histone deacetylase 8,HDAC8,8118721,AF230097,Q9BY41,HDAC8_HUMAN,1T64; 1T67; 1T69; 1VKG; 1W22; 2V5W; 2V5X; 3EW8; 3EWF; 3EZP; 3EZT; 3F06; 3F07; 3F0R; 3MZ3; 3MZ4; 3MZ6; 3MZ7; 3RQD; 3SFF; 3SFH; 4QA0; 4QA1; 4QA2; 4QA3; 4QA4; 4QA5; 4QA6; 4QA7; 4RN0; 4RN1; 4RN2; 5BWZ; 5D1B; 5D1C; 5D1D; 5DC5; 5DC6; 5DC7; 5DC8; 5FCW; 5THS; 5THT; 5THU; 5THV; 5VI6; 6HSK; 6ODA; 6ODB; 6ODC; 7JVU; 7JVV; 7JVW,HDAC8,HDAC8,HGNC:13315,Humans,DB05015; DB06603; DB12645
881,Histone deacetylase 9,HDAC9,15590680,AY032737,Q9UKV0,HDAC9_HUMAN,8Q9N; 8Q9R,HDAC9,HDAC9,HGNC:14065,Humans,DB05015; DB06603; DB12645
3526,Polyamine deacetylase HDAC10,HDAC10,,AL512711,Q969S8,HDA10_HUMAN,,HDAC10,HDAC10,HGNC:18128,Humans,DB05015; DB06603; DB12645
795,Gamma-aminobutyric acid receptor subunit alpha-1,GABRA1,31631,X13584,P14867,GBRA1_HUMAN,6CDU; 6D1S; 6D6T; 6D6U; 6HUG; 6HUJ; 6HUK; 6HUO; 6HUP; 6I53; 6X3S; 6X3T; 6X3U; 6X3V; 6X3W; 6X3X; 6X3Z; 6X40; 7PBD; 7PBZ; 7PC0; 7QNE; 7T0W; 7T0Z; 8DD2; 8DD3; 8SGO; 8SI9; 8SID; 8VQY; 8VRN,GABRA1,GABRA1,HGNC:4075,Humans,DB00186; DB00349; DB00404; DB00475; DB00628; DB00683; DB00690; DB00829; DB00842; DB00897; DB01068; DB01215; DB01544; DB01558; DB01559; DB01587; DB01588; DB01589; DB01595; DB12404; DB13872
381,Gamma-aminobutyric acid receptor subunit alpha-2,GABRA2,386422,S62907,P47869,GBRA2_HUMAN,,GABRA2,GABRA2,HGNC:4076,Humans,DB00186; DB00349; DB00404; DB00475; DB00628; DB00683; DB00690; DB00829; DB00842; DB00897; DB01068; DB01215; DB01544; DB01558; DB01559; DB01587; DB01588; DB01589; DB01595; DB12404; DB13872
523,Gamma-aminobutyric acid receptor subunit alpha-3,GABRA3,386424,S62908,P34903,GBRA3_HUMAN,,GABRA3,GABRA3,HGNC:4077,Humans,DB00186; DB00349; DB00404; DB00475; DB00628; DB00683; DB00690; DB00829; DB00842; DB00897; DB01068; DB01215; DB01544; DB01558; DB01559; DB01587; DB01588; DB01589; DB01595; DB12404; DB13872
471,Gamma-aminobutyric acid receptor subunit alpha-5,GABRA5,182916,L08485,P31644,GBRA5_HUMAN,5O8F; 5OJM; 6A96; 8BEJ; 8BGI; 8BHA; 8BHB; 8BHG; 8BHI; 8BHK; 8BHM; 8BHO; 8BHQ; 8BHR; 8BHS,GABRA5,GABRA5,HGNC:4079,Humans,DB00186; DB00349; DB00404; DB00475; DB00628; DB00683; DB00690; DB00829; DB00842; DB00897; DB01068; DB01215; DB01544; DB01558; DB01559; DB01587; DB01588; DB01589; DB01595; DB12404; DB13872
3593,Gamma-aminobutyric acid receptor subunit gamma-1,GABRG1,193783776,AK122845,Q8N1C3,GBRG1_HUMAN,,GABRG1,,HGNC:4086,Humans,DB00186; DB00349; DB00404; DB00475; DB00628; DB00683; DB00690; DB00829; DB00842; DB00897; DB01068; DB01215; DB01544; DB01558; DB01559; DB01587; DB01588; DB01589; DB01595; DB12404; DB13872
3592,Gamma-aminobutyric acid receptor subunit gamma-2,GABRG2,31637,X15376,P18507,GBRG2_HUMAN,6D6T; 6D6U; 6HUG; 6HUJ; 6HUK; 6HUO; 6HUP; 6I53; 6X3S; 6X3T; 6X3U; 6X3V; 6X3W; 6X3X; 6X3Z; 6X40; 7QNB; 7QNE; 7T0W; 7T0Z; 8DD2; 8DD3; 8SGO; 8SI9; 8SID; 8VQY; 8VRN,GABRG2,,HGNC:4087,Humans,DB00186; DB00349; DB00404; DB00475; DB00628; DB00683; DB00690; DB00829; DB00842; DB00897; DB01068; DB01215; DB01544; DB01558; DB01559; DB01587; DB01588; DB01589; DB01595; DB12404; DB13872
3594,Gamma-aminobutyric acid receptor subunit gamma-3,GABRG3,1754749,S82769,Q99928,GBRG3_HUMAN,,GABRG3,,HGNC:4088,Humans,DB00186; DB00349; DB00404; DB00475; DB00628; DB00683; DB00690; DB00829; DB00842; DB00897; DB01068; DB01215; DB01544; DB01558; DB01559; DB01587; DB01588; DB01589; DB01595; DB12404; DB13872
207,ATP-binding cassette sub-family C member 8,ABCC8,1374919,L78243,Q09428,ABCC8_HUMAN,6C3O; 6C3P; 7S5V; 7S5X; 7S5Y; 7S5Z; 7S60; 7S61,ABCC8,ABCC8,HGNC:59,Humans,DB00839; DB01016
708,ATP-sensitive inward rectifier potassium channel 11,KCNJ11,1088445,D50582,Q14654,KCJ11_HUMAN,6C3O; 6C3P; 7S5T; 7S5X; 7S5Y; 7S5Z; 7S60; 7S61,KCNJ11,KCNJ11,HGNC:6257,Humans,DB00839; DB01016
5569,Toxin B,toxB,,,P18177,TOXB_PEPDI,2BVL; 2BVM; 4NC2; 4NP4,,,,Peptoclostridium difficile,DB13140
8842,Calmodulin-2,CALM2,,,P0DP24,CALM2_HUMAN,3O77; 3O78; 5COC; 5J03; 5NIN; 5VMS; 5WSU; 5WSV; 6PLM; 6S5T; 6SZ5; 6XXF; 6Y4O; 7MIR; 7MIS; 7PPO; 7PQE; 8K9Z; 8KA0; 8KA1,CALM2,,HGNC:1445,Humans,DB00831; DB01218
8843,Calmodulin-3,CALM3,,,P0DP25,CALM3_HUMAN,5COC; 5J03; 6K67; 7BYL; 7BYM; 7BYN; 7CR3; 7CR4; 7CR7; 7VNP; 7VNQ; 7VNR; 7XNI; 7XNK; 7XNL; 7XNN; 8BD2,CALM3,,HGNC:1449,Humans,DB00831; DB01218
430,Voltage-dependent L-type calcium channel subunit alpha-1C,CACNA1C,,M92270,Q13936,CAC1C_HUMAN,1T0J; 2BE6; 2F3Y; 2F3Z; 2LQC; 3G43; 3OXQ; 5V2P; 5V2Q; 6C0A; 6DAD; 6DAE; 6DAF; 6U39; 6U3A; 6U3B; 6U3D; 7L8V; 8EOG; 8EOI; 8FD7; 8FHS; 8WE6; 8WE7; 8WE8; 8WE9; 8WEA,CACNA1C,CACNA1C,HGNC:1390,Humans,DB00252; DB00653; DB00825; DB09089; DB09236; DB09238
2359,Voltage-dependent L-type calcium channel subunit alpha-1D,CACNA1D,179764,M76558,Q01668,CAC1D_HUMAN,3LV3; 7UHF; 7UHG; 8E59; 8E5A; 8E5B,CACNA1D,CACNA1D,HGNC:1391,Humans,DB00252; DB00653; DB00825; DB09089; DB09236; DB09238
2357,Voltage-dependent L-type calcium channel subunit alpha-1F,CACNA1F,3183953,AJ006216,O60840,CAC1F_HUMAN,,CACNA1F,CACNA1F,HGNC:1393,Humans,DB00252; DB00653; DB00825; DB09089; DB09236; DB09238
2355,Voltage-dependent L-type calcium channel subunit alpha-1S,CACNA1S,1698403,U30707,Q13698,CAC1S_HUMAN,2VAY; 6B27,CACNA1S,CACNA1S,HGNC:1397,Humans,DB00252; DB00653; DB00825; DB09089; DB09236; DB09238
303,Voltage-dependent L-type calcium channel subunit beta-1,CACNB1,179806,M92303,Q02641,CACB1_HUMAN,7VFS; 7VFU; 7VFV; 7VFW; 7XLQ; 7YG5,CACNB1,CACNB1,HGNC:1401,Humans,DB00252; DB00653; DB00825; DB09089; DB09236; DB09238
2354,Voltage-dependent L-type calcium channel subunit beta-2,CACNB2,300417,S60415,Q08289,CACB2_HUMAN,8HLP; 8HMA; 8HMB,CACNB2,CACNB2,HGNC:1402,Humans,DB00252; DB00653; DB00825; DB09089; DB09236; DB09238
2358,Voltage-dependent L-type calcium channel subunit beta-3,CACNB3,435135,X76555,P54284,CACB3_HUMAN,7MIX; 7MIY; 7UHF; 7UHG; 8E59; 8E5A; 8E5B; 8EPL; 8FHS; 8WE6; 8WE7; 8WE8; 8WE9; 8X90; 8X91; 8X93,CACNB3,CACNB3,HGNC:1403,Humans,DB00252; DB00653; DB00825; DB09089; DB09236; DB09238
2356,Voltage-dependent L-type calcium channel subunit beta-4,CACNB4,2058727,U95020,O00305,CACB4_HUMAN,2D46,CACNB4,CACNB4,HGNC:1404,Humans,DB00252; DB00653; DB00825; DB09089; DB09236; DB09238
356,Voltage-dependent P/Q-type calcium channel subunit alpha-1A,CACNA1A,2213913,AF004884,O00555,CAC1A_HUMAN,3BXK; 8X90; 8X91; 8X93,CACNA1A,CACNA1A,HGNC:1388,Humans,DB00252; DB00653; DB00825; DB09089; DB09236; DB09238
483,Voltage-dependent T-type calcium channel subunit alpha-1G,CACNA1G,6625659,AF134986,O43497,CAC1G_HUMAN,,,CACNA1G,HGNC:1394,Humans,DB09238
864,Voltage-dependent T-type calcium channel subunit alpha-1H,CACNA1H,14670397,AF051946,O95180,CAC1H_HUMAN,9AYG; 9AYH; 9AYJ; 9AYK; 9AYL,CACNA1H,CACNA1H,HGNC:1395,Humans,DB09238
12,Voltage-dependent T-type calcium channel subunit alpha-1I,CACNA1I,5565888,AF129133,Q9P0X4,CAC1I_HUMAN,7WLI; 7WLJ; 7WLK; 7WLL,CACNA1I,CACNA1I,HGNC:1396,Humans,DB09238
8876,Diacylglycerol O-acyltransferase 2,DGAT2,,,Q96PD7,DGAT2_HUMAN,,DGAT2,,HGNC:16940,Humans,DB00627; DB09568; DB13961
4796,Transferrin receptor protein 1,TFRC,,,P02786,TFR1_HUMAN,1CX8; 1DE4; 1SUV; 2NSU; 3KAS; 3S9L; 3S9M; 3S9N; 6D03; 6D04; 6D05; 6GSR; 6H5I; 6OKD; 6W3H; 6WRV; 6WRW; 6WRX; 6Y76; 7ZQS; 8P0Z,TFRC,,HGNC:11763,Humans,DB13949; DB14520
5896,Apolipoprotein C-III,APOC3,,,P02656,APOC3_HUMAN,2JQ3,APOC3,,HGNC:610,Humans,DB15067
8893,Alpha-actinin-1,ACTN1,,,P12814,ACTN1_HUMAN,2EYI; 2EYN; 2N8Y; 2N8Z,ACTN1,,HGNC:163,Humans,DB06773
8894,Annexin A4,ANXA4,,,P09525,ANXA4_HUMAN,2ZOC,ANXA4,,HGNC:542,Humans,DB00591
8908,Prostate-specific antigen,KLK3,,,P07288,KLK3_HUMAN,2ZCH; 2ZCK; 2ZCL; 3QUM,KLK3,,HGNC:6364,Humans,DB16019; DB16778
8934,Calcitonin gene-related peptide type 1 receptor,CALCRL,,,Q16602,CALRL_HUMAN,3AQF; 3N7P; 3N7R; 3N7S; 4RWF; 4RWG; 5V6Y; 6D1U; 6E3Y; 6UMG; 6UUN; 6UUS; 6UVA; 6V2E; 6ZHO; 6ZIS; 7KNT; 7KNU; 7P0F; 7P0I; 8AX5; 8AX6; 8AX7,CALCRL,,HGNC:16709,Humans,DB12457; DB14039; DB15328; DB15688; DB16098
8970,Proliferating cell nuclear antigen,PCNA,,,P12004,PCNA_HUMAN,1AXC; 1U76; 1U7B; 1UL1; 1VYJ; 1VYM; 1W60; 2ZVK; 2ZVL; 2ZVM; 3JA9; 3P87; 3TBL; 3VKX; 3WGW; 4D2G; 4RJF; 4ZTD; 5E0T; 5E0U; 5E0V; 5IY4; 5MAV; 5MLO; 5MLW; 5MOM; 5YCO; 5YD8; 6CBI; 6EHT; 6FCM; 6FCN; 6GIS; 6GWS; 6HVO; 6K3A; 6QC0; 6QCG; 6S1M; 6S1N; 6S1O; 6TNY; 6TNZ; 6VVO; 7EFA; 7KQ0; 7KQ1; 7M5L; 7M5M; 7M5N; 7NV0; 7NV1; 7QNZ; 7QO1; 8B8T; 8COB; 8E84; 8F5Q; 8GCJ; 8GL9; 8GLA; 8UI7; 8UI8; 8UI9; 8UII; 8UMT; 8UMU; 8UMV; 8UMW; 8UMY; 8UN0; 9F6D; 9F6E; 9F6F,PCNA,,HGNC:8729,Humans,DB03619
8988,"Keratin, type II cytoskeletal 2 epidermal",KRT2,,,P35908,K22E_HUMAN,,KRT2,,HGNC:6439,Humans,DB11157
9000,Coagulation factor XIII B chain,F13B,,,P05160,F13B_HUMAN,,F13B,,HGNC:3534,Humans,DB09310; DB11300; DB11571
9051,Penicillin-binding protein 3,pbpC,,,A0A0E1R3H3,A0A0E1R3H3_LISMN,,,,,Listeria monocytogenes serotype 4b str. LL195,DB00485
9144,Survival motor neuron protein,SMN2,,,B4DP61,B4DP61_HUMAN,,,,HGNC:11117,Humans,DB13161
9151,Histamine H1 receptor,Hrh1,,,P70174,HRH1_MOUSE,,,,,Mouse,DB11160
9161,Retinoid isomerohydrolase,RPE65,,,Q16518,RPE65_HUMAN,,RPE65,,HGNC:10294,Humans,DB13932
9168,Transient receptor potential cation channel subfamily V member 4,TRPV4,,,Q9HBA0,TRPV4_HUMAN,4DX1; 4DX2; 7AA5; 8FC7; 8FC8; 8FC9; 8FCA; 8FCB; 8JU5; 8JU6; 8JVI; 8JVJ; 8T1B; 8T1C; 8T1D; 8T1E; 8T1F,TRPV4,,HGNC:18083,Humans,DB00265; DB04272
9282,Bone morphogenetic protein receptor type-1A,BMPR1A,,,P36894,BMR1A_HUMAN,1ES7; 1REW; 2GOO; 2H62; 2H64; 2K3G; 2QJ9; 2QJA; 2QJB; 3NH7; 3QB4,BMPR1A,,HGNC:1076,Humans,DB11639
9283,Somatostatin receptor type 4,SSTR4,,,P31391,SSR4_HUMAN,7XMS; 7XMT,SSTR4,,HGNC:11333,Humans,DB09099; DB13985
9291,Nucleotide-binding oligomerization domain-containing protein 2,NOD2,,,Q9HC29,NOD2_HUMAN,,NOD2,,HGNC:5331,Humans,DB13615
9292,Bone morphogenetic protein receptor type-2,BMPR2,,,Q13873,BMPR2_HUMAN,2HLQ; 3G2F; 6UNP; 7PPA; 7PPB; 7PPC; 7U5O,BMPR2,,HGNC:1078,Humans,DB11639
9294,30 kDa immediate-early protein 2,UL122,,,P06434,VIE3_HCMVT,,,,,Human cytomegalovirus (strain Towne),DB06759
9295,45 kDa immediate-early protein 2,UL122,,,P06435,IE247_HCMVT,,,,,Human cytomegalovirus (strain Towne),DB06759
9300,Thyroxine 5-deiodinase,DIO3,,,P55073,IOD3_HUMAN,,DIO3,,HGNC:2885,Humans,DB09333
9301,Macrophage mannose receptor 1,MRC1,,,P22897,MRC1_HUMAN,1EGG; 1EGI; 5XTS; 5XTW; 6INN; 6INO; 6INU; 6INV; 6IOE; 7JUB; 7JUC; 7JUD; 7JUE; 7JUF; 7JUG; 7JUH; 7L61; 7L62; 7L63; 7L64; 7L65; 7L66; 7L67; 7L68,MRC1,,HGNC:7228,Humans,DB09266
9308,Fibroblast growth factor 23,FGF23,,,Q7Z4T2,Q7Z4T2_HUMAN,,,,,Humans,DB14012
9309,Sodium/iodide cotransporter,SLC5A5,,,Q92911,SC5A5_HUMAN,,SLC5A5,,HGNC:11040,Humans,DB05382; DB09418
9312,DNA polymerase,DNApol,,,Q91CQ6,Q91CQ6_HHV1,,,,,Human herpesvirus 1,DB03312; DB13421
9313,Botulinum neurotoxin type C1,,,,P18640,BXC1_CLOBO,2QN0; 3DEB; 3N7K; 3R4S; 3R4U,,,,Clostridium botulinum,DB13898
9314,Botulinum neurotoxin type D,botD,,,P19321,BXD_CLOBO,2FPQ; 3N7J; 3OBR; 3OBT; 3OGG; 3RMX; 3RMY; 5BQM; 5BQN,,,,Clostridium botulinum,DB13902
9315,Botulinum neurotoxin type E,,,,Q00496,BXE_CLOBO,1T3A; 1T3C; 1ZKW; 1ZKX; 1ZL5; 1ZL6; 1ZN3; 3FFZ,,,,Clostridium botulinum,DB13897
9316,Botulinum neurotoxin type F,botF,,,P30996,BXF_CLOBO,2A8A; 2A97; 3FIE; 3FII,,,,Clostridium botulinum,DB13901
9317,Botulinum neurotoxin type G,botG,,,Q60393,BXG_CLOBO,1ZB7; 2VXR; 3MPP,,,,Clostridium botulinum,DB13899
9320,Beta-lactamase,fox-7,,,Q53IN1,Q53IN1_KLEPN,,,,,Klebsiella pneumoniae,DB12107
9326,Sodium channel protein,,,,Q86DI9,Q86DI9_9NEOP,,,,,Pediculus humanus,DB13746
20,D(1A) dopamine receptor,DRD1,30397,X55760,P21728,DRD1_HUMAN,7CKW; 7CKX; 7CKY; 7CKZ; 7CRH; 7F0T; 7F1O; 7F1Z; 7F23; 7F24; 7JOZ; 7JV5; 7JVP; 7JVQ; 7LJC; 7LJD; 7X2C; 7X2D; 7X2F; 8IRR; 8JXR; 8JXS,DRD1,DRD1,HGNC:3020,Humans,DB01049; DB11275; DB13345
145,D(1B) dopamine receptor,DRD5,32049,X58454,P21918,DRD5_HUMAN,8IRV,DRD5,DRD5,HGNC:3026,Humans,DB01049; DB11275; DB13345
756,D(2) dopamine receptor,DRD2,181432,M30625,P14416,DRD2_HUMAN,5AER; 6CM4; 6LUQ; 6VMS; 7DFP; 7JVR; 8IRS; 8TZQ; 8U02,DRD2,DRD2,HGNC:3023,Humans,DB01049; DB11275; DB13345
581,D(3) dopamine receptor,DRD3,927342,U32499,P35462,DRD3_HUMAN,3PBL; 7CMU; 7CMV; 8IRT,DRD3,DRD3,HGNC:3024,Humans,DB01049; DB11275; DB13345
389,D(4) dopamine receptor,DRD4,291946,L12398,P21917,DRD4_HUMAN,5WIU; 5WIV,DRD4,DRD4,HGNC:3025,Humans,DB01049; DB11275; DB13345
349,Potassium-transporting ATPase alpha chain 1,ATP4A,561634,J05451,P20648,ATP4A_HUMAN,,ATP4A,ATP4A,HGNC:819,Humans,DB11739
619,Potassium-transporting ATPase subunit beta,ATP4B,184105,M75110,P51164,ATP4B_HUMAN,,ATP4B,ATP4B,HGNC:820,Humans,DB11739
9339,Tyrosine-protein kinase Tec,TEC,,,P42680,TEC_HUMAN,2LUL,TEC,,HGNC:11719,Humans,DB06616; DB14924
9342,Serine/threonine-protein kinase 36,STK36,,,Q9NRP7,STK36_HUMAN,,STK36,,HGNC:17209,Humans,DB11718
9357,Tyrosine-protein kinase TXK,TXK,,,P42681,TXK_HUMAN,2DM0,TXK,,HGNC:12434,Humans,DB14924
9366,Tyrosine-protein kinase receptor UFO,AXL,,,P30530,UFO_HUMAN,2C5D; 4RA0; 5U6B; 5VXZ,AXL,,HGNC:905,Humans,DB12141
9370,Cytoplasmic tyrosine-protein kinase BMX,BMX,,,P51813,BMX_HUMAN,2EKX; 2YS2; 3SXR; 3SXS; 6I99; 8X2A,BMX,,HGNC:1079,Humans,DB14924
9400,Glycogen synthase kinase-3 alpha,GSK3A,,,P49840,GSK3A_HUMAN,7SXF; 7SXG,GSK3A,,HGNC:4616,Humans,DB00313
9410,LIM domain kinase 2,LIMK2,,,P53671,LIMK2_HUMAN,1X6A; 4TPT; 5NXD; 7QHG; 8GI4; 8S3X; 8WSW,LIMK2,,HGNC:6614,Humans,DB11718
9444,Macrophage-stimulating protein receptor,MST1R,,,Q04912,RON_HUMAN,3PLS; 4FWW; 4QT8; 8ZKD,MST1R,,HGNC:7381,Humans,DB08865
9455,NT-3 growth factor receptor,NTRK3,,,Q16288,NTRK3_HUMAN,1WWC; 3V5Q; 4YMJ; 6KZC; 6KZD,NTRK3,,HGNC:8033,Humans,DB11986; DB14723; DB16826
9488,Proto-oncogene tyrosine-protein kinase ROS,ROS1,,,P08922,ROS1_HUMAN,3ZBF; 4UXL; 7Z5W; 7Z5X,ROS1,,HGNC:10261,Humans,DB08865; DB11986; DB12130; DB16826
9500,Gastrin,GAST,,,P01350,GAST_HUMAN,5WRJ; 7F8V; 7F8W; 7XOW,GAST,,HGNC:4164,Humans,DB12532
9504,Glutamate-gated chloride channel,GluClX,,,Q25634,Q25634_ONCVO,,,,,Onchocerca volvulus,DB11431
9505,30S ribosomal protein S11,rpsK,,,L0LZJ6,L0LZJ6_ENTBF,,,,,Enterobacteriaceae bacterium (strain FGI 57),DB12615
9506,Envelope protein F13,,,,P33815,F13_VAR67,,,,,Variola virus (isolate Human/India/Ind3/1967),DB12020
9508,Histone-lysine N-methyltransferase EZH2,EZH2,,,Q15910,EZH2_HUMAN,4MI0; 4MI5; 5GSA; 5H14; 5H15; 5H17; 5H19; 5H24; 5H25; 5HYN; 5IJ7; 5IJ8; 5LS6; 5U5T; 5U62; 5WG6; 5WUK; 6C23; 6C24; 6LO2; 6P5L; 6U4Y; 6WKR; 7AT8; 7QJG; 7QJU; 7QK4; 8EQV; 8FYH; 9C8U,EZH2,,HGNC:3527,Humans,DB12887
4829,Polyprenal reductase,SRD5A3,,,Q9H8P0,SR5A3_HUMAN,,SRD5A3,,HGNC:25812,Humans,DB00548; DB01126; DB01216
4830,Protein kinase C gamma type,PRKCG,,,P05129,KPCG_HUMAN,2E73; 2UZP,PRKCG,,HGNC:9402,Humans,DB06595
4840,ATP-sensitive inward rectifier potassium channel 10,KCNJ10,,,P78508,KCJ10_HUMAN,,KCNJ10,,HGNC:6256,Humans,DB00672; DB00839; DB01067; DB01251; DB01382
5024,Voltage-dependent R-type calcium channel subunit alpha-1E,CACNA1E,,,Q15878,CAC1E_HUMAN,3BXL; 7XLQ; 7YG5; 8EPL; 8EPM,CACNA1E,,HGNC:1392,Humans,DB00555
90,Voltage-gated inwardly rectifying potassium channel KCNH2,KCNH2,487738,U04270,Q12809,KCNH2_HUMAN,1BYW; 1UJL; 2L0W; 2L1M; 2L4R; 2LE7; 2N7G; 4HP9; 4HQA; 5VA1; 5VA2; 5VA3; 6SYG; 8IO4; 9CHP; 9CHQ; 9CHR; 9CHS,KCNH2,KCNH2,HGNC:6251,Humans,DB01118
462,Voltage-gated inwardly rectifying potassium channel KCNH6,KCNH6,11878259,AF311913,Q9H252,KCNH6_HUMAN,,KCNH6,KCNH6,HGNC:18862,Humans,DB01118
699,Voltage-gated inwardly rectifying potassium channel KCNH7,KCNH7,4104136,AF032897,Q9NS40,KCNH7_HUMAN,6Y7Q,KCNH7,KCNH7,HGNC:18863,Humans,DB01118
1131,ATP-sensitive inward rectifier potassium channel 12,KCNJ12,567019,L36069,Q14500,KCJ12_HUMAN,,KCNJ12,KCNJ12,HGNC:6258,Humans,DB04855
4842,ATP-sensitive inward rectifier potassium channel 14,KCNJ14,,,Q9UNX9,KCJ14_HUMAN,,KCNJ14,,HGNC:6260,Humans,DB04855
9677,Inward rectifier potassium channel 2,KCNJ2,,,P63252,KCNJ2_HUMAN,6SPZ; 7ZDZ,KCNJ2,,HGNC:6263,Humans,DB04855
5112,Inward rectifier potassium channel 4,KCNJ4,,,P48050,KCNJ4_HUMAN,3GJ9,KCNJ4,,HGNC:6265,Humans,DB04855
9551,Aquaporin-3,AQP3,,,Q92482,AQP3_HUMAN,,AQP3,,HGNC:636,Humans,DB09020
9557,Sclerostin,SOST,,,Q9BQB4,SOST_HUMAN,2K8P; 3SOV; 6L6R,SOST,,HGNC:13771,Humans,DB11866
9589,Endothelial PAS domain-containing protein 1,EPAS1,,,Q99814,EPAS1_HUMAN,1P97; 2A24; 3F1N; 3F1O; 3F1P; 3H7W; 3H82; 4GHI; 4GS9; 4PKY; 4XT2; 5KIZ; 5TBM; 5UFP; 6BVB; 6CZW; 6D09; 6D0B; 6D0C; 6I7Q; 6I7R; 6X21; 6X28; 6X2H; 6X37; 6X3D; 7Q5V; 7Q5X; 7UJV; 8CK3; 8CK4; 8CK8; 8Q5S; 8Q64; 8Q6D; 8Q6E,EPAS1,,HGNC:3374,Humans,DB15463
9598,B-cell antigen receptor complex-associated protein beta chain,CD79B,,,P40259,CD79B_HUMAN,3KG5; 7WSO; 7WSP; 7XQ8; 7XT6,CD79B,,HGNC:1699,Humans,DB12240
9601,Beta-lactamase Ohio-1,,,,P18251,BLA1_ENTCL,,,,,Enterobacter cloacae,DB01606
9604,Melanocortin receptor 4,MC4R,,,P32245,MC4R_HUMAN,6W25; 7AUE; 7F53; 7F54; 7F55; 7F58; 7PIU; 7PIV; 8WKY; 8WKZ,MC4R,,HGNC:6932,Humans,DB04931; DB06800; DB11653; DB11700
9643,Exportin-1,XPO1,,,O14980,XPO1_HUMAN,1W9C; 2L1L; 3GB8; 4BSM; 4BSN; 5DIS; 6TVO; 7B51,XPO1,,HGNC:12825,Humans,DB11942
9650,Phosphodiesterase isozyme 4,PDE4,,,Q86V67,Q86V67_HUMAN,,,,,Humans,DB05676
9698,50S ribosomal protein L22,rplV,,,P61182,RL22_STRPN,,,,,Streptococcus pneumoniae serotype 4 (strain ATCC BAA-334 / TIGR4),DB12825
9743,16S/23S rRNA (cytidine-2'-O)-methyltransferase TlyA,tlyA,,,P9WJ63,TLYA_MYCTU,5KS2; 5KYG,,,,Mycobacterium tuberculosis (strain ATCC 25618 / H37Rv),DB00314; DB06827
9773,Polymerase acidic protein,PA,,,P03433,PA_I34A1,2ZNL; 4YYL; 4ZHZ; 4ZI0; 4ZQQ; 5FDD; 5FDG; 5I13; 5JHT; 5JHV,,,,Influenza A virus (strain A/Puerto Rico/8/1934 H1N1),DB13997
9779,Pepsin A-5,PGA5,,,P0DJD9,PEPA5_HUMAN,,PGA5,,HGNC:8887,Humans,DB00364
141,Sodium channel protein type 1 subunit alpha,SCN1A,12642270,AF225985,P35498,SCN1A_HUMAN,7DTD,SCN1A,SCN1A,HGNC:10585,Humans,DB00273; DB00555; DB00564; DB01161; DB06119; DB09009; DB09085; DB09088; DB09342; DB09345
177,Sodium channel protein type 10 subunit alpha,SCN10A,4838145,AF117907,Q9Y5Y9,SCNAA_HUMAN,7WE4; 7WEL; 7WFR; 7WFW,SCN10A,SCN10A,HGNC:10582,Humans,DB00273; DB00555; DB00564; DB01161; DB06119; DB09009; DB09085; DB09088; DB09342; DB09345
192,Sodium channel protein type 11 subunit alpha,SCN11A,6572950,AF188679,Q9UI33,SCNBA_HUMAN,,SCN11A,SCN11A,HGNC:10583,Humans,DB00273; DB00555; DB00564; DB01161; DB06119; DB09009; DB09085; DB09088; DB09342; DB09345
2081,Sodium channel protein type 2 subunit alpha,SCN2A,457879,M94055,Q99250,SCN2A_HUMAN,2KAV; 4JPZ; 4RLY; 6BUT; 6J8E,SCN2A,SCN2A,HGNC:10588,Humans,DB00273; DB00555; DB00564; DB01161; DB06119; DB09009; DB09085; DB09088; DB09342; DB09345
2082,Sodium channel protein type 3 subunit alpha,SCN3A,7414320,AJ251507,Q9NY46,SCN3A_HUMAN,7W77; 7W7F,SCN3A,SCN3A,HGNC:10590,Humans,DB00273; DB00555; DB00564; DB01161; DB06119; DB09009; DB09085; DB09088; DB09342; DB09345
2083,Sodium channel protein type 4 subunit alpha,SCN4A,338213,M81758,P35499,SCN4A_HUMAN,6AGF; 6MBA; 6MC9,SCN4A,SCN4A,HGNC:10591,Humans,DB00273; DB00555; DB00564; DB01161; DB06119; DB09009; DB09085; DB09088; DB09342; DB09345
197,Sodium channel protein type 5 subunit alpha,SCN5A,184039,M77235,Q14524,SCN5A_HUMAN,2KBI; 2L53; 4DCK; 4DJC; 4JQ0; 4OVN; 5DBR; 6LQA; 6MUD; 7DTC; 7L83,SCN5A,SCN5A,HGNC:10593,Humans,DB00273; DB00555; DB00564; DB01161; DB06119; DB09009; DB09085; DB09088; DB09342; DB09345
4833,Sodium channel protein type 7 subunit alpha,SCN7A,,,Q01118,SCN7A_HUMAN,7TJ8; 7TJ9,SCN7A,,HGNC:10594,Humans,DB00273; DB00555; DB00564; DB01161; DB06119; DB09009; DB09085; DB09088; DB09342; DB09345
2084,Sodium channel protein type 8 subunit alpha,SCN8A,4321647,AF050736,Q9UQD0,SCN8A_HUMAN,8FHD; 8GZ1; 8GZ2,SCN8A,SCN8A,HGNC:10596,Humans,DB00273; DB00555; DB00564; DB01161; DB06119; DB09009; DB09085; DB09088; DB09342; DB09345
1143,Sodium channel protein type 9 subunit alpha,SCN9A,758110,X82835,Q15858,SCN9A_HUMAN,5EK0; 6J8G; 6J8H; 6J8I; 6J8J; 6N4Q; 6N4R; 6NT3; 6NT4; 6VXO; 6W6O; 7K48; 7W9K; 7W9L; 7W9M; 7W9P; 7W9T; 7XM9; 7XMF; 7XMG; 7XVE; 7XVF; 8F0P; 8F0Q; 8F0R; 8F0S; 8G1A; 8I5B; 8I5G; 8I5X; 8I5Y; 8J4F; 8S9B; 8S9C; 8THG; 8THH; 8XMM; 8XMN; 8XMO,SCN9A,SCN9A,HGNC:10597,Humans,DB00273; DB00555; DB00564; DB01161; DB06119; DB09009; DB09085; DB09088; DB09342; DB09345
430,Voltage-dependent L-type calcium channel subunit alpha-1C,CACNA1C,,M92270,Q13936,CAC1C_HUMAN,1T0J; 2BE6; 2F3Y; 2F3Z; 2LQC; 3G43; 3OXQ; 5V2P; 5V2Q; 6C0A; 6DAD; 6DAE; 6DAF; 6U39; 6U3A; 6U3B; 6U3D; 7L8V; 8EOG; 8EOI; 8FD7; 8FHS; 8WE6; 8WE7; 8WE8; 8WE9; 8WEA,CACNA1C,CACNA1C,HGNC:1390,Humans,DB00273
2359,Voltage-dependent L-type calcium channel subunit alpha-1D,CACNA1D,179764,M76558,Q01668,CAC1D_HUMAN,3LV3; 7UHF; 7UHG; 8E59; 8E5A; 8E5B,CACNA1D,CACNA1D,HGNC:1391,Humans,DB00273
2357,Voltage-dependent L-type calcium channel subunit alpha-1F,CACNA1F,3183953,AJ006216,O60840,CAC1F_HUMAN,,CACNA1F,CACNA1F,HGNC:1393,Humans,DB00273
2355,Voltage-dependent L-type calcium channel subunit alpha-1S,CACNA1S,1698403,U30707,Q13698,CAC1S_HUMAN,2VAY; 6B27,CACNA1S,CACNA1S,HGNC:1397,Humans,DB00273
303,Voltage-dependent L-type calcium channel subunit beta-1,CACNB1,179806,M92303,Q02641,CACB1_HUMAN,7VFS; 7VFU; 7VFV; 7VFW; 7XLQ; 7YG5,CACNB1,CACNB1,HGNC:1401,Humans,DB00273
2354,Voltage-dependent L-type calcium channel subunit beta-2,CACNB2,300417,S60415,Q08289,CACB2_HUMAN,8HLP; 8HMA; 8HMB,CACNB2,CACNB2,HGNC:1402,Humans,DB00273
2358,Voltage-dependent L-type calcium channel subunit beta-3,CACNB3,435135,X76555,P54284,CACB3_HUMAN,7MIX; 7MIY; 7UHF; 7UHG; 8E59; 8E5A; 8E5B; 8EPL; 8FHS; 8WE6; 8WE7; 8WE8; 8WE9; 8X90; 8X91; 8X93,CACNB3,CACNB3,HGNC:1403,Humans,DB00273
2356,Voltage-dependent L-type calcium channel subunit beta-4,CACNB4,2058727,U95020,O00305,CACB4_HUMAN,2D46,CACNB4,CACNB4,HGNC:1404,Humans,DB00273
9803,Probable fatty acid synthase Fas (Fatty acid synthetase),fas,,,P95029,P95029_MYCTU,,,,,Mycobacterium tuberculosis (strain ATCC 25618 / H37Rv),DB00339
9818,Beta-lactamase,MIR-1,,,Q9X757,Q9X757_KLEPN,,,,,Klebsiella pneumoniae,DB12107
9821,Beta-lactamase,blaSHV,,,A0A068JFB7,A0A068JFB7_ECOLX,,,,,Escherichia coli,DB12107
9824,Beta-lactamase,KPC-2,,,Q93LQ9,Q93LQ9_KLEPN,,,,,Klebsiella pneumoniae,DB12107; DB12377
9839,Glycoprotein,G,,,P08667,GLYCO_RABVP,,,,,Rabies virus (strain Pasteur vaccins / PV),DB11603
9836,Large structural protein,L,,,P11213,L_RABVP,,,,,Rabies virus (strain Pasteur vaccins / PV),DB11603
9842,Matrix protein,M,,,P08671,MATRX_RABVP,,,,,Rabies virus (strain Pasteur vaccins / PV),DB11603
9833,Nucleoprotein,N,,,P06025,NCAP_RABVP,,,,,Rabies virus (strain Pasteur vaccins / PV),DB11603
9830,Phosphoprotein,P,,,P06747,PHOSP_RABVP,3OA1,,,,Rabies virus (strain Pasteur vaccins / PV),DB11603
9845,Sodium/hydrogen exchanger 3,SLC9A3,,,P48764,SL9A3_HUMAN,7X2U,SLC9A3,,HGNC:11073,Humans,DB11761
9937,C-C chemokine receptor type 4,CCR4,,,P51679,CCR4_HUMAN,,CCR4,,HGNC:1605,Humans,DB12498
1287,"3',5'-cyclic-AMP phosphodiesterase 4D",PDE4D,347130,L20970,Q08499,PDE4D_HUMAN,1E9K; 1MKD; 1OYN; 1PTW; 1Q9M; 1TB7; 1TBB; 1XOM; 1XON; 1XOQ; 1XOR; 1Y2B; 1Y2C; 1Y2D; 1Y2E; 1Y2K; 1ZKN; 2FM0; 2FM5; 2PW3; 2QYN; 3G4G; 3G4I; 3G4K; 3G4L; 3G58; 3IAD; 3IAK; 3K4S; 3SL3; 3SL4; 3SL5; 3SL6; 3SL8; 3V9B; 4OGB; 4W1O; 4WCU; 5K1I; 5K32; 5LBO; 5TKB; 5WH5; 5WH6; 5WQA; 6AKR; 6BOJ; 6F6U; 6F8R; 6F8T; 6F8U; 6F8V; 6F8W; 6F8X; 6FDC; 6FDI; 6FE7; 6FEB; 6FET; 6FT0; 6FTA; 6FTW; 6FW3; 6HWO; 6IAG; 6IBF; 6IM6; 6IMB; 6IMD; 6IMI; 6IMO; 6IMR; 6IMT; 6IND; 6INK; 6INM; 6KJZ; 6KK0; 6LRM; 6NJH; 6NJI; 6NJJ; 6RCW; 6ZBA; 7A8Q; 7A9V; 7AAG; 7AB9; 7ABD; 7ABE; 7ABJ; 7AY6; 7B9H; 7CBJ; 7CBQ; 7F2K; 7F2L; 7F2M; 7W4X; 7W4Y; 7XAA; 7XAB; 7XBB; 7YQF; 7YSX; 8K4C; 8K4H; 8W4Q; 8W4R; 8WDN; 8WDO; 8YLC,PDE4D,PDE4D,HGNC:8783,Humans,DB00201
1223,"cGMP-inhibited 3',5'-cyclic phosphodiesterase 3B",PDE3B,1145302,U38178,Q13370,PDE3B_HUMAN,1SO2; 1SOJ; 8SYC,PDE3B,PDE3B,HGNC:8779,Humans,DB00201
182,"cGMP-specific 3',5'-cyclic phosphodiesterase",PDE5A,3420185,AF043731,O76074,PDE5A_HUMAN,1RKP; 1T9R; 1T9S; 1TBF; 1UDT; 1UDU; 1UHO; 1XOZ; 1XP0; 2CHM; 2H40; 2H42; 2H44; 2XSS; 3B2R; 3BJC; 3HC8; 3HDZ; 3JWQ; 3JWR; 3LFV; 3MF0; 3SHY; 3SHZ; 3SIE; 3TGE; 3TGG; 4G2W; 4G2Y; 4I9Z; 4IA0; 4MD6; 4OEW; 4OEX; 5JO3; 5ZZ2; 6ACB; 6IWI; 6L6E; 6VBI; 7FAQ; 7FAR; 8W4S; 8W4T,PDE5A,PDE5A,HGNC:8784,Humans,DB00201
3323,"Dual specificity calcium/calmodulin-dependent 3',5'-cyclic nucleotide phosphodiesterase 1B",PDE1B,,U56976,Q01064,PDE1B_HUMAN,1TAZ; 4NPV; 4NPW; 5B25; 5UOY; 5UP0; 5W6E,PDE1B,PDE1B,HGNC:8775,Humans,DB00201
346,"Glutamate receptor ionotropic, kainate 1",GRIK1,455448,L19058,P39086,GRIK1_HUMAN,2ZNS; 2ZNT; 2ZNU; 3FUZ; 3FV1; 3FV2; 3FVG; 3FVK; 3FVN; 3FVO; 4MF3,GRIK1,GRIK1,HGNC:4579,Humans,DB00273
826,"Glutamate receptor ionotropic, kainate 2",GRIK2,790532,U16126,Q13002,GRIK2_HUMAN,3QXM; 5CMM,GRIK2,GRIK2,HGNC:4580,Humans,DB00273
832,"Glutamate receptor ionotropic, kainate 3",GRIK3,790534,U16127,Q13003,GRIK3_HUMAN,,GRIK3,GRIK3,HGNC:4581,Humans,DB00273
827,"Glutamate receptor ionotropic, kainate 4",GRIK4,544590,S67803,Q16099,GRIK4_HUMAN,,GRIK4,GRIK4,HGNC:4582,Humans,DB00273
828,"Glutamate receptor ionotropic, kainate 5",GRIK5,251840,S40369,Q16478,GRIK5_HUMAN,,GRIK5,GRIK5,HGNC:4583,Humans,DB00273
9951,Dystrophin,DMD,,,P11532,DMD_HUMAN,1DXX; 1EG3; 1EG4; 3UUN,DMD,,HGNC:2928,Humans,DB05016; DB15593
9960,Nectin-4,NECTIN4,,,Q96NY8,NECT4_HUMAN,4FRW; 4GJT; 4JJH,NECTIN4,,HGNC:19688,Humans,DB13007
10011,P2X purinoceptor 3,P2RX3,,,P56373,P2RX3_HUMAN,5SVJ; 5SVK; 5SVL; 5SVM; 5SVP; 5SVQ; 5SVR; 5SVS; 5SVT; 5YVE; 6AH4; 6AH5; 9IK1,P2RX3,,HGNC:8534,Humans,DB15097
10096,50S ribosomal protein L1,rplA,,,Q2G0P0,RL1_STAA8,,,,,Staphylococcus aureus (strain NCTC 8325),DB01190
10099,Penicillin binding protein,PBP1,,,Q8L103,Q8L103_HELPX,,,,,Helicobacter pylori,DB01060
10105,Type I iodothyronine deiodinase,DIO1,,,P49895,IOD1_HUMAN,,DIO1,,HGNC:2883,Humans,DB00550
10131,RNA-directed RNA polymerase catalytic subunit,PB1,,,Q809M3,RDRP_I01A0,,,,,Influenza A virus (strain A/Silky Chicken/Hong Kong/SF189/2001 H5N1 genotype A),DB12466
10134,ATP-citrate synthase,ACLY,,,P53396,ACLY_HUMAN,3MWD; 3MWE; 3PFF; 5TDE; 5TDF; 5TDM; 5TDZ; 5TE1; 5TEQ; 5TES; 5TET; 6HXH; 6HXK; 6HXL; 6HXM; 6O0H; 6POE; 6POF; 6QFB; 6UI9; 6UIA; 6UUW; 6UUZ; 6UV5; 6Z2H; 7LIW; 7LJ9; 7LLA; 7RIG; 7RKZ; 7RMP; 8G1E; 8G1F; 8G5C; 8G5D,ACLY,,HGNC:115,Humans,DB11936
10140,Solute carrier family 23 member 2,SLC23A2,,,Q9UGH3,S23A2_HUMAN,,SLC23A2,,HGNC:10973,Humans,DB00126; DB01586
10173,Sphingosine 1-phosphate receptor 3,S1PR3,,,Q99500,S1PR3_HUMAN,7C4S; 7EW2; 7EW3; 7EW4,S1PR3,,HGNC:3167,Humans,DB08868
10176,Sphingosine 1-phosphate receptor 4,S1PR4,,,O95977,S1PR4_HUMAN,2DCO,S1PR4,,HGNC:3170,Humans,DB14766
10251,Apolipoprotein B-100,APOB,,,P04114,APOB_HUMAN,,APOB,,HGNC:603,Humans,DB05528
10272,Tumor-associated calcium signal transducer 2,TACSTD2,,,P09758,TACD2_HUMAN,2MAE; 2MVK; 2MVL; 7E5M; 7E5N; 7PEE,TACSTD2,,HGNC:11530,Humans,DB12893
10275,Transmembrane protease serine 2,TMPRSS2,,,O15393,TMPS2_HUMAN,7MEQ; 7XYD; 7Y0E; 7Y0F; 8HD8; 8JHZ; 8JI0; 8S0L; 8S0M; 8S0N; 8V04; 8V1F; 8VGT; 8Y1D; 8Y1E; 8Y7X; 8Y7Y; 8Y87; 8Y88; 8Y89; 8Y8A; 8Y8B; 8YOY; 8YQQ,TMPRSS2,,HGNC:11876,Humans,DB09019
411,Neuronal acetylcholine receptor subunit alpha-10,CHRNA10,12053839,AJ278118,Q9GZZ6,ACH10_HUMAN,,CHRNA10,CHRNA10,HGNC:13800,Humans,DB00202; DB00565
738,Neuronal acetylcholine receptor subunit alpha-2,CHRNA2,1458110,U62431,Q15822,ACHA2_HUMAN,5FJV,CHRNA2,CHRNA2,HGNC:1956,Humans,DB00202; DB00565
3585,Neuronal acetylcholine receptor subunit alpha-3,CHRNA3,177898,M86383,P32297,ACHA3_HUMAN,4ZK4; 5SYO; 5TVC; 6PV7; 6PV8,CHRNA3,,HGNC:1957,Humans,DB00202; DB00565
849,Neuronal acetylcholine receptor subunit alpha-4,CHRNA4,755648,L35901,P43681,ACHA4_HUMAN,2LLY; 5KXI; 6CNJ; 6CNK; 6UR8; 6USF; 8SSZ; 8ST0; 8ST1; 8ST2; 8ST3; 8ST4,CHRNA4,CHRNA4,HGNC:1958,Humans,DB00202; DB00565
3586,Neuronal acetylcholine receptor subunit alpha-5,CHRNA5,177926,M83712,P30532,ACHA5_HUMAN,,CHRNA5,,HGNC:1959,Humans,DB00202; DB00565
3587,Neuronal acetylcholine receptor subunit alpha-6,CHRNA6,1458118,U62435,Q15825,ACHA6_HUMAN,,CHRNA6,,HGNC:15963,Humans,DB00202; DB00565
2341,Neuronal acetylcholine receptor subunit alpha-7,CHRNA7,496607,X70297,P36544,ACHA7_HUMAN,2MAW; 5AFH; 5AFJ; 5AFK; 5AFL; 5AFM; 5AFN; 7EKI; 7EKP; 7EKT; 7KOO; 7KOQ; 7KOX; 7RPM; 8C9X; 8CAU; 8CE4; 8CI1; 8CI2; 8F4V; 8P1H; 8UT1; 8UTB; 8UZJ; 8V80; 8V82; 8V86; 8V88; 8V89; 8V8A; 8V8C; 8V8D,CHRNA7,CHRNA7,HGNC:1960,Humans,DB00202; DB00565
2343,Neuronal acetylcholine receptor subunit alpha-9,CHRNA9,6688136,AJ243342,Q9UGM1,ACHA9_HUMAN,4D01; 4UXU; 4UY2; 6HY7,CHRNA9,CHRNA9,HGNC:14079,Humans,DB00202; DB00565
850,Neuronal acetylcholine receptor subunit beta-2,CHRNB2,32017,X53179,P17787,ACHB2_HUMAN,2K58; 2K59; 2KSR; 2LM2; 5KXI; 6CNJ; 6CNK; 6UR8; 6USF; 8SSZ; 8ST0; 8ST1; 8ST2; 8ST3; 8ST4,CHRNB2,CHRNB2,HGNC:1962,Humans,DB00202; DB00565
3588,Neuronal acetylcholine receptor subunit beta-3,CHRNB3,1458124,U62438,Q05901,ACHB3_HUMAN,8A5U,CHRNB3,,HGNC:1963,Humans,DB00202; DB00565
3584,Neuronal acetylcholine receptor subunit beta-4,CHRNB4,1458126,U62439,P30926,ACHB4_HUMAN,6PV7; 6PV8,CHRNB4,,HGNC:1964,Humans,DB00202; DB00565
1133,"3',5'-cyclic-AMP phosphodiesterase 4A",PDE4A,347120,L20965,P27815,PDE4A_HUMAN,2QYK; 3I8V; 3TVX,PDE4A,PDE4A,HGNC:8780,Humans,DB01427; DB01656
487,"3',5'-cyclic-AMP phosphodiesterase 4B",PDE4B,347122,L20966,Q07343,PDE4B_HUMAN,1F0J; 1RO6; 1RO9; 1ROR; 1TB5; 1XLX; 1XLZ; 1XM4; 1XM6; 1XMU; 1XMY; 1XN0; 1XOS; 1XOT; 1Y2H; 1Y2J; 2CHM; 2QYL; 3D3P; 3FRG; 3G45; 3GWT; 3HC8; 3HDZ; 3HMV; 3KKT; 3LY2; 3O0J; 3O56; 3O57; 3W5E; 3WD9; 4KP6; 4MYQ; 4NW7; 4WZI; 4X0F; 5K6J; 5LAQ; 5OHJ; 6BOJ; 8OEG,PDE4B,PDE4B,HGNC:8781,Humans,DB01427; DB01656
2353,"3',5'-cyclic-AMP phosphodiesterase 4C",PDE4C,727223,Z46632,Q08493,PDE4C_HUMAN,2QYM,PDE4C,PDE4C,HGNC:8782,Humans,DB01427; DB01656
1287,"3',5'-cyclic-AMP phosphodiesterase 4D",PDE4D,347130,L20970,Q08499,PDE4D_HUMAN,1E9K; 1MKD; 1OYN; 1PTW; 1Q9M; 1TB7; 1TBB; 1XOM; 1XON; 1XOQ; 1XOR; 1Y2B; 1Y2C; 1Y2D; 1Y2E; 1Y2K; 1ZKN; 2FM0; 2FM5; 2PW3; 2QYN; 3G4G; 3G4I; 3G4K; 3G4L; 3G58; 3IAD; 3IAK; 3K4S; 3SL3; 3SL4; 3SL5; 3SL6; 3SL8; 3V9B; 4OGB; 4W1O; 4WCU; 5K1I; 5K32; 5LBO; 5TKB; 5WH5; 5WH6; 5WQA; 6AKR; 6BOJ; 6F6U; 6F8R; 6F8T; 6F8U; 6F8V; 6F8W; 6F8X; 6FDC; 6FDI; 6FE7; 6FEB; 6FET; 6FT0; 6FTA; 6FTW; 6FW3; 6HWO; 6IAG; 6IBF; 6IM6; 6IMB; 6IMD; 6IMI; 6IMO; 6IMR; 6IMT; 6IND; 6INK; 6INM; 6KJZ; 6KK0; 6LRM; 6NJH; 6NJI; 6NJJ; 6RCW; 6ZBA; 7A8Q; 7A9V; 7AAG; 7AB9; 7ABD; 7ABE; 7ABJ; 7AY6; 7B9H; 7CBJ; 7CBQ; 7F2K; 7F2L; 7F2M; 7W4X; 7W4Y; 7XAA; 7XAB; 7XBB; 7YQF; 7YSX; 8K4C; 8K4H; 8W4Q; 8W4R; 8WDN; 8WDO; 8YLC,PDE4D,PDE4D,HGNC:8783,Humans,DB01427; DB01656
267,Carbonic anhydrase 1,CA1,29600,X05014,P00915,CAH1_HUMAN,1AZM; 1BZM; 1CRM; 1CZM; 1HCB; 1HUG; 1HUH; 1J9W; 1JV0; 2CAB; 2FOY; 2FW4; 2IT4; 2NMX; 2NN1; 2NN7; 3LXE; 3W6H; 3W6I; 4WR7; 4WUP; 4WUQ; 5E2M; 5GMM; 6EVR; 6EX1; 6F3B; 6FAF; 6FAG; 6G3V; 6HWZ; 6I0J; 6I0L; 6SWM; 6XZE; 6XZO; 6XZS; 6XZX; 6XZY; 6Y00; 7PLF; 7Q0D; 7QOB; 7ZL5; 8CDX; 8CDZ; 8Q6L; 8Q7G,CA1,CA1,HGNC:1368,Humans,DB00562; DB00606
3633,Carbonic anhydrase 13,CA13,21754549,AK095314,Q8N1Q1,CAH13_HUMAN,3CZV; 3D0N; 3DA2; 4HU1; 4KNM; 4KNN; 4QIZ; 4QJP; 4QJX; 4QSJ; 5E2N; 5LLA; 5LLN; 5OGJ; 5OHH; 6G5U,CA13,,HGNC:14914,Humans,DB00562; DB00606
3634,Carbonic anhydrase 14,CA14,6009640,AB025904,Q9ULX7,CAH14_HUMAN,4LU3; 5CJF,CA14,,HGNC:1372,Humans,DB00562; DB00606
322,Carbonic anhydrase 2,CA2,179780,M77181,P00918,CAH2_HUMAN,12CA; 1A42; 1AM6; 1AVN; 1BCD; 1BIC; 1BN1; 1BN3; 1BN4; 1BNM; 1BNN; 1BNQ; 1BNT; 1BNU; 1BNV; 1BNW; 1BV3; 1CA2; 1CA3; 1CAH; 1CAI; 1CAJ; 1CAK; 1CAL; 1CAM; 1CAN; 1CAO; 1CAY; 1CAZ; 1CCS; 1CCT; 1CCU; 1CIL; 1CIM; 1CIN; 1CNB; 1CNC; 1CNG; 1CNH; 1CNI; 1CNJ; 1CNK; 1CNW; 1CNX; 1CNY; 1CRA; 1CVA; 1CVB; 1CVC; 1CVD; 1CVE; 1CVF; 1CVH; 1DCA; 1DCB; 1EOU; 1F2W; 1FQL; 1FQM; 1FQN; 1FQR; 1FR4; 1FR7; 1FSN; 1FSQ; 1FSR; 1G0E; 1G0F; 1G1D; 1G3Z; 1G45; 1G46; 1G48; 1G4J; 1G4O; 1G52; 1G53; 1G54; 1H4N; 1H9N; 1H9Q; 1HCA; 1HEA; 1HEB; 1HEC; 1HED; 1HVA; 1I8Z; 1I90; 1I91; 1I9L; 1I9M; 1I9N; 1I9O; 1I9P; 1I9Q; 1IF4; 1IF5; 1IF6; 1IF7; 1IF8; 1IF9; 1KWQ; 1KWR; 1LG5; 1LG6; 1LGD; 1LUG; 1LZV; 1MOO; 1MUA; 1OKL; 1OKM; 1OKN; 1OQ5; 1RAY; 1RAZ; 1RZA; 1RZB; 1RZC; 1RZD; 1RZE; 1T9N; 1TB0; 1TBT; 1TE3; 1TEQ; 1TEU; 1TG3; 1TG9; 1TH9; 1THK; 1TTM; 1UGA; 1UGB; 1UGC; 1UGD; 1UGE; 1UGF; 1UGG; 1XEG; 1XEV; 1XPZ; 1XQ0; 1YDA; 1YDB; 1YDC; 1YDD; 1YO0; 1YO1; 1YO2; 1Z9Y; 1ZE8; 1ZFK; 1ZFQ; 1ZGE; 1ZGF; 1ZH9; 1ZSA; 1ZSB; 1ZSC; 2ABE; 2AW1; 2AX2; 2CA2; 2CBA; 2CBB; 2CBC; 2CBD; 2CBE; 2EU2; 2EU3; 2EZ7; 2F14; 2FMG; 2FMZ; 2FNK; 2FNM; 2FNN; 2FOQ; 2FOS; 2FOU; 2FOV; 2GD8; 2GEH; 2H15; 2H4N; 2HD6; 2HKK; 2HL4; 2HNC; 2HOC; 2ILI; 2NNG; 2NNO; 2NNS; 2NNV; 2NWO; 2NWP; 2NWY; 2NWZ; 2NXR; 2NXS; 2NXT; 2O4Z; 2OSF; 2OSM; 2POU; 2POV; 2POW; 2Q1B; 2Q1Q; 2Q38; 2QO8; 2QOA; 2QP6; 2VVA; 2VVB; 2WD2; 2WD3; 2WEG; 2WEH; 2WEJ; 2WEO; 2X7S; 2X7T; 2X7U; 3B4F; 3BET; 3BL0; 3BL1; 3C7P; 3CA2; 3CAJ; 3CYU; 3D8W; 3D92; 3D93; 3D9Z; 3DAZ; 3DBU; 3DC3; 3DC9; 3DCC; 3DCS; 3DCW; 3DD0; 3DD8; 3DV7; 3DVB; 3DVC; 3DVD; 3EFI; 3EFT; 3F4X; 3F8E; 3FFP; 3GZ0; 3HFP; 3HKN; 3HKQ; 3HKT; 3HKU; 3HLJ; 3HS4; 3IBI; 3IBL; 3IBN; 3IBU; 3IEO; 3IGP; 3K2F; 3K34; 3K7K; 3KIG; 3KKX; 3KNE; 3KOI; 3KOK; 3KON; 3KS3; 3KWA; 3L14; 3M04; 3M14; 3M1J; 3M1K; 3M1Q; 3M1W; 3M2N; 3M2X; 3M2Y; 3M2Z; 3M3X; 3M40; 3M5E; 3M5S; 3M5T; 3M67; 3M96; 3M98; 3MHC; 3MHI; 3MHL; 3MHM; 3MHO; 3ML2; 3MMF; 3MNA; 3MNH; 3MNI; 3MNJ; 3MNK; 3MNU; 3MWO; 3MYQ; 3MZC; 3N0N; 3N2P; 3N3J; 3N4B; 3NB5; 3NI5; 3NJ9; 3OIK; 3OIL; 3OIM; 3OKU; 3OKV; 3OY0; 3OYQ; 3OYS; 3P3H; 3P3J; 3P44; 3P4V; 3P55; 3P58; 3P5A; 3P5L; 3PJJ; 3PO6; 3PYK; 3QYK; 3R16; 3R17; 3RG3; 3RG4; 3RGE; 3RJ7; 3RLD; 3RYJ; 3RYV; 3RYX; 3RYY; 3RYZ; 3RZ0; 3RZ1; 3RZ5; 3RZ7; 3RZ8; 3S71; 3S72; 3S73; 3S74; 3S75; 3S76; 3S77; 3S78; 3S8X; 3S9T; 3SAP; 3SAX; 3SBH; 3SBI; 3T5U; 3T5Z; 3T82; 3T83; 3T84; 3T85; 3TMJ; 3TVN; 3TVO; 3U3A; 3U45; 3U47; 3U7C; 3V2J; 3V2M; 3V3F; 3V3G; 3V3H; 3V3I; 3V3J; 3V5G; 3V7X; 3VBD; 3ZP9; 4BCW; 4BF1; 4BF6; 4CA2; 4CAC; 4CQ0; 4DZ7; 4DZ9; 4E3D; 4E3F; 4E3G; 4E3H; 4E49; 4E4A; 4E5Q; 4FIK; 4FL7; 4FPT; 4FRC; 4FU5; 4FVN; 4FVO; 4G0C; 4GL1; 4HBA; 4HEW; 4HEY; 4HEZ; 4HF3; 4HT0; 4IDR; 4ILX; 4ITO; 4ITP; 4IWZ; 4JS6; 4JSA; 4JSS; 4JSW; 4JSZ; 4K0S; 4K0T; 4K0Z; 4K13; 4K1Q; 4KAP; 4KNI; 4KNJ; 4KUV; 4KUW; 4KUY; 4KV0; 4L5U; 4L5V; 4L5W; 4LHI; 4LP6; 4M2R; 4M2U; 4M2V; 4M2W; 4MDG; 4MDL; 4MDM; 4MLT; 4MLX; 4MO8; 4MTY; 4N0X; 4N16; 4PQ7; 4PXX; 4PYX; 4PYY; 4PZH; 4Q06; 4Q07; 4Q08; 4Q09; 4Q49; 4Q6D; 4Q6E; 4Q78; 4Q7P; 4Q7S; 4Q7V; 4Q7W; 4Q81; 4Q83; 4Q87; 4Q8X; 4Q8Y; 4Q8Z; 4Q90; 4Q99; 4Q9Y; 4QEF; 4QIY; 4QJM; 4QK1; 4QK2; 4QK3; 4QSA; 4QSB; 4QSI; 4QTL; 4QY3; 4R59; 4R5A; 4R5B; 4RFC; 4RFD; 4RH2; 4RIU; 4RIV; 4RN4; 4RUX; 4RUY; 4RUZ; 4WL4; 4WW6; 4XE1; 4Y0J; 4YGJ; 4YGK; 4YGL; 4YGN; 4YVY; 4YWP; 4YX4; 4YXI; 4YXO; 4YXU; 4YYT; 4Z0Q; 4Z1E; 4Z1J; 4Z1K; 4Z1N; 4ZAO; 4ZWI; 4ZWX; 4ZWY; 4ZWZ; 4ZX0; 4ZX1; 5A6H; 5AMD; 5AMG; 5AML; 5BNL; 5BRU; 5BRV; 5BRW; 5BYI; 5C8I; 5CA2; 5CAC; 5CLU; 5DOG; 5DOH; 5DRS; 5DSK; 5DSL; 5DSM; 5DSO; 5DSP; 5DSQ; 5DSR; 5E28; 5E2K; 5E2R; 5E2S; 5EH5; 5EH7; 5EH8; 5EHE; 5EHV; 5EHW; 5EIJ; 5EKH; 5EKJ; 5EKM; 5EOI; 5FDC; 5FDI; 5FLO; 5FLP; 5FLQ; 5FLR; 5FLS; 5FLT; 5FNG; 5FNH; 5FNI; 5FNJ; 5FNK; 5FNL; 5FNM; 5G01; 5G03; 5G0B; 5G0C; 5GMN; 5J8Z; 5JDV; 5JE7; 5JEG; 5JEH; 5JEP; 5JES; 5JG3; 5JG5; 5JGS; 5JGT; 5JMZ; 5JN3; 5JN7; 5JQ0; 5JQT; 5L3O; 5L6K; 5L6T; 5L70; 5L9E; 5LJQ; 5LJT; 5LL4; 5LL8; 5LLC; 5LLE; 5LLG; 5LLH; 5LMD; 5LVS; 5M78; 5MJN; 5N0D; 5N0E; 5N1R; 5N1S; 5N24; 5N25; 5NEA; 5NEE; 5NXG; 5NXI; 5NXM; 5NXO; 5NXP; 5NXV; 5NXW; 5NY1; 5NY3; 5NY6; 5NYA; 5O07; 5OGN; 5OGO; 5OGP; 5SZ0; 5SZ1; 5SZ2; 5SZ3; 5SZ4; 5SZ5; 5SZ6; 5SZ7; 5T71; 5T72; 5T74; 5T75; 5TFX; 5TH4; 5THI; 5THJ; 5THN; 5TI0; 5TXY; 5TY1; 5TY8; 5TY9; 5TYA; 5U0D; 5U0E; 5U0F; 5U0G; 5ULN; 5UMC; 5VGY; 5W8B; 5WEX; 5WG7; 5WGP; 5WLR; 5WLT; 5WLU; 5WLV; 5Y2R; 5Y2S; 5YUI; 5YUJ; 5YUK; 5ZXW; 6B4D; 6B59; 6B5A; 6BBS; 6BC9; 6BCC; 6C7W; 6C7X; 6CA2; 6CEH; 6CJV; 6D1L; 6D1M; 6E8P; 6E8X; 6E91; 6E92; 6EBE; 6ECZ; 6EDA; 6EEA; 6EEH; 6EEO; 6EQU; 6FJI; 6FJJ; 6G3Q; 6G6T; 6GCY; 6GDC; 6GM9; 6GOT; 6GXB; 6GXE; 6H29; 6H2Z; 6H33; 6H34; 6H3Q; 6H6S; 6HD2; 6HQX; 6HR3; 6HX5; 6HXD; 6HZX; 6I0W; 6I1U; 6I2F; 6I3E; 6IC2; 6KLZ; 6KM0; 6KM1; 6KM2; 6KM3; 6KM4; 6KM5; 6KM6; 6LUU; 6LUV; 6LUW; 6LUX; 6LUY; 6LUZ; 6LV1; 6LV2; 6LV3; 6LV4; 6LV5; 6LV6; 6LV7; 6LV8; 6LV9; 6LVA; 6MBV; 6MBY; 6NLV; 6NM0; 6ODZ; 6OE0; 6OE1; 6OTI; 6OTK; 6OTM; 6OTO; 6OTP; 6OTQ; 6OUB; 6OUD; 6OUE; 6OUF; 6OUH; 6OUI; 6OUJ; 6OUK; 6OUM; 6PDV; 6PEA; 6PGX; 6Q3O; 6Q9T; 6QEB; 6QL1; 6QL2; 6QL3; 6R6F; 6R6J; 6RFH; 6RG3; 6RG4; 6RG5; 6RH4; 6RHJ; 6RHK; 6RIG; 6RIT; 6RJJ; 6RKN; 6RL9; 6RM1; 6RMP; 6RMX; 6RMY; 6RNP; 6ROB; 6ROE; 6ROF; 6RQI; 6RRG; 6RRI; 6RS5; 6RSZ; 6RVF; 6RVK; 6RVL; 6RW1; 6RZX; 6S03; 6S9G; 6S9Z; 6SAC; 6SAS; 6SAY; 6SB7; 6SBH; 6SBL; 6SBM; 6SD7; 6SDH; 6SDI; 6SDJ; 6SDL; 6SDS; 6SEY; 6SFQ; 6SFU; 6SG0; 6SG6; 6SX9; 6SYB; 6SYS; 6T4N; 6T4O; 6T4P; 6T5C; 6T7U; 6T81; 6T9Z; 6U4Q; 6U4T; 6UFB; 6UFC; 6UFD; 6UGN; 6UGO; 6UGP; 6UGQ; 6UGR; 6UGZ; 6UH0; 6UX1; 6UZU; 6VJ3; 6VKG; 6WKA; 6WQ4; 6WQ5; 6WQ7; 6WQ8; 6WQ9; 6XVH; 6XWZ; 6XXT; 6YH4; 6YH5; 6YH6; 6YH7; 6YH8; 6YH9; 6YHA; 6YHB; 6YHC; 6YJ3; 6YKC; 6YKH; 6YMA; 6YMB; 6YO2; 6YO4; 6YO7; 6YOI; 6YOK; 6YOL; 6YPW; 6YQT; 6YQU; 6YRI; 6YZJ; 6YZK; 6YZL; 6YZM; 6YZN; 6YZO; 6YZP; 6YZQ; 6YZR; 6YZS; 6YZT; 6YZU; 6YZV; 6YZW; 6YZX; 6Z04; 6ZR8; 7A6V; 7AEQ; 7AES; 7AGN; 7ASJ; 7BFA; 7BG5; 7BHH; 7BI5; 7CA2; 7JNR; 7JNV; 7JNW; 7JNX; 7JNZ; 7JO0; 7JO1; 7JO2; 7JO3; 7JOB; 7JOC; 7K6I; 7K6J; 7K6K; 7K6L; 7K6T; 7K6U; 7K6X; 7K6Z; 7M23; 7M24; 7M26; 7MU3; 7NH6; 7NH8; 7NTB; 7NZR; 7NZS; 7NZT; 7NZU; 7NZW; 7NZX; 7OK8; 7ONV; 7ORP; 7ORQ; 7OYM; 7OYN; 7OYO; 7OYP; 7OYQ; 7OYR; 7Q0C; 7Q0E; 7QBH; 7QGX; 7QGY; 7QGZ; 7QNV; 7QRK; 7QSE; 7QSI; 7QZX; 7R1X; 7RNY; 7RNZ; 7RRE; 7RRF; 7SUW; 7SUY; 7SV1; 7SV8; 7U5W; 7U5X; 7Y2A; 7Y2C; 7Y2E; 7Y2F; 7Y2G; 7Y2H; 7Y2I; 7Y2J; 7Y2K; 7Y2L; 7Y2M; 7Y2N; 7Y2O; 7Y2Q; 7Y2R; 7Y2S; 7Y2T; 7Y2U; 7Y2V; 7Y2W; 7Y2X; 7YWT; 7ZL6; 7ZWB; 8AA6; 8AAE; 8B29; 8BJX; 8BOE; 8BZZ; 8C0Q; 8C0R; 8CA2; 8CR0; 8DJ9; 8EM3; 8EMU; 8EXC; 8EXG; 8EYL; 8FAL; 8FAU; 8FQX; 8FQY; 8FQZ; 8FR1; 8FR2; 8FR4; 8IGF; 8J2O; 8JEE; 8OGD; 8OGE; 8OGF; 8OKE; 8OKG; 8OKJ; 8OKO; 8OKP; 8OKQ; 8OKT; 8OLA; 8OLF; 8OLI; 8OLK; 8OLM; 8OMB; 8OMH; 8OMN; 8OMP; 8OO8; 8OTP; 8OUB; 8P6U; 8PHL; 8Q0C; 8R1I; 8SAF; 8SAG; 8SD1; 8SD6; 8SD7; 8SD8; 8SD9; 8SF1; 8ZWV; 9CA2,CA2,CA2,HGNC:1373,Humans,DB00562; DB00606
3625,Carbonic anhydrase 3,CA3,189053812,AK313254,P07451,CAH3_HUMAN,1Z93; 1Z97; 2HFW; 3UYN; 3UYQ,CA3,,HGNC:1374,Humans,DB00562; DB00606
535,Carbonic anhydrase 4,CA4,179791,M83670,P22748,CAH4_HUMAN,1ZNC; 3F7B; 3F7U; 3FW3; 5IPZ; 5JN8; 5JN9; 5JNA; 5JNC; 5KU6,CA4,CA4,HGNC:1375,Humans,DB00562; DB00606
3626,"Carbonic anhydrase 5A, mitochondrial",CA5A,306483,L19297,P35218,CAH5A_HUMAN,,CA5A,,HGNC:1377,Humans,DB00562; DB00606
3627,"Carbonic anhydrase 5B, mitochondrial",CA5B,4587223,AB021660,Q9Y2D0,CAH5B_HUMAN,,CA5B,,HGNC:1378,Humans,DB00562; DB00606
3628,Carbonic anhydrase 6,CA6,,,P23280,CAH6_HUMAN,3FE4,CA6,,HGNC:1380,Humans,DB00562; DB00606
3629,Carbonic anhydrase 7,CA7,28192445,AY075019,P43166,CAH7_HUMAN,3MDZ; 3ML5; 6G4T; 6H36; 6H37; 6H38; 6SDT; 6ZR9; 7NC4; 7P1A; 8Q3U,CA7,,HGNC:1381,Humans,DB00562; DB00606
2437,Carbonic anhydrase 9,CA9,,X66839,Q16790,CAH9_HUMAN,2HKF; 3IAI; 5DVX; 5FL4; 5FL5; 5FL6; 6FE0; 6FE1; 6FE2; 6G98; 6G9U; 6QN2; 6QN5; 6QN6; 6QUT; 6RQN; 6RQQ; 6RQU; 6RQW; 6TL5; 6TL6; 6Y74; 7POM; 8CO0; 8Q18; 8Q19; 8Q1A,CA9,CA9,HGNC:1383,Humans,DB00562; DB00606
10382,Mitochondrial potassium channel,CCDC51,,,Q96ER9,MITOK_HUMAN,,CCDC51,,HGNC:25714,Humans,DB01236
10385,Integrin alpha-X,ITGAX,,,P20702,ITAX_HUMAN,1N3Y; 2LUV; 3K6S; 3K71; 3K72; 4NEH; 4NEN; 5ES4,ITGAX,,HGNC:6152,Humans,DB00095
10388,Plasma membrane calcium-transporting ATPase 1,ATP2B1,,,P20020,AT2B1_HUMAN,6A69,ATP2B1,,HGNC:814,Humans,DB01159
10391,Plasma membrane calcium-transporting ATPase 2,ATP2B2,,,Q01814,AT2B2_HUMAN,,ATP2B2,,HGNC:815,Humans,DB01159
10394,Plasma membrane calcium-transporting ATPase 3,ATP2B3,,,Q16720,AT2B3_HUMAN,,ATP2B3,,HGNC:816,Humans,DB01159
10397,Plasma membrane calcium-transporting ATPase 4,ATP2B4,,,P23634,AT2B4_HUMAN,1CFF; 2KNE,ATP2B4,,HGNC:817,Humans,DB01159
10400,Metallo-beta-lactamase type 2,blaNDM-1,,,C7C422,BLAN1_KLEPN,3PG4; 3RKJ; 3RKK; 3SBL; 3SFP; 3SPU; 3SRX; 3ZR9; 4EXS; 4EXY; 4EY2; 4EYB; 4EYF; 4EYL; 4GYQ; 4GYU; 4H0D; 4HKY; 4HL1; 4HL2; 4RAM; 4RAW; 4RBS; 4RL0; 4RL2; 4RM5; 4U4L; 5A5Z; 5JQJ; 5K4M; 5N0H; 5N0I; 5NBK; 5O2E; 5O2F; 5WIG; 5XP6; 5XP9; 5ZGE; 5ZGF; 5ZGI; 5ZGP; 5ZGQ; 5ZGR; 5ZGT; 5ZGU; 5ZGV; 5ZGW; 5ZGX; 5ZGY; 5ZGZ; 5ZH1; 5ZIO; 5ZJ1; 5ZJ2; 5ZJ7; 5ZJ8; 5ZJC; 6C6I; 6CAC; 6D1A; 6D1B; 6D1C; 6D1D; 6D1E; 6D1F; 6D1G; 6D1H; 6D1I; 6D1J; 6D1K; 6EFJ; 6EX7; 6IBS; 6IBV; 6MDU; 6MGY; 6MGZ; 6Q2Y; 6Q30; 6RMF,,,,Klebsiella pneumoniae,DB04272
10403,Dihydrofolate reductase,DHFR,,,P00378,DYR_CHICK,1DR1; 1DR2; 1DR3; 1DR4; 1DR5; 1DR6; 1DR7; 8DFR,,,,Gallus gallus,DB03904
10143,Sodium-coupled neutral amino acid symporter 1,SLC38A1,,,Q9H2H9,S38A1_HUMAN,,SLC38A1,,HGNC:13447,Humans,DB00174
10146,Sodium-coupled neutral amino acid symporter 2,SLC38A2,,,Q96QD8,S38A2_HUMAN,,SLC38A2,,HGNC:13448,Humans,DB00174
285,Sodium-coupled neutral amino acid transporter 3,SLC38A3,10242111,AF244548,Q99624,S38A3_HUMAN,,SLC38A3,SLC38A3,HGNC:18044,Humans,DB00174
10406,Sodium-coupled neutral amino acid transporter 4,SLC38A4,,,Q969I6,S38A4_HUMAN,,SLC38A4,,HGNC:14679,Humans,DB00174
4844,5'-AMP-activated protein kinase subunit gamma-1,PRKAG1,,,P54619,AAKG1_HUMAN,2UV4; 2UV5; 2UV6; 2UV7; 4CFE; 4CFF; 4RER; 4REW; 4ZHX; 5EZV; 5ISO; 6B1U; 6B2E; 6C9F; 6C9G; 6C9H; 6C9J; 7JHG; 7JHH; 7JIJ; 7M74; 7MYJ; 8BIK,PRKAG1,,HGNC:9385,Humans,DB00914
218,Calcium-transporting ATPase type 2C member 1,ATP2C1,6715131,AF181120,P98194,AT2C1_HUMAN,7YAG; 7YAH; 7YAI; 7YAJ; 7YAM; 8IWP; 8IWR; 8IWS; 8IWT; 8IWU; 8IWW,ATP2C1,ATP2C1,HGNC:13211,Humans,DB01189; DB01236
10424,Calcium-transporting ATPase type 2C member 2,ATP2C2,,,O75185,AT2C2_HUMAN,,ATP2C2,,HGNC:29103,Humans,DB01189; DB01236
10388,Plasma membrane calcium-transporting ATPase 1,ATP2B1,,,P20020,AT2B1_HUMAN,6A69,ATP2B1,,HGNC:814,Humans,DB01189; DB01236
10391,Plasma membrane calcium-transporting ATPase 2,ATP2B2,,,Q01814,AT2B2_HUMAN,,ATP2B2,,HGNC:815,Humans,DB01189; DB01236
10394,Plasma membrane calcium-transporting ATPase 3,ATP2B3,,,Q16720,AT2B3_HUMAN,,ATP2B3,,HGNC:816,Humans,DB01189; DB01236
10397,Plasma membrane calcium-transporting ATPase 4,ATP2B4,,,P23634,AT2B4_HUMAN,1CFF; 2KNE,ATP2B4,,HGNC:817,Humans,DB01189; DB01236
3888,Sarcoplasmic/endoplasmic reticulum calcium ATPase 1,ATP2A1,158256064,AK291314,O14983,AT2A1_HUMAN,,ATP2A1,,HGNC:811,Humans,DB01189; DB01236
3477,Sarcoplasmic/endoplasmic reticulum calcium ATPase 2,ATP2A2,306850,M23114,P16615,AT2A2_HUMAN,5ZTF; 6JJU; 6LLE; 6LLY; 6LN5; 6LN6; 6LN7; 6LN8; 6LN9; 7BT2; 7E7S; 7W7T; 7W7U; 7W7V; 7W7W,ATP2A2,,HGNC:812,Humans,DB01189; DB01236
10437,DNA (cytosine-5)-methyltransferase 3B,DNMT3B,,,Q9UBC3,DNM3B_HUMAN,3FLG; 3QKJ; 5CIU; 5NR3; 5NRR; 5NRS; 5NRV; 5NV0; 5NV2; 5NV7; 5NVO; 6KDA; 6KDB; 6KDL; 6KDP; 6KDT; 6PA7; 6R3E; 6U8P; 6U8V; 6U8W; 6U8X; 6U90; 6U91; 7O45; 7V0E; 7X9D; 8EIH; 8EII; 8EIJ; 8EIK,DNMT3B,,HGNC:2979,Humans,DB11672
10441,Tumor necrosis factor receptor superfamily member 17,TNFRSF17,,,Q02223,TNR17_HUMAN,1OQD; 1XU2; 2KN1; 4ZFO; 6J7W; 8HXQ; 8HXR; 8QY9; 8QYA; 8QYB,TNFRSF17,,HGNC:11913,Humans,DB15395; DB15719; DB16655; DB16665; DB16738
10456,Replicase polyprotein 1ab,rep,,,P0DTD1,R1AB_SARS2,5R7Y; 5R7Z; 5R80; 5R81; 5R82; 5R83; 5R84; 5R8T; 5RE4; 5RE5; 5RE6; 5RE7; 5RE8; 5RE9; 5REA; 5REB; 5REC; 5RED; 5REE; 5REF; 5REG; 5REH; 5REI; 5REJ; 5REK; 5REL; 5REM; 5REN; 5REO; 5REP; 5RER; 5RES; 5RET; 5REU; 5REV; 5REW; 5REX; 5REY; 5REZ; 5RF0; 5RF1; 5RF2; 5RF3; 5RF4; 5RF5; 5RF6; 5RF7; 5RF8; 5RF9; 5RFA; 5RFB; 5RFC; 5RFD; 5RFE; 5RFF; 5RFG; 5RFH; 5RFI; 5RFJ; 5RFK; 5RFL; 5RFM; 5RFN; 5RFO; 5RFP; 5RFQ; 5RFR; 5RFS; 5RFT; 5RFU; 5RFV; 5RFW; 5RFX; 5RFY; 5RFZ; 5RG0; 5RG1; 5RG2; 5RG3; 5RGG; 5RGH; 5RGI; 5RGJ; 5RGK; 5RGL; 5RGM; 5RGN; 5RGO; 5RGP; 5RGQ; 5RGR; 5RGS; 6LU7; 6LZE; 6M03; 6M0K; 6M2N; 6M2Q; 6M71; 6VWW; 6VXS; 6W01; 6W02; 6W4B; 6W4H; 6W61; 6W63; 6W6Y; 6W75; 6W9C; 6W9Q; 6WCF; 6WEN; 6WEY; 6WIQ; 6WJT; 6WKQ; 6WKS; 6WLC; 6WNP; 6WOJ; 6WQ3; 6WQD; 6WQF; 6WRH; 6WRZ; 6WTC; 6WTJ; 6WTK; 6WTM; 6WTT; 6WUU; 6WVN; 6WX4; 6WXC; 6WXD; 6Y2E; 6Y2F; 6Y2G; 6Y84; 6YB7; 6YNQ; 6YT8; 6YVA; 6YVF; 6YWK; 6YWL; 6YWM; 6YZ1; 6YZ6; 7BQY; 7BRO; 7BRP; 7BRR; 7BTF; 7BUY; 7BV1; 7BV2,,,,SARS-CoV-2,DB14761; DB16691
10481,Spike glycoprotein,S,,,P0DTC2,SPIKE_SARS2,6LVN; 6LXT; 6LZG; 6M0J; 6M17; 6M1V; 6VSB; 6VW1; 6VXX; 6VYB; 6W41; 6WPS; 6WPT; 6X29; 6X2A; 6X2B; 6X2C; 6X6P; 6XC2; 6XC3; 6XC4; 6XC7; 6XCM; 6XCN; 6XDG; 6XE1; 6XEY; 6XKL; 6XR8; 6XRA; 6XS6; 6YLA; 6YM0; 6YOR; 6YZ5; 6YZ7; 6Z2M; 6Z43; 6ZCZ; 6ZDH; 6ZER; 6ZFO; 6ZGE; 6ZGG; 6ZGI; 6ZOX; 6ZOY; 6ZOZ; 6ZP0; 6ZP1; 6ZP2; 7BWJ; 7BYR; 7BZ5; 7C01; 7C2L; 7C8V; 7C8W; 7CAN,,,,SARS-CoV-2,DB15718; DB15940; DB15941; DB16355; DB16393; DB16394; DB16405
10485,Envelope glycoprotein,GP,,,Q05320,VGP_EBOZM,2EBO; 2RLJ; 3CSY; 5FHC; 5HJ3; 5JQ3; 5JQ7; 5JQB; 5KEL; 5KEM; 5KEN; 6EA7; 6EAY; 6F5U; 6F6I; 6F6N; 6F6S; 6G95; 6G9B; 6G9I; 6HRO; 6HS4; 6OZ9; 6QD7; 6QD8,,,,Zaire ebolavirus (strain Mayinga-76),DB15898; DB15899; DB15900; DB16385
2815,Immunoglobulin heavy constant gamma 1,IGHG1,,,P01857,IGHG1_HUMAN,1AJ7; 1AQK; 1AXS; 1BEY; 1D5B; 1D5I; 1D6V; 1DFB; 1DN2; 1E4K; 1FC1; 1FC2; 1FCC; 1GAF; 1H3T; 1H3U; 1H3V; 1H3W; 1H3X; 1H3Y; 1HKL; 1HZH; 1I7Z; 1L6X; 1N7M; 1OQO; 1OQX; 1PG7; 1T83; 1T89; 1VGE; 2DTS; 2GJ7; 2I5Y; 2IWG; 2J6E; 2JB5; 2JB6; 2O5X; 2O5Y; 2O5Z; 2OSL; 2QAD; 2QL1; 2QQK; 2QQL; 2QQN; 2QR0; 2R56; 2RCS; 2VXQ; 2WAH; 3AGV; 3AVE; 3AY4; 3B2U; 3B2V; 3BDY; 3BE1; 3BKY; 3BN9; 3BQU; 3C08; 3C09; 3C2S; 3CFJ; 3CFK; 3CSY; 3D0L; 3D0V; 3D6G; 3D85; 3DJ9; 3DNK; 3DO3; 3DRO; 3DRQ; 3DVG; 3DVN; 3EYF; 3EYO; 3EYQ; 3FJT; 3MCL; 3O11; 3RY6; 3S7G; 3SGJ; 3SGK; 3TV3; 3TWC; 3TYG; 3U0W; 3U7W; 3U7Y; 3V7M; 3V8C; 3V95; 3WJJ; 3WJL; 3WKN; 3WN5; 4ACP; 4B7I; 4BM7; 4BSV; 4BSW; 4BYH; 4CDH; 4D9Q; 4D9R; 4DAG; 4DZ8; 4EOW; 4HIX; 4J12; 4KU1; 4LLD; 4LLM; 4LLQ; 4N0U; 4NQS; 4NQT; 4NQU; 4NWT; 4NWU; 4O4Y; 4O51; 4Q6Y; 4Q74; 4Q7D; 4W4N; 4W4O; 4WI2; 4WI3; 4WI4; 4WI5; 4WI6; 4WI7; 4WI8; 4WI9; 4X4M; 4X98; 4X99; 4XMP; 4XNY; 4XNZ; 4XXD; 4ZNE; 5BW7; 5C7K; 5D4Q; 5D6D; 5DI8; 5DJ0; 5DJ2; 5DJ6; 5DJ8; 5DJA; 5DJC; 5DJD; 5DJX; 5DJY; 5DJZ; 5DK0; 5DK2; 5DVK; 5DVL; 5DVM; 5DVN; 5DVO; 5GSQ; 5HSF; 5HY9; 5HYE; 5HYF; 5HYI; 5IQ7; 5IQ9; 5IW3; 5IW6; 5JIH; 5JII; 5JIK; 5K33; 5K64; 5K65; 5K8D; 5KWG; 5M3V; 5TPS; 5U4Y; 5U52; 5U66; 5V43; 5V4E; 6DCV; 6DCW; 6DE7; 6F2Z; 6G1E; 6N35; 6YT7; 7KWO; 7LUR; 7Q15; 7Q3P; 7WSO; 8DIN; 8DIR; 8DJ7,IGHG1,IGHG1,HGNC:5525,,DB15258
3805,Immunoglobulin heavy constant gamma 2,IGHG2,,AL928742,P01859,IGHG2_HUMAN,2QSC; 4HAF; 4HAG; 4L4J; 7LUS,IGHG2,,HGNC:5526,,DB15258
10491,Immunoglobulin heavy constant gamma 3,IGHG3,,,P01860,IGHG3_HUMAN,4WWI; 4ZNC; 5M3V; 5W38; 6D58; 6G1E,IGHG3,,HGNC:5527,,DB15258
5014,Immunoglobulin heavy constant gamma 4,IGHG4,,,P01861,IGHG4_HUMAN,1ADQ; 1BBJ; 2FL5; 3EO1; 4B53; 4C54; 4C55; 4D2N; 5HVW; 5LG1; 5W5M; 5W5N; 6WIB; 6WMH; 6WNA; 6WOL,IGHG4,,HGNC:5528,,DB15258
10495,Angiopoietin-2,ANGPT2,,,O15123,ANGP2_HUMAN,1Z3S; 1Z3U; 2GY7; 4JZC; 4ZFG,ANGPT2,,HGNC:485,Humans,DB15303
10498,Guanylate cyclase soluble subunit beta-1,GUCY1B1,,,Q02153,GCYB1_HUMAN,2WZ1; 3UVJ; 4NI2; 5MNW; 6JT0; 6JT1; 6JT2; 7D9R; 7D9S; 7D9T; 7D9U; 8HBE; 8HBF; 8HBH,GUCY1B1,,HGNC:4687,Humans,DB00325; DB00435; DB00727; DB15456
10523,Angiopoietin-related protein 3,ANGPTL3,,,Q9Y5C1,ANGL3_HUMAN,6EUA,ANGPTL3,,HGNC:491,Humans,DB15354
10563,Lymphatic vessel endothelial hyaluronic acid receptor 1,LYVE1,,,Q9Y5Y7,LYVE1_HUMAN,8OS2,LYVE1,,HGNC:14687,Humans,DB08818
732,Sodium/potassium-transporting ATPase subunit alpha-1,ATP1A1,219942,D00099,P05023,AT1A1_HUMAN,7E1Z; 7E20; 7E21,ATP1A1,ATP1A1,HGNC:799,Humans,DB09020
4959,Sodium/potassium-transporting ATPase subunit alpha-2,ATP1A2,,,P50993,AT1A2_HUMAN,,ATP1A2,,HGNC:800,Humans,DB09020
4972,Sodium/potassium-transporting ATPase subunit alpha-3,ATP1A3,,,P13637,AT1A3_HUMAN,8D3U; 8D3V; 8D3W; 8D3X; 8D3Y,ATP1A3,,HGNC:801,Humans,DB09020
4956,Sodium/potassium-transporting ATPase subunit alpha-4,ATP1A4,,,Q13733,AT1A4_HUMAN,,ATP1A4,,HGNC:14073,Humans,DB09020
4919,Sodium/potassium-transporting ATPase subunit beta-1,ATP1B1,,,P05026,AT1B1_HUMAN,7E1Z; 7E20; 7E21; 8D3U; 8D3V; 8D3W; 8D3X; 8D3Y,ATP1B1,,HGNC:804,Humans,DB09020
4943,Sodium/potassium-transporting ATPase subunit beta-2,ATP1B2,,,P14415,AT1B2_HUMAN,,ATP1B2,,HGNC:805,Humans,DB09020
4951,Sodium/potassium-transporting ATPase subunit beta-3,ATP1B3,,,P54709,AT1B3_HUMAN,,ATP1B3,,HGNC:806,Humans,DB09020
229,Sodium/potassium-transporting ATPase subunit gamma,FXYD2,1575004,U50743,P54710,ATNG_HUMAN,2MKV; 7E1Z; 7E20; 7E21,FXYD2,FXYD2,HGNC:4026,Humans,DB09020
10614,Alpha globin,,,,V9H1D9,V9H1D9_HUMAN,,,,,Humans,DB16900
10624,Guanylate cyclase soluble subunit alpha-1,GUCY1A1,,,Q02108,GCYA1_HUMAN,3UVJ; 4NI2; 6JT0; 6JT1; 6JT2; 7D9R; 7D9S; 7D9T; 7D9U; 8HBE; 8HBF; 8HBH,GUCY1A1,,HGNC:4685,Humans,DB00325; DB00435; DB00727
10624,Guanylate cyclase soluble subunit alpha-1,GUCY1A1,,,Q02108,GCYA1_HUMAN,3UVJ; 4NI2; 6JT0; 6JT1; 6JT2; 7D9R; 7D9S; 7D9T; 7D9U; 8HBE; 8HBF; 8HBH,GUCY1A1,,HGNC:4685,Humans,DB09401
3578,Guanylate cyclase soluble subunit alpha-2,GUCY1A2,31671,X63282,P33402,GCYA2_HUMAN,,GUCY1A2,,HGNC:4684,Humans,DB09401
10498,Guanylate cyclase soluble subunit beta-1,GUCY1B1,,,Q02153,GCYB1_HUMAN,2WZ1; 3UVJ; 4NI2; 5MNW; 6JT0; 6JT1; 6JT2; 7D9R; 7D9S; 7D9T; 7D9U; 8HBE; 8HBF; 8HBH,GUCY1B1,,HGNC:4687,Humans,DB09401
10629,Guanylate cyclase soluble subunit beta-2,GUCY1B2,,,O75343,GCYB2_HUMAN,,GUCY1B2,,HGNC:4686,Humans,DB09401
10634,"1,3-beta-glucan synthase component GSC2",GSC2,,,P40989,FKS2_YEAST,,,,,Baker's yeast,DB00362; DB00520; DB01141; DB12471; DB16310
10645,DNA polymerase,POL,,,P0DOO6,DPOL_VARV,,,,,Variola virus,DB12151
17,Prostaglandin G/H synthase 1,PTGS1,387018,M31822,P23219,PGH1_HUMAN,6Y3C,PTGS1,PTGS1,HGNC:9604,Humans,DB00328; DB01250
262,Prostaglandin G/H synthase 2,PTGS2,291988,L15326,P35354,PGH2_HUMAN,5F19; 5F1A; 5IKQ; 5IKR; 5IKT; 5IKV; 5KIR,PTGS2,PTGS2,HGNC:9605,Humans,DB00328; DB01250
10744,C5a anaphylatoxin chemotactic receptor 1,C5AR1,,,P21730,C5AR1_HUMAN,2K3U; 5O9H; 6C1Q; 6C1R; 7Y64; 7Y65; 7Y66; 7Y67; 8GO8; 8GOO; 8HK5; 8I0N; 8I0Z; 8IA2; 8JZZ,C5AR1,,HGNC:1338,Humans,DB15011
10845,Nuclear factor erythroid 2-related factor 2,NFE2L2,,,Q16236,NF2L2_HUMAN,2FLU; 2LZ1; 3ZGC; 4IFL; 5WFV; 6T7V; 7K28; 7K29; 7K2A; 7K2B; 7K2C; 7K2D; 7K2E; 7K2K; 7O7B; 7X5E; 7X5F; 7X5G; 8EJR; 8EJS,NFE2L2,,HGNC:7782,Humans,DB00609; DB04339; DB12513
10850,Dual specificity mitogen-activated protein kinase kinase 4,MAP2K4,,,P45985,MP2K4_HUMAN,3ALN; 3ALO; 3VUT,MAP2K4,,HGNC:6844,Humans,DB11718
661,Interferon alpha/beta receptor 1,IFNAR1,306914,J03171,P17181,INAR1_HUMAN,3S98; 3SE3; 3SE4; 4PO6,IFNAR1,IFNAR1,HGNC:5432,Humans,DB15119
385,Interferon alpha/beta receptor 2,IFNAR2,995300,L42243,P48551,INAR2_HUMAN,1N6U; 1N6V; 2HYM; 2KZ1; 2LAG; 3S8W; 3S9D; 3SE3; 3SE4,IFNAR2,IFNAR2,HGNC:5433,Humans,DB15119
10927,Immunoglobulin heavy constant epsilon,IGHE,,,P01854,IGHE_HUMAN,1F6A; 1FP5; 1G84; 1O0V; 2WQR; 2Y7Q; 3H9Y; 3H9Z; 3HA0; 4EZM; 4GKO; 4GRG; 4GT7; 4J4P; 4KI1; 5ANM; 5HYS; 5LGJ; 5LGK; 5MOI; 5MOJ; 5MOK; 5MOL; 5NQW; 6EYO; 6UQR; 7MXI; 7SHT; 7SHU; 7SHY; 7SHZ; 7SI0; 8C1B; 8C1C; 8Z0T,IGHE,,HGNC:5522,Humans,DB00043
11134,Thymic stromal lymphopoietin,TSLP,,,Q969D9,TSLP_HUMAN,5J11; 5J12; 5J13; 8QFZ,TSLP,,HGNC:30743,Humans,DB15090
11139,IgG receptor FcRn large subunit p51,FCGRT,,,P55899,FCGRN_HUMAN,1EXU; 3M17; 3M1B; 4K71; 4N0F; 4N0U; 5BJT; 5BXF; 5WHK; 6C97; 6C98; 6C99; 6FGB; 6ILM; 6LA6; 6LA7; 6NHA; 6QIO; 6QIP; 6WNA; 6WOL; 7B5F; 7C9V; 7Q15; 7XXA,FCGRT,,HGNC:3621,Humans,DB11608; DB14919; DB15270
11145,Interleukin-17F,IL17F,,,Q96PD4,IL17F_HUMAN,1JPY; 3JVF; 5N92; 5NAN; 6HG4; 6HG9; 6HGO; 6PPG; 8RUU,IL17F,,HGNC:16404,Humans,DB12917
11160,Melanocyte protein PMEL,PMEL,,,P40967,PMEL_HUMAN,1TVB; 1TVH; 3CC5; 4IS6; 5EU3; 5EU4; 5EU5; 5EU6; 6VM7; 6VM8; 6VM9; 6VMA; 6VMC; 7PHR,PMEL,,HGNC:10880,Humans,DB15283
11165,Lymphocyte activation gene 3 protein,LAG3,,,P18627,LAG3_HUMAN,7TZG; 7TZH; 7UM3; 8SO3; 8SR0,LAG3,,HGNC:6476,Humans,DB14851
11200,Interleukin-1 receptor-like 2,IL1RL2,,,Q9HB29,ILRL2_HUMAN,6U6U,IL1RL2,,HGNC:5999,Humans,DB15626
3456,T-cell surface glycoprotein CD3 delta chain,CD3D,,X01451,P04234,CD3D_HUMAN,1XIW; 6JXR; 7FJD; 7FJE; 7FJF; 7PHR; 8ES7; 8ES8; 8ES9; 8JC0; 8JCB; 8WXE; 8WY0; 8WYI; 8YC0; 9CI8; 9CIA,CD3D,CD3D,HGNC:1673,Humans,DB15395; DB16371; DB16655; DB17256
274,T-cell surface glycoprotein CD3 epsilon chain,CD3E,469945,X03884,P07766,CD3E_HUMAN,1A81; 1SY6; 1XIW; 2ROL; 5QU2; 6JXR; 7FJD; 7FJE; 7FJF; 7PHR; 8ES7; 8ES8; 8ES9; 8F0L; 8JC0; 8JCB; 8WXE; 8WY0; 8WYI; 8YC0; 9CI8; 9CIA,CD3E,CD3E,HGNC:1674,Humans,DB15395; DB16371; DB16655; DB17256
3457,T-cell surface glycoprotein CD3 gamma chain,CD3G,,BC113830,P09693,CD3G_HUMAN,1SY6; 6JXR; 7FJD; 7FJE; 7FJF; 7PHR; 7Q5U; 8ES7; 8ES8; 8ES9; 8JC0; 8JCB; 8WXE; 8WY0; 8WYI; 8YC0; 9CI8; 9CIA,CD3G,CD3G,HGNC:1675,Humans,DB15395; DB16371; DB16655; DB17256
3458,T-cell surface glycoprotein CD3 zeta chain,CD247,,BC025703,P20963,CD3Z_HUMAN,1TCE; 1YGR; 2HAC; 2OQ1; 3IK5; 3IOZ; 4XZ1; 6JXR; 7FJD; 7FJE; 7FJF; 7PHR; 8ES7; 8ES8; 8ES9; 8J8I; 8JC0; 8JCB; 8WXE; 8WY0; 8WYI; 8YC0; 9CI8; 9CIA,CD247,CD247,HGNC:1677,Humans,DB15395; DB16371; DB16655; DB17256
11231,Fusion glycoprotein F0,F,,,P03420,FUS_HRSVA,2MDP; 3IXT; 3KPE; 3O41; 3O45; 3RKI; 3RRR; 3RRT; 4CCF; 4JHW; 4MMQ; 4MMR; 4MMS; 4MMT; 4MMU; 4MMV; 4ZYP; 5C69; 5C6B; 5EA3; 5EA4; 5EA5; 5EA6; 5EA7; 5EA8; 5J3D; 5K6B; 5K6C; 5K6F; 5K6G; 5K6H; 5K6I; 5KWW; 5TOJ; 5TOK; 5TPN; 5U68; 5UDC; 5W23; 6APB; 6APD; 6CXC; 6DC3; 6DC5; 6EAD; 6EAE; 6EAF; 6EAG; 6EAH; 6EAI; 6EAJ; 6EAK; 6EAL; 6EAM; 6EAN; 6NTX; 6OE4; 6OE5; 6OJ7; 6OUS; 6VKC; 6VKD; 6VKE; 6W52; 7LUE; 7LVW; 7MMN,,,,Human respiratory syncytial virus A (strain A2),DB06202; DB16258
11236,Fusion glycoprotein F0,F,,,P11209,FUS_HRSVR,1G2C,,,,Human respiratory syncytial virus A (strain RSS-2),DB16258
11242,Tubulin beta chain,,,,Q5UBX3,TBB_TRIRU,,,,,Trichophyton rubrum,DB00400
11254,leucine--tRNA ligase,,,,A0A178ESV1,A0A178ESV1_TRIRU,,,,,Trichophyton rubrum,DB09041
11259,DNA primase small subunit,PRIM1,,,P49642,PRI1_HUMAN,4BPU; 4BPW; 4BPX; 4LIK; 4LIL; 4MHQ; 4RR2; 5EXR; 6R4S; 6R4T; 6R4U; 6R5D; 6R5E; 6RB4; 7OPL; 7U5C; 8B9D; 8D0B; 8D0K; 8D9D; 8QJ7; 8VY3; 9C8V,PRIM1,,HGNC:9369,Humans,DB01280
9158,Tripartite terminase subunit 1,TRM1,,,F5HC79,TRM1_HCMVM,,,,,Human Cytomegalovirus,DB12070
9157,Tripartite terminase subunit 2,TRM2,,,F5HGI9,TRM2_HCMVM,,,,,Human Cytomegalovirus,DB12070
9159,Tripartite terminase subunit 3,TRM3,,,F5HCU8,TRM3_HCMVM,,,,,Human Cytomegalovirus,DB12070
11381,"Gaba-gated chloride channel, putative",8239847,,,E0W492,E0W492_PEDHC,,,,,Pediculus humanus subsp. corporis,DB17992
13,Adenosine receptor A1,ADORA1,256155,S45235,P30542,AA1R_HUMAN,5N2S; 5UEN; 6D9H; 7LD3; 7LD4,ADORA1,ADORA1,HGNC:262,Humans,DB14018
924,Adenosine receptor A2a,ADORA2A,177892,M97370,P29274,AA2AR_HUMAN,2YDO; 2YDV; 3EML; 3PWH; 3QAK; 3REY; 3RFM; 3UZA; 3UZC; 3VG9; 3VGA; 4EIY; 4UG2; 4UHR; 5G53; 5IU4; 5IU7; 5IU8; 5IUA; 5IUB; 5JTB; 5K2A; 5K2B; 5K2C; 5K2D; 5MZJ; 5MZP; 5N2R; 5NLX; 5NM2; 5NM4; 5OLG; 5OLH; 5OLO; 5OLV; 5OLZ; 5OM1; 5OM4; 5UIG; 5UVI; 5VRA; 5WF5; 5WF6; 6AQF; 6GDG; 6GT3; 6JZH; 6LPJ; 6LPK; 6LPL; 6MH8; 6PS7; 6S0L; 6S0Q; 6WQA; 6ZDR; 6ZDV; 7ARO; 7EZC; 7PX4; 7PYR; 7RM5; 7T32; 8A2O; 8A2P; 8C9W; 8CIC; 8CU6; 8CU7; 8DU3; 8GNE; 8GNG; 8JWY; 8JWZ; 8PWN; 8RQQ; 8WDT,ADORA2A,ADORA2A,HGNC:263,Humans,DB14018
241,Adenosine receptor A2b,ADORA2B,178150,M97759,P29275,AA2BR_HUMAN,7XY6; 7XY7; 8HDO; 8HDP,ADORA2B,ADORA2B,HGNC:264,Humans,DB14018
354,Adenosine receptor A3,ADORA3,349449,L20463,P0DMS8,AA3R_HUMAN,8X16; 8X17,ADORA3,ADORA3,HGNC:268,Humans,DB14018
3456,T-cell surface glycoprotein CD3 delta chain,CD3D,,X01451,P04234,CD3D_HUMAN,1XIW; 6JXR; 7FJD; 7FJE; 7FJF; 7PHR; 8ES7; 8ES8; 8ES9; 8JC0; 8JCB; 8WXE; 8WY0; 8WYI; 8YC0; 9CI8; 9CIA,CD3D,CD3D,HGNC:1673,Humans,DB16678
274,T-cell surface glycoprotein CD3 epsilon chain,CD3E,469945,X03884,P07766,CD3E_HUMAN,1A81; 1SY6; 1XIW; 2ROL; 5QU2; 6JXR; 7FJD; 7FJE; 7FJF; 7PHR; 8ES7; 8ES8; 8ES9; 8F0L; 8JC0; 8JCB; 8WXE; 8WY0; 8WYI; 8YC0; 9CI8; 9CIA,CD3E,CD3E,HGNC:1674,Humans,DB16678
3457,T-cell surface glycoprotein CD3 gamma chain,CD3G,,BC113830,P09693,CD3G_HUMAN,1SY6; 6JXR; 7FJD; 7FJE; 7FJF; 7PHR; 7Q5U; 8ES7; 8ES8; 8ES9; 8JC0; 8JCB; 8WXE; 8WY0; 8WYI; 8YC0; 9CI8; 9CIA,CD3G,CD3G,HGNC:1675,Humans,DB16678
3458,T-cell surface glycoprotein CD3 zeta chain,CD247,,BC025703,P20963,CD3Z_HUMAN,1TCE; 1YGR; 2HAC; 2OQ1; 3IK5; 3IOZ; 4XZ1; 6JXR; 7FJD; 7FJE; 7FJF; 7PHR; 8ES7; 8ES8; 8ES9; 8J8I; 8JC0; 8JCB; 8WXE; 8WY0; 8WYI; 8YC0; 9CI8; 9CIA,CD247,CD247,HGNC:1677,Humans,DB16678
11490,G-protein coupled receptor family C group 5 member D,GPRC5D,,,Q9NZD1,GPC5D_HUMAN,8YZK,GPRC5D,,HGNC:13310,Humans,DB16678
12215,Menin,MEN1,,,O00255,MEN1_HUMAN,3U84; 3U85; 3U86; 3U88; 4GPQ; 4GQ3; 4GQ4; 4GQ6; 4I80; 4OG3; 4OG4; 4OG5; 4OG6; 4OG7; 4OG8; 4X5Y; 4X5Z; 5DB0; 5DB1; 5DB2; 5DB3; 5DD9; 5DDA; 5DDB; 5DDC; 5DDD; 5DDE; 5DDF; 6B41; 6BXH; 6BXY; 6BY8; 6E1A; 6O5I; 6OPJ; 6PKC; 6S2K; 6WNH; 7M4T; 7O9T; 7O9X; 7O9Z; 7OA9; 7UJ4; 8E90; 8GPN; 8IG0,MEN1,,HGNC:7010,Humans,DB18515
12490,Tumor necrosis factor ligand superfamily member 10,TNFSF10,,,P50591,TNF10_HUMAN,1D0G; 1D2Q; 1D4V; 1DG6; 1DU3; 4N90; 5CIR,TNFSF10,,HGNC:11925,Humans,DB04743
12575,RAC-gamma serine/threonine-protein kinase,AKT3,,,Q9Y243,AKT3_HUMAN,2X18,AKT3,,HGNC:393,Humans,DB12218
12585,C-X-C chemokine receptor type 2,CXCR2,,,P25025,CXCR2_HUMAN,4Q3H; 5TYT; 6KVA; 6KVF; 6LFM; 6LFO,CXCR2,,HGNC:6027,Humans,DB00257; DB01050
12635,Progonadoliberin-1,GNRH1,,,P01148,GON1_HUMAN,4D5M,GNRH1,,HGNC:4419,Humans,DB00007; DB00014
12705,Tumor necrosis factor receptor superfamily member 16,NGFR,,,P08138,TNR16_HUMAN,2N80; 2N83; 2N97; 3EWV; 5ZGG; 7CSQ; 8X8T,NGFR,,HGNC:7809,Humans,DB13926
12870,Claudin-18,CLDN18,,,P56856,CLD18_HUMAN,,CLDN18,,HGNC:2039,Humans,DB15118
13805,DNA polymerase theta,POLQ,,,O75417,DPOLQ_HUMAN,4X0P; 4X0Q; 5A9F; 5A9J; 5AGA; 6XBU; 7ZUS; 7ZX0; 7ZX1; 8E23; 8E24; 8GD7; 8W0A; 9ASJ; 9ASK; 9ASL; 9BH6; 9BH7; 9BH8; 9BH9; 9BHA; 9BP9; 9BPA; 9C5Q,POLQ,,HGNC:9186,Humans,DB12151
13915,Proto-oncogene c-Rel,REL,,,Q04864,REL_HUMAN,,REL,,HGNC:9954,Humans,DB00795; DB06439; DB13063
13925,Delta-like protein 3,DLL3,,,Q9NYJ7,DLL3_HUMAN,,DLL3,,HGNC:2909,Humans,DB17256
13935,Growth/differentiation factor 11,GDF11,,,O95390,GDF11_HUMAN,5E4G; 5JHW; 5UHM; 6MAC; 7MRZ,GDF11,,HGNC:4216,Humans,DB12118
14425,DNA polymerase subunit gamma-1,POLG,,,P54098,DPOG1_HUMAN,3IKM; 4ZTU; 4ZTZ; 5C51; 5C52; 5C53; 8D33; 8D37; 8D3R; 8D42; 8G5I; 8G5J; 8G5K; 8G5L; 8G5M; 8G5N; 8G5O; 8G5P; 8T7E; 8UDK; 8UDL; 8V54; 8V55; 8V5D; 8V5R,POLG,,HGNC:9179,Humans,DB12151
14430,DNA polymerase subunit gamma-2,POLG2,,,Q9UHN1,DPOG2_HUMAN,2G4C; 3IKL; 3IKM; 4ZTU; 4ZTZ; 5C51; 5C52; 5C53; 8D33; 8D37; 8D3R; 8D42; 8G5I; 8G5J; 8G5K; 8G5L; 8G5M; 8G5N; 8G5O; 8G5P; 8T7E; 8UDK; 8UDL; 8V54; 8V55; 8V5R,POLG2,,HGNC:9180,Humans,DB12151
14802,Presenilin-1,PSEN1,,,P49768,PSN1_HUMAN,2KR6; 4UIS; 5A63; 5FN2; 5FN3; 5FN4; 5FN5; 6IDF; 6IYC; 6LQG; 6LR4; 7C9I; 7D8X; 7Y5T; 8IM7; 8K8E; 8KCO; 8KCP; 8KCS; 8KCT; 8KCU; 8OQY; 8OQZ; 8X52; 8X53; 8X54,PSEN1,,HGNC:9508,Humans,DB12005
14807,Lanosterol 14-alpha demethylase,ERG11,,,P14263,CP51_CANTR,,,,,Candida tropicalis,DB01167
14923,DNA-directed RNA polymerase subunit beta,rpoB,,,P9WGY9,RPOB_MYCTU,4KBJ; 4KBM; 5UH5; 5UH6; 5UH8; 5UH9; 5UHA; 5UHB; 5UHC; 5UHD; 5UHE; 5UHF; 5UHG; 5ZX2; 5ZX3; 6BZO; 6C04; 6C05; 6C06; 6DV9; 6DVB; 6DVC; 6DVD; 6DVE; 6EDT; 6EE8; 6EEC; 6FBV; 6JCX; 6JCY; 6KON; 6KOO; 6KOP; 6KOQ; 6M7J; 6TYE; 6TYF; 6TYG; 6VVX; 6VVY; 6VVZ; 6VW0; 7KIF; 7KIM; 7KIN; 7KUF; 7KUG; 7PP4; 7Q4U; 7Q59; 7RWI; 7U22; 7Z8Q; 7ZF2; 8CWR; 8CWT; 8CYF; 8D5V; 8E74; 8E79; 8E82; 8E8M; 8E95; 8EHQ; 8EJ3; 8EOE; 8EOF; 8EOS; 8EOT; 8EXY; 8HIH,,,,Mycobacterium tuberculosis (strain ATCC 25618 / H37Rv),DB01045; DB11753; DB12466
436,"cGMP-inhibited 3',5'-cyclic phosphodiesterase 3A",PDE3A,38201493,M91667,Q14432,PDE3A_HUMAN,7EG0; 7EG1; 7EG4; 7KWE; 7L27; 7L28; 7L29; 7LRC; 7LRD,PDE3A,PDE3A,HGNC:8778,Humans,DB16157
1223,"cGMP-inhibited 3',5'-cyclic phosphodiesterase 3B",PDE3B,1145302,U38178,Q13370,PDE3B_HUMAN,1SO2; 1SOJ; 8SYC,PDE3B,PDE3B,HGNC:8779,Humans,DB16157
1133,"3',5'-cyclic-AMP phosphodiesterase 4A",PDE4A,347120,L20965,P27815,PDE4A_HUMAN,2QYK; 3I8V; 3TVX,PDE4A,PDE4A,HGNC:8780,Humans,DB16157
487,"3',5'-cyclic-AMP phosphodiesterase 4B",PDE4B,347122,L20966,Q07343,PDE4B_HUMAN,1F0J; 1RO6; 1RO9; 1ROR; 1TB5; 1XLX; 1XLZ; 1XM4; 1XM6; 1XMU; 1XMY; 1XN0; 1XOS; 1XOT; 1Y2H; 1Y2J; 2CHM; 2QYL; 3D3P; 3FRG; 3G45; 3GWT; 3HC8; 3HDZ; 3HMV; 3KKT; 3LY2; 3O0J; 3O56; 3O57; 3W5E; 3WD9; 4KP6; 4MYQ; 4NW7; 4WZI; 4X0F; 5K6J; 5LAQ; 5OHJ; 6BOJ; 8OEG,PDE4B,PDE4B,HGNC:8781,Humans,DB16157
2353,"3',5'-cyclic-AMP phosphodiesterase 4C",PDE4C,727223,Z46632,Q08493,PDE4C_HUMAN,2QYM,PDE4C,PDE4C,HGNC:8782,Humans,DB16157
1287,"3',5'-cyclic-AMP phosphodiesterase 4D",PDE4D,347130,L20970,Q08499,PDE4D_HUMAN,1E9K; 1MKD; 1OYN; 1PTW; 1Q9M; 1TB7; 1TBB; 1XOM; 1XON; 1XOQ; 1XOR; 1Y2B; 1Y2C; 1Y2D; 1Y2E; 1Y2K; 1ZKN; 2FM0; 2FM5; 2PW3; 2QYN; 3G4G; 3G4I; 3G4K; 3G4L; 3G58; 3IAD; 3IAK; 3K4S; 3SL3; 3SL4; 3SL5; 3SL6; 3SL8; 3V9B; 4OGB; 4W1O; 4WCU; 5K1I; 5K32; 5LBO; 5TKB; 5WH5; 5WH6; 5WQA; 6AKR; 6BOJ; 6F6U; 6F8R; 6F8T; 6F8U; 6F8V; 6F8W; 6F8X; 6FDC; 6FDI; 6FE7; 6FEB; 6FET; 6FT0; 6FTA; 6FTW; 6FW3; 6HWO; 6IAG; 6IBF; 6IM6; 6IMB; 6IMD; 6IMI; 6IMO; 6IMR; 6IMT; 6IND; 6INK; 6INM; 6KJZ; 6KK0; 6LRM; 6NJH; 6NJI; 6NJJ; 6RCW; 6ZBA; 7A8Q; 7A9V; 7AAG; 7AB9; 7ABD; 7ABE; 7ABJ; 7AY6; 7B9H; 7CBJ; 7CBQ; 7F2K; 7F2L; 7F2M; 7W4X; 7W4Y; 7XAA; 7XAB; 7XBB; 7YQF; 7YSX; 8K4C; 8K4H; 8W4Q; 8W4R; 8WDN; 8WDO; 8YLC,PDE4D,PDE4D,HGNC:8783,Humans,DB16157
14953,Molybdenum cofactor biosynthesis protein 1,MOCS1,,,Q9NZB8,MOCS1_HUMAN,,MOCS1,,HGNC:7190,Humans,DB16628
14983,Gastric inhibitory polypeptide receptor,GIPR,,,P48546,GIPR_HUMAN,2QKH; 4HJ0; 6DKJ; 7DTY; 7FIN; 7FIY; 7RA3; 7RBT; 7VAB; 8ITL; 8ITM; 8WA3,GIPR,,HGNC:4271,Humans,DB15171
14988,Interleukin-31 receptor subunit alpha,IL31RA,,,Q8NI17,IL31R_HUMAN,,IL31RA,,HGNC:18969,Humans,DB15252
14993,Presenilin-2,PSEN2,,,P49810,PSN2_HUMAN,7Y5X; 7Y5Z,PSEN2,,HGNC:9509,Humans,DB12005
16545,Eukaryotic elongation factor 2 kinase,EEF2K,,,O00418,EF2K_HUMAN,5J8H; 5KS5; 6NX4; 7SHQ; 8FNY; 8FO6; 8GM4; 8GM5,EEF2K,,HGNC:24615,Humans,DB01259
22735,Calmodulin-1,CALM1,,,P0DP23,CALM1_HUMAN,1CDL; 1CLL; 1CTR; 1IWQ; 1J7O; 1J7P; 1K90; 1K93; 1L7Z; 1LVC; 1NKF; 1PK0; 1S26; 1SK6; 1SW8; 1UP5; 1WRZ; 1XFU; 1XFV; 1XFW; 1XFX; 1XFY; 1XFZ; 1Y6W; 1YR5; 1YRT; 1YRU; 1ZOT; 1ZUZ; 2BE6; 2F3Y; 2F3Z; 2HF5; 2I08; 2JZI; 2K0E; 2K0F; 2K0J; 2K61; 2KNE; 2KUG; 2KUH; 2L53; 2L7L; 2LGF; 2LL6; 2LL7; 2LQC; 2LQP; 2LV6; 2M0J; 2M0K; 2M55; 2MG5; 2N27; 2N6A; 2N77; 2N8J; 2R28; 2V01; 2V02; 2VAY; 2W73; 2WEL; 2X0G; 2Y4V; 3BYA; 3DVE; 3DVJ; 3DVK; 3DVM; 3EVV; 3EWT; 3EWV; 3G43; 3HR4; 3J41; 3O77; 3O78; 3OXQ; 3SUI; 3UCT; 3UCW; 3UCY; 4BW7; 4BW8; 4BYF; 4DCK; 4DJC; 4GOW; 4JPZ; 4JQ0; 4L79; 4LZX; 4M1L; 4OVN; 4Q57; 4Q5U; 4UMO; 4UPU; 4V0C; 5COC; 5DBR; 5DOW; 5DSU; 5GGM; 5I0I; 5J03; 5J8H; 5JQA; 5JTH; 5K7L; 5K8Q; 5OEO; 5TP5; 5TP6; 5V02; 5V03; 5V7X; 5WBX; 5WC5; 6B8L; 6B8M; 6B8N; 6B8P; 6B8Q; 6BUT; 6C1D; 6C1G; 6C1H; 6CNM; 6CNN; 6CNO; 6DAD; 6DAE; 6DAF; 6DAH; 6E2F; 6E2G; 6EEB; 6FEG; 6FEH; 6GDK; 6GDL; 6HCS; 6HR1; 6JI8; 6JII; 6JIU; 6JIY; 6JRS; 6JV2; 6K4K; 6K4L; 6K4R; 6M2W; 6M7H; 6MUD; 6MUE; 6N5W; 6O5G; 6OS4; 6PAW; 6PBX; 6PBY; 6TV7; 6U39; 6U3A; 6U3B; 6U3D; 6UZZ; 6V00; 6V01; 6X32; 6X33; 6X35; 6X36; 6XXX; 6XY3; 6XYR; 6Y4P; 6Y94; 6Y95; 6YA9; 6YNS; 6YNU; 6ZBI; 7AUG; 7BF1; 7BF2; 7KL5; 7L8V; 7PSZ; 7PU9; 7SHQ; 7SX3; 7SX4; 7T2Q; 7TCI; 7TCP; 7TZC; 7U9T; 7UA3; 7UA4; 7VMB; 7VUO; 7VUR; 7VUS; 7VUT; 7VUU; 7VVD; 7VVH; 7WJI; 7WR3; 7WR4; 7WR5; 7WZS; 7XN4; 7XN5; 7XN6; 7ZRP; 7ZRQ; 8AHS; 8B6Q; 8BFG; 8DGH; 8DGK; 8DUJ; 8DVE; 8EOW; 8EP0; 8EP1; 8FNY; 8FO6; 8GM4; 8GM5; 8IJK; 8J00; 8J01; 8J02; 8J03; 8J04; 8J05; 8J07; 8JFK; 8ODZ; 8OE0; 8OE4; 8PB1; 8SIK; 8SIM; 8SIN; 8UXL; 8UXM; 8W4U; 8X43; 8XYA; 8XYB,CALM1,,HGNC:1442,Humans,DB00831; DB01218
23385,Calpain-2 catalytic subunit,CAPN2,,,P17655,CAN2_HUMAN,1KFU; 1KFX; 2NQA,CAPN2,,HGNC:1479,Humans,DB04813
25450,DNA polymerase delta catalytic subunit,POLD1,,,P28340,DPOD1_HUMAN,6S1M; 6S1N; 6S1O; 6TNY; 6TNZ,POLD1,,HGNC:9175,Humans,DB12151
26640,Protoporphyrinogen oxidase,PPOX,,,P50336,PPOX_HUMAN,3NKS; 4IVM; 4IVO,PPOX,,HGNC:9280,Humans,DB00855
28790,Retinal guanylyl cyclase 1,GUCY2D,,,Q02846,GUC2D_HUMAN,,GUCY2D,,HGNC:4689,Humans,DB08931; DB15456
28895,Transcription factor RelB,RELB,,,Q01201,RELB_HUMAN,8G8R,RELB,,HGNC:9956,Humans,DB00795; DB06439; DB13063
30000,Hormone-sensitive lipase,LIPE,,,Q05469,LIPS_HUMAN,,LIPE,,HGNC:6621,Humans,DB00676; DB01428
31140,Corticotropin-releasing factor receptor 2,CRHR2,,,Q13324,CRFR2_HUMAN,3N93; 3N95; 3N96; 6PB1; 7TRY; 7TS0,CRHR2,,HGNC:2358,Humans,DB09067
34540,Cyclic nucleotide-gated channel alpha-2,CNGA2,,,Q16280,CNGA2_HUMAN,,CNGA2,,HGNC:2149,Humans,DB04209
35260,Atypical chemokine receptor 1,ACKR1,,,Q16570,ACKR1_HUMAN,4NUU; 4NUV; 7P93; 8A44; 8JPS,ACKR1,,HGNC:4035,Humans,DB00608
41495,DNA polymerase nu,POLN,,,Q7Z5Q5,DPOLN_HUMAN,4XVI; 4XVK; 4XVL; 4XVM,POLN,,HGNC:18870,Humans,DB12151
47585,Gamma-secretase subunit APH-1B,APH1B,,,Q8WW43,APH1B_HUMAN,8OQY; 8OQZ,APH1B,,HGNC:24080,Humans,DB12005
48525,"Carnitine O-palmitoyltransferase 1, muscle isoform",CPT1B,,,Q92523,CPT1B_HUMAN,,CPT1B,,HGNC:2329,Humans,DB00583; DB01074
48795,Nicastrin,NCSTN,,,Q92542,NICA_HUMAN,2N7Q; 2N7R; 4UIS; 5A63; 5FN2; 5FN3; 5FN4; 5FN5; 6IDF; 6IYC; 6LQG; 6LR4; 7C9I; 7D8X; 7Y5T; 7Y5X; 7Y5Z; 8IM7; 8K8E; 8KCO; 8KCP; 8KCS; 8KCT; 8KCU; 8OQY; 8OQZ; 8X52; 8X53; 8X54,NCSTN,,HGNC:17091,Humans,DB12005
51165,Interleukin-17 receptor A,IL17RA,,,Q96F46,I17RA_HUMAN,3JVF; 4HSA; 4NUX; 5N9B; 5NAN; 7UWL; 7UWM; 7UWN; 7ZAN,IL17RA,,HGNC:5985,Humans,DB11776
62100,DNA polymerase delta subunit 4,POLD4,,,Q9HCU8,DPOD4_HUMAN,6HVO; 6S1M; 6S1N; 6S1O; 6TNY; 6TNZ,POLD4,,HGNC:14106,Humans,DB12151
63865,"rRNA methyltransferase 2, mitochondrial",MRM2,,,Q9UI43,MRM2_HUMAN,2NYU; 7O9K; 7O9M; 7ODS,MRM2,,HGNC:16352,Humans,DB12615
22735,Calmodulin-1,CALM1,,,P0DP23,CALM1_HUMAN,1CDL; 1CLL; 1CTR; 1IWQ; 1J7O; 1J7P; 1K90; 1K93; 1L7Z; 1LVC; 1NKF; 1PK0; 1S26; 1SK6; 1SW8; 1UP5; 1WRZ; 1XFU; 1XFV; 1XFW; 1XFX; 1XFY; 1XFZ; 1Y6W; 1YR5; 1YRT; 1YRU; 1ZOT; 1ZUZ; 2BE6; 2F3Y; 2F3Z; 2HF5; 2I08; 2JZI; 2K0E; 2K0F; 2K0J; 2K61; 2KNE; 2KUG; 2KUH; 2L53; 2L7L; 2LGF; 2LL6; 2LL7; 2LQC; 2LQP; 2LV6; 2M0J; 2M0K; 2M55; 2MG5; 2N27; 2N6A; 2N77; 2N8J; 2R28; 2V01; 2V02; 2VAY; 2W73; 2WEL; 2X0G; 2Y4V; 3BYA; 3DVE; 3DVJ; 3DVK; 3DVM; 3EVV; 3EWT; 3EWV; 3G43; 3HR4; 3J41; 3O77; 3O78; 3OXQ; 3SUI; 3UCT; 3UCW; 3UCY; 4BW7; 4BW8; 4BYF; 4DCK; 4DJC; 4GOW; 4JPZ; 4JQ0; 4L79; 4LZX; 4M1L; 4OVN; 4Q57; 4Q5U; 4UMO; 4UPU; 4V0C; 5COC; 5DBR; 5DOW; 5DSU; 5GGM; 5I0I; 5J03; 5J8H; 5JQA; 5JTH; 5K7L; 5K8Q; 5OEO; 5TP5; 5TP6; 5V02; 5V03; 5V7X; 5WBX; 5WC5; 6B8L; 6B8M; 6B8N; 6B8P; 6B8Q; 6BUT; 6C1D; 6C1G; 6C1H; 6CNM; 6CNN; 6CNO; 6DAD; 6DAE; 6DAF; 6DAH; 6E2F; 6E2G; 6EEB; 6FEG; 6FEH; 6GDK; 6GDL; 6HCS; 6HR1; 6JI8; 6JII; 6JIU; 6JIY; 6JRS; 6JV2; 6K4K; 6K4L; 6K4R; 6M2W; 6M7H; 6MUD; 6MUE; 6N5W; 6O5G; 6OS4; 6PAW; 6PBX; 6PBY; 6TV7; 6U39; 6U3A; 6U3B; 6U3D; 6UZZ; 6V00; 6V01; 6X32; 6X33; 6X35; 6X36; 6XXX; 6XY3; 6XYR; 6Y4P; 6Y94; 6Y95; 6YA9; 6YNS; 6YNU; 6ZBI; 7AUG; 7BF1; 7BF2; 7KL5; 7L8V; 7PSZ; 7PU9; 7SHQ; 7SX3; 7SX4; 7T2Q; 7TCI; 7TCP; 7TZC; 7U9T; 7UA3; 7UA4; 7VMB; 7VUO; 7VUR; 7VUS; 7VUT; 7VUU; 7VVD; 7VVH; 7WJI; 7WR3; 7WR4; 7WR5; 7WZS; 7XN4; 7XN5; 7XN6; 7ZRP; 7ZRQ; 8AHS; 8B6Q; 8BFG; 8DGH; 8DGK; 8DUJ; 8DVE; 8EOW; 8EP0; 8EP1; 8FNY; 8FO6; 8GM4; 8GM5; 8IJK; 8J00; 8J01; 8J02; 8J03; 8J04; 8J05; 8J07; 8JFK; 8ODZ; 8OE0; 8OE4; 8PB1; 8SIK; 8SIM; 8SIN; 8UXL; 8UXM; 8W4U; 8X43; 8XYA; 8XYB,CALM1,,HGNC:1442,Humans,DB04825; DB04841
8842,Calmodulin-2,CALM2,,,P0DP24,CALM2_HUMAN,3O77; 3O78; 5COC; 5J03; 5NIN; 5VMS; 5WSU; 5WSV; 6PLM; 6S5T; 6SZ5; 6XXF; 6Y4O; 7MIR; 7MIS; 7PPO; 7PQE; 8K9Z; 8KA0; 8KA1,CALM2,,HGNC:1445,Humans,DB04825; DB04841
8843,Calmodulin-3,CALM3,,,P0DP25,CALM3_HUMAN,5COC; 5J03; 6K67; 7BYL; 7BYM; 7BYN; 7CR3; 7CR4; 7CR7; 7VNP; 7VNQ; 7VNR; 7XNI; 7XNK; 7XNL; 7XNN; 8BD2,CALM3,,HGNC:1449,Humans,DB04825; DB04841
97308,Glutamate-gated chloride channel subunit beta,glc-2,,,Q17328,GLUCB_CAEEL,,,,,Caenorhabditis elegans,DB00602
97313,Glutamate-gated chloride channel alpha,glc-1,,,G5EBR3,GLUCL_CAEEL,3RHW; 3RI5; 3RIA; 3RIF; 4TNV; 4TNW,,,,Caenorhabditis elegans,DB00602
